[{"section":"I-2","term":"annual ordinance of estimates","definition":"\u201cOrdinance of Estimates\u201d and \u201cannual Ordinance of Estimates\u201d shall include supplementary","scope":"section"},{"section":"I-2","term":"charter","definition":"\u201cCharter\u201d means this Charter, composed of Articles I to IX, inclusive, and any amendments and","scope":"section"},{"section":"I-2","term":"city","definition":"\u201cCity\u201d means the Mayor and City Council of Baltimore, the body corporate as established by","scope":"section"},{"section":"I-2","term":"members","definition":"\u201cmembers\u201d in the phrase \u201cof its members\u201d shall mean the","scope":"section"},{"section":"I-2","term":"municipal agency","definition":"\u201cMunicipal agency\u201d shall include all departments, bureaus, boards and commissions and persons","scope":"section"},{"section":"I-2","term":"of its members","definition":"\u201cmembers\u201d in the phrase \u201cof its members\u201d shall mean the","scope":"section"},{"section":"I-2","term":"ordinance of estimates","definition":"\u201cOrdinance of Estimates\u201d and \u201cannual Ordinance of Estimates\u201d shall include supplementary","scope":"section"},{"section":"I-2","term":"person","definition":"\u201cPerson\u201d means any individual, firm, partnership, corporation, company, association, or body","scope":"section"},{"section":"I-2","term":"street","definition":"\u201cStreet\u201d, unless the contrary clearly appears from the context, shall include any public street,","scope":"section"},{"section":"I-2","term":"subject to the authority","definition":"\u201cSubject to the authority\u201d shall mean that the person or body possessed of such authority may","scope":"section"},{"section":"I-2","term":"term of office","definition":"\u201cTerm of office\u201d means the period of time for which any person shall have been elected or","scope":"section"},{"section":"I-2","term":"voter","definition":"\u201cVoter\u201d means any person whose name appears on the election records kept by the Board of","scope":"section"}]