{"section_number":"I-11","section_id":"3","structure_id":"1","catch_line":"Sustainability and related funds.","history":"","full_text":" (a)  Authorization.\n\nBy Ordinance, the Mayor and City Council of Baltimore may establish 1 or more continuing,\nnonlapsing funds for purposes of promoting sustainability, maintaining and establishing parks\nand other open spaces, and cleaning and preserving the natural environment within the City of\nBaltimore, including:\n\n   (1)supporting the activities of a City office of sustainability and of other offices necessary or\nappropriate for these purposes and goals;\n\n   (2)performing educational outreach on these purposes and goals;\n\n   (3)providing assistance by loan, grant, or otherwise to individuals and organizations\nundertaking activities to further these purposes and goals; and\n\n   (4)conducting research to advance theses purposes and goals.\n\n (b)  Revenue sources.\n\nA fund established under this section may comprise:\n\n   (1)money appropriated to the fund  in the annual Ordinances of Estimates; and\n\n   (2)grants or donations made to the fund.\n (c)  Continuing nature of fund.\n\nNotwithstanding any other provision of this Charter, unspent portions of a fund established under\nthis section:\n\n   (1)  remain in the fund, to be used exclusively for their ordained purposes;\n\n   (2)do not revert to the general revenues of the City; and \n\n   (3)their appropriations do not lapse.\n(Res. 10-021, ratified Nov. 2, 2010.)\r\r","ancestry":{"1":{"id":"1","name":"General Provisions","identifier":"I","label":"article","url":"http:\/\/charter.baltimorecode.localhost\/I\/"}},"structure_contents":{"0":{"id":"1","structure_id":"1","section_number":"I-1","catch_line":"Corporate entity.","url":"http:\/\/charter.baltimorecode.localhost\/I-1\/","api_url":"http:\/\/charter.baltimorecode.localhost\/api\/law\/I-1\/"},"1":{"id":"2","structure_id":"1","section_number":"I-10","catch_line":"Affordable housing funds.","url":"http:\/\/charter.baltimorecode.localhost\/I-10\/","api_url":"http:\/\/charter.baltimorecode.localhost\/api\/law\/I-10\/"},"2":{"id":"3","structure_id":"1","section_number":"I-11","catch_line":"Sustainability and related funds.","url":"http:\/\/charter.baltimorecode.localhost\/I-11\/","api_url":"http:\/\/charter.baltimorecode.localhost\/api\/law\/I-11\/"},"3":{"id":"4","structure_id":"1","section_number":"I-12","catch_line":"Special funds for education.","url":"http:\/\/charter.baltimorecode.localhost\/I-12\/","api_url":"http:\/\/charter.baltimorecode.localhost\/api\/law\/I-12\/"},"4":{"id":"5","structure_id":"1","section_number":"I-2","catch_line":"Definitions.","url":"http:\/\/charter.baltimorecode.localhost\/I-2\/","api_url":"http:\/\/charter.baltimorecode.localhost\/api\/law\/I-2\/"},"5":{"id":"6","structure_id":"1","section_number":"I-3","catch_line":"Property rights; trusts; gifts.","url":"http:\/\/charter.baltimorecode.localhost\/I-3\/","api_url":"http:\/\/charter.baltimorecode.localhost\/api\/law\/I-3\/"},"6":{"id":"7","structure_id":"1","section_number":"I-4","catch_line":"Condemnation interests.","url":"http:\/\/charter.baltimorecode.localhost\/I-4\/","api_url":"http:\/\/charter.baltimorecode.localhost\/api\/law\/I-4\/"},"7":{"id":"8","structure_id":"1","section_number":"I-5","catch_line":"Uniform application throughout City; public ways.","url":"http:\/\/charter.baltimorecode.localhost\/I-5\/","api_url":"http:\/\/charter.baltimorecode.localhost\/api\/law\/I-5\/"},"8":{"id":"9","structure_id":"1","section_number":"I-6","catch_line":"Uniform taxation.","url":"http:\/\/charter.baltimorecode.localhost\/I-6\/","api_url":"http:\/\/charter.baltimorecode.localhost\/api\/law\/I-6\/"},"9":{"id":"10","structure_id":"1","section_number":"I-7","catch_line":"Records; reports","url":"http:\/\/charter.baltimorecode.localhost\/I-7\/","api_url":"http:\/\/charter.baltimorecode.localhost\/api\/law\/I-7\/"},"10":{"id":"11","structure_id":"1","section_number":"I-8","catch_line":"Official time.","url":"http:\/\/charter.baltimorecode.localhost\/I-8\/","api_url":"http:\/\/charter.baltimorecode.localhost\/api\/law\/I-8\/"},"11":{"id":"12","structure_id":"1","section_number":"I-9","catch_line":"Inner Harbor Park","url":"http:\/\/charter.baltimorecode.localhost\/I-9\/","api_url":"http:\/\/charter.baltimorecode.localhost\/api\/law\/I-9\/"}},"next_section":{"id":"4","structure_id":"1","section_number":"I-12","catch_line":"Special funds for education.","url":"http:\/\/charter.baltimorecode.localhost\/I-12\/","api_url":"http:\/\/charter.baltimorecode.localhost\/api\/law\/I-12\/"},"references":false,"url":"http:\/\/charter.baltimorecode.localhost\/I-11\/","dublin_core":{"Title":"Sustainability and related funds.","Type":"Text","Format":"text\/html","Identifier":"\u00a7 I-11","Relation":"Baltimore City Charter"},"html":"\n\t\t\t\t\t<section><p><p>(<span class=\"dictionary\"><\/span>a<span class=\"dictionary\"><\/span>)  <span class=\"dictionary\"><\/span>Authorization<span class=\"dictionary\"><\/span>.<\/p>\n<p><span class=\"dictionary\"><\/span>By<span class=\"dictionary\"><\/span> <span class=\"dictionary\"><\/span>Ordinance<span class=\"dictionary\"><\/span>, <span class=\"dictionary\"><\/span>the<span class=\"dictionary\"><\/span> <span class=\"dictionary\"><\/span>Mayor<span class=\"dictionary\"><\/span> <span class=\"dictionary\"><\/span>and<span class=\"dictionary\"><\/span> <span class=\"dictionary\"><\/span>City<span class=\"dictionary\"><\/span> <span class=\"dictionary\"><\/span>Council<span class=\"dictionary\"><\/span> <span class=\"dictionary\"><\/span>of<span class=\"dictionary\"><\/span> <span class=\"dictionary\"><\/span>Baltimore<span class=\"dictionary\"><\/span> <span class=\"dictionary\"><\/span>may<span class=\"dictionary\"><\/span> <span class=\"dictionary\"><\/span>establish<span class=\"dictionary\"><\/span> <span class=\"dictionary\"><\/span>1<span class=\"dictionary\"><\/span> <span class=\"dictionary\"><\/span>or<span class=\"dictionary\"><\/span> <span class=\"dictionary\"><\/span>more<span class=\"dictionary\"><\/span> <span class=\"dictionary\"><\/span>continuing<span class=\"dictionary\"><\/span>,<br \/>\n<span class=\"dictionary\"><\/span>nonlapsing<span class=\"dictionary\"><\/span> <span class=\"dictionary\"><\/span>funds<span class=\"dictionary\"><\/span> <span class=\"dictionary\"><\/span>for<span class=\"dictionary\"><\/span> <span class=\"dictionary\"><\/span>purposes<span class=\"dictionary\"><\/span> <span class=\"dictionary\"><\/span>of<span class=\"dictionary\"><\/span> <span class=\"dictionary\"><\/span>promoting<span class=\"dictionary\"><\/span> <span class=\"dictionary\"><\/span>sustainability<span class=\"dictionary\"><\/span>, <span class=\"dictionary\"><\/span>maintaining<span class=\"dictionary\"><\/span> <span class=\"dictionary\"><\/span>and<span class=\"dictionary\"><\/span> <span class=\"dictionary\"><\/span>establishing<span class=\"dictionary\"><\/span> <span class=\"dictionary\"><\/span>parks<span class=\"dictionary\"><\/span><br \/>\n<span class=\"dictionary\"><\/span>and<span class=\"dictionary\"><\/span> <span class=\"dictionary\"><\/span>other<span class=\"dictionary\"><\/span> <span class=\"dictionary\"><\/span>open<span class=\"dictionary\"><\/span> <span class=\"dictionary\"><\/span>spaces<span class=\"dictionary\"><\/span>, <span class=\"dictionary\"><\/span>and<span class=\"dictionary\"><\/span> <span class=\"dictionary\"><\/span>cleaning<span class=\"dictionary\"><\/span> <span class=\"dictionary\"><\/span>and<span class=\"dictionary\"><\/span> <span class=\"dictionary\"><\/span>preserving<span class=\"dictionary\"><\/span> <span class=\"dictionary\"><\/span>the<span class=\"dictionary\"><\/span> <span class=\"dictionary\"><\/span>natural<span class=\"dictionary\"><\/span> <span class=\"dictionary\"><\/span>environment<span class=\"dictionary\"><\/span> <span class=\"dictionary\"><\/span>within<span class=\"dictionary\"><\/span> <span class=\"dictionary\"><\/span>the<span class=\"dictionary\"><\/span> <span class=\"dictionary\"><\/span>City<span class=\"dictionary\"><\/span> <span class=\"dictionary\"><\/span>of<span class=\"dictionary\"><\/span><br \/>\n<span class=\"dictionary\"><\/span>Baltimore<span class=\"dictionary\"><\/span>, <span class=\"dictionary\"><\/span>including<span class=\"dictionary\"><\/span>:<\/p>\n<p>   (<span class=\"dictionary\"><\/span>1<span class=\"dictionary\"><\/span>)<span class=\"dictionary\"><\/span>supporting<span class=\"dictionary\"><\/span> <span class=\"dictionary\"><\/span>the<span class=\"dictionary\"><\/span> <span class=\"dictionary\"><\/span>activities<span class=\"dictionary\"><\/span> <span class=\"dictionary\"><\/span>of<span class=\"dictionary\"><\/span> <span class=\"dictionary\"><\/span>a<span class=\"dictionary\"><\/span> <span class=\"dictionary\"><\/span>City<span class=\"dictionary\"><\/span> <span class=\"dictionary\"><\/span>office<span class=\"dictionary\"><\/span> <span class=\"dictionary\"><\/span>of<span class=\"dictionary\"><\/span> <span class=\"dictionary\"><\/span>sustainability<span class=\"dictionary\"><\/span> <span class=\"dictionary\"><\/span>and<span class=\"dictionary\"><\/span> <span class=\"dictionary\"><\/span>of<span class=\"dictionary\"><\/span> <span class=\"dictionary\"><\/span>other<span class=\"dictionary\"><\/span> <span class=\"dictionary\"><\/span>offices<span class=\"dictionary\"><\/span> <span class=\"dictionary\"><\/span>necessary<span class=\"dictionary\"><\/span> <span class=\"dictionary\"><\/span>or<span class=\"dictionary\"><\/span><br \/>\n<span class=\"dictionary\"><\/span>appropriate<span class=\"dictionary\"><\/span> <span class=\"dictionary\"><\/span>for<span class=\"dictionary\"><\/span> <span class=\"dictionary\"><\/span>these<span class=\"dictionary\"><\/span> <span class=\"dictionary\"><\/span>purposes<span class=\"dictionary\"><\/span> <span class=\"dictionary\"><\/span>and<span class=\"dictionary\"><\/span> <span class=\"dictionary\"><\/span>goals<span class=\"dictionary\"><\/span>;<\/p>\n<p>   (<span class=\"dictionary\"><\/span>2<span class=\"dictionary\"><\/span>)<span class=\"dictionary\"><\/span>performing<span class=\"dictionary\"><\/span> <span class=\"dictionary\"><\/span>educational<span class=\"dictionary\"><\/span> <span class=\"dictionary\"><\/span>outreach<span class=\"dictionary\"><\/span> <span class=\"dictionary\"><\/span>on<span class=\"dictionary\"><\/span> <span class=\"dictionary\"><\/span>these<span class=\"dictionary\"><\/span> <span class=\"dictionary\"><\/span>purposes<span class=\"dictionary\"><\/span> <span class=\"dictionary\"><\/span>and<span class=\"dictionary\"><\/span> <span class=\"dictionary\"><\/span>goals<span class=\"dictionary\"><\/span>;<\/p>\n<p>   (<span class=\"dictionary\"><\/span>3<span class=\"dictionary\"><\/span>)<span class=\"dictionary\"><\/span>providing<span class=\"dictionary\"><\/span> <span class=\"dictionary\"><\/span>assistance<span class=\"dictionary\"><\/span> <span class=\"dictionary\"><\/span>by<span class=\"dictionary\"><\/span> <span class=\"dictionary\"><\/span>loan<span class=\"dictionary\"><\/span>, <span class=\"dictionary\"><\/span>grant<span class=\"dictionary\"><\/span>, <span class=\"dictionary\"><\/span>or<span class=\"dictionary\"><\/span> <span class=\"dictionary\"><\/span>otherwise<span class=\"dictionary\"><\/span> <span class=\"dictionary\"><\/span>to<span class=\"dictionary\"><\/span> <span class=\"dictionary\"><\/span>individuals<span class=\"dictionary\"><\/span> <span class=\"dictionary\"><\/span>and<span class=\"dictionary\"><\/span> <span class=\"dictionary\"><\/span>organizations<span class=\"dictionary\"><\/span><br \/>\n<span class=\"dictionary\"><\/span>undertaking<span class=\"dictionary\"><\/span> <span class=\"dictionary\"><\/span>activities<span class=\"dictionary\"><\/span> <span class=\"dictionary\"><\/span>to<span class=\"dictionary\"><\/span> <span class=\"dictionary\"><\/span>further<span class=\"dictionary\"><\/span> <span class=\"dictionary\"><\/span>these<span class=\"dictionary\"><\/span> <span class=\"dictionary\"><\/span>purposes<span class=\"dictionary\"><\/span> <span class=\"dictionary\"><\/span>and<span class=\"dictionary\"><\/span> <span class=\"dictionary\"><\/span>goals<span class=\"dictionary\"><\/span>; <span class=\"dictionary\"><\/span>and<span class=\"dictionary\"><\/span><\/p>\n<p>   (<span class=\"dictionary\"><\/span>4<span class=\"dictionary\"><\/span>)<span class=\"dictionary\"><\/span>conducting<span class=\"dictionary\"><\/span> <span class=\"dictionary\"><\/span>research<span class=\"dictionary\"><\/span> <span class=\"dictionary\"><\/span>to<span class=\"dictionary\"><\/span> <span class=\"dictionary\"><\/span>advance<span class=\"dictionary\"><\/span> <span class=\"dictionary\"><\/span>theses<span class=\"dictionary\"><\/span> <span class=\"dictionary\"><\/span>purposes<span class=\"dictionary\"><\/span> <span class=\"dictionary\"><\/span>and<span class=\"dictionary\"><\/span> <span class=\"dictionary\"><\/span>goals<span class=\"dictionary\"><\/span>.<\/p>\n<p> (<span class=\"dictionary\"><\/span>b<span class=\"dictionary\"><\/span>)  <span class=\"dictionary\"><\/span>Revenue<span class=\"dictionary\"><\/span> <span class=\"dictionary\"><\/span>sources<span class=\"dictionary\"><\/span>.<\/p>\n<p><span class=\"dictionary\"><\/span>A<span class=\"dictionary\"><\/span> <span class=\"dictionary\"><\/span>fund<span class=\"dictionary\"><\/span> <span class=\"dictionary\"><\/span>established<span class=\"dictionary\"><\/span> <span class=\"dictionary\"><\/span>under<span class=\"dictionary\"><\/span> <span class=\"dictionary\"><\/span>this<span class=\"dictionary\"><\/span> <span class=\"dictionary\"><\/span>section<span class=\"dictionary\"><\/span> <span class=\"dictionary\"><\/span>may<span class=\"dictionary\"><\/span> <span class=\"dictionary\"><\/span>comprise<span class=\"dictionary\"><\/span>:<\/p>\n<p>   (<span class=\"dictionary\"><\/span>1<span class=\"dictionary\"><\/span>)<span class=\"dictionary\"><\/span>money<span class=\"dictionary\"><\/span> <span class=\"dictionary\"><\/span>appropriated<span class=\"dictionary\"><\/span> <span class=\"dictionary\"><\/span>to<span class=\"dictionary\"><\/span> <span class=\"dictionary\"><\/span>the<span class=\"dictionary\"><\/span> <span class=\"dictionary\"><\/span>fund<span class=\"dictionary\"><\/span>  <span class=\"dictionary\"><\/span>in<span class=\"dictionary\"><\/span> <span class=\"dictionary\"><\/span>the<span class=\"dictionary\"><\/span> <span class=\"dictionary\"><\/span>annual<span class=\"dictionary\"><\/span> <span class=\"dictionary\"><\/span>Ordinances<span class=\"dictionary\"><\/span> <span class=\"dictionary\"><\/span>of<span class=\"dictionary\"><\/span> <span class=\"dictionary\"><\/span>Estimates<span class=\"dictionary\"><\/span>; <span class=\"dictionary\"><\/span>and<span class=\"dictionary\"><\/span><\/p>\n<p>   (<span class=\"dictionary\"><\/span>2<span class=\"dictionary\"><\/span>)<span class=\"dictionary\"><\/span>grants<span class=\"dictionary\"><\/span> <span class=\"dictionary\"><\/span>or<span class=\"dictionary\"><\/span> <span class=\"dictionary\"><\/span>donations<span class=\"dictionary\"><\/span> <span class=\"dictionary\"><\/span>made<span class=\"dictionary\"><\/span> <span class=\"dictionary\"><\/span>to<span class=\"dictionary\"><\/span> <span class=\"dictionary\"><\/span>the<span class=\"dictionary\"><\/span> <span class=\"dictionary\"><\/span>fund<span class=\"dictionary\"><\/span>.<br \/>\n (<span class=\"dictionary\"><\/span>c<span class=\"dictionary\"><\/span>)  <span class=\"dictionary\"><\/span>Continuing<span class=\"dictionary\"><\/span> <span class=\"dictionary\"><\/span>nature<span class=\"dictionary\"><\/span> <span class=\"dictionary\"><\/span>of<span class=\"dictionary\"><\/span> <span class=\"dictionary\"><\/span>fund<span class=\"dictionary\"><\/span>.<\/p>\n<p><span class=\"dictionary\"><\/span>Notwithstanding<span class=\"dictionary\"><\/span> <span class=\"dictionary\"><\/span>any<span class=\"dictionary\"><\/span> <span class=\"dictionary\"><\/span>other<span class=\"dictionary\"><\/span> <span class=\"dictionary\"><\/span>provision<span class=\"dictionary\"><\/span> <span class=\"dictionary\"><\/span>of<span class=\"dictionary\"><\/span> <span class=\"dictionary\"><\/span>this<span class=\"dictionary\"><\/span> <span class=\"dictionary\"><\/span>Charter<span class=\"dictionary\"><\/span>, <span class=\"dictionary\"><\/span>unspent<span class=\"dictionary\"><\/span> <span class=\"dictionary\"><\/span>portions<span class=\"dictionary\"><\/span> <span class=\"dictionary\"><\/span>of<span class=\"dictionary\"><\/span> <span class=\"dictionary\"><\/span>a<span class=\"dictionary\"><\/span> <span class=\"dictionary\"><\/span>fund<span class=\"dictionary\"><\/span> <span class=\"dictionary\"><\/span>established<span class=\"dictionary\"><\/span> <span class=\"dictionary\"><\/span>under<span class=\"dictionary\"><\/span><br \/>\n<span class=\"dictionary\"><\/span>this<span class=\"dictionary\"><\/span> <span class=\"dictionary\"><\/span>section<span class=\"dictionary\"><\/span>:<\/p>\n<p>   (<span class=\"dictionary\"><\/span>1<span class=\"dictionary\"><\/span>)  <span class=\"dictionary\"><\/span>remain<span class=\"dictionary\"><\/span> <span class=\"dictionary\"><\/span>in<span class=\"dictionary\"><\/span> <span class=\"dictionary\"><\/span>the<span class=\"dictionary\"><\/span> <span class=\"dictionary\"><\/span>fund<span class=\"dictionary\"><\/span>, <span class=\"dictionary\"><\/span>to<span class=\"dictionary\"><\/span> <span class=\"dictionary\"><\/span>be<span class=\"dictionary\"><\/span> <span class=\"dictionary\"><\/span>used<span class=\"dictionary\"><\/span> <span class=\"dictionary\"><\/span>exclusively<span class=\"dictionary\"><\/span> <span class=\"dictionary\"><\/span>for<span class=\"dictionary\"><\/span> <span class=\"dictionary\"><\/span>their<span class=\"dictionary\"><\/span> <span class=\"dictionary\"><\/span>ordained<span class=\"dictionary\"><\/span> <span class=\"dictionary\"><\/span>purposes<span class=\"dictionary\"><\/span>;<\/p>\n<p>   (<span class=\"dictionary\"><\/span>2<span class=\"dictionary\"><\/span>)<span class=\"dictionary\"><\/span>do<span class=\"dictionary\"><\/span> <span class=\"dictionary\"><\/span>not<span class=\"dictionary\"><\/span> <span class=\"dictionary\"><\/span>revert<span class=\"dictionary\"><\/span> <span class=\"dictionary\"><\/span>to<span class=\"dictionary\"><\/span> <span class=\"dictionary\"><\/span>the<span class=\"dictionary\"><\/span> <span class=\"dictionary\"><\/span>general<span class=\"dictionary\"><\/span> <span class=\"dictionary\"><\/span>revenues<span class=\"dictionary\"><\/span> <span class=\"dictionary\"><\/span>of<span class=\"dictionary\"><\/span> <span class=\"dictionary\"><\/span>the<span class=\"dictionary\"><\/span> <span class=\"dictionary\"><\/span>City<span class=\"dictionary\"><\/span>; <span class=\"dictionary\"><\/span>and<span class=\"dictionary\"><\/span> <\/p>\n<p>   (<span class=\"dictionary\"><\/span>3<span class=\"dictionary\"><\/span>)<span class=\"dictionary\"><\/span>their<span class=\"dictionary\"><\/span> <span class=\"dictionary\"><\/span>appropriations<span class=\"dictionary\"><\/span> <span class=\"dictionary\"><\/span>do<span class=\"dictionary\"><\/span> <span class=\"dictionary\"><\/span>not<span class=\"dictionary\"><\/span> <span class=\"dictionary\"><\/span>lapse<span class=\"dictionary\"><\/span>.<br \/>\n(<span class=\"dictionary\"><\/span>Res<span class=\"dictionary\"><\/span>. <span class=\"dictionary\"><\/span>10<span class=\"dictionary\"><\/span>-<span class=\"dictionary\"><\/span>021<span class=\"dictionary\"><\/span>, <span class=\"dictionary\"><\/span>ratified<span class=\"dictionary\"><\/span> <span class=\"dictionary\"><\/span>Nov<span class=\"dictionary\"><\/span>. <span class=\"dictionary\"><\/span>2<span class=\"dictionary\"><\/span>, <span class=\"dictionary\"><\/span>2010<span class=\"dictionary\"><\/span>.)<\/p>\n<\/p><\/section>","plain_text":"                              BALTIMORE CITY CHARTER\n\nSUSTAINABILITY AND RELATED FUNDS. (\u00a7 I-11)\n\n(a)  Authorization.\nBy Ordinance, the Mayor and City Council of Baltimore may establish 1 or more\ncontinuing,\nnonlapsing funds for purposes of promoting sustainability, maintaining and\nestablishing parks\nand other open spaces, and cleaning and preserving the natural environment\nwithin the City of\nBaltimore, including:\n   (1)supporting the activities of a City office of sustainability and of other\noffices necessary or\nappropriate for these purposes and goals;\n   (2)performing educational outreach on these purposes and goals;\n   (3)providing assistance by loan, grant, or otherwise to individuals and\norganizations\nundertaking activities to further these purposes and goals; and\n   (4)conducting research to advance theses purposes and goals.\n (b)  Revenue sources.\nA fund established under this section may comprise:\n   (1)money appropriated to the fund  in the annual Ordinances of Estimates; and\n   (2)grants or donations made to the fund.\n (c)  Continuing nature of fund.\nNotwithstanding any other provision of this Charter, unspent portions of a fund\nestablished under\nthis section:\n   (1)  remain in the fund, to be used exclusively for their ordained purposes;\n   (2)do not revert to the general revenues of the City; and \n   (3)their appropriations do not lapse.\n(Res. 10-021, ratified Nov. 2, 2010.)\n","previous_section":{"id":"2","structure_id":"1","section_number":"I-10","catch_line":"Affordable housing funds.","url":"http:\/\/charter.baltimorecode.localhost\/I-10\/","api_url":"http:\/\/charter.baltimorecode.localhost\/api\/law\/I-10\/"},"text":{"0":{"id":"3","text":"(a)  Authorization.\nBy Ordinance, the Mayor and City Council of Baltimore may establish 1 or more continuing,\nnonlapsing funds for purposes of promoting sustainability, maintaining and establishing parks\nand other open spaces, and cleaning and preserving the natural environment within the City of\nBaltimore, including:\n   (1)supporting the activities of a City office of sustainability and of other offices necessary or\nappropriate for these purposes and goals;\n   (2)performing educational outreach on these purposes and goals;\n   (3)providing assistance by loan, grant, or otherwise to individuals and organizations\nundertaking activities to further these purposes and goals; and\n   (4)conducting research to advance theses purposes and goals.\n (b)  Revenue sources.\nA fund established under this section may comprise:\n   (1)money appropriated to the fund  in the annual Ordinances of Estimates; and\n   (2)grants or donations made to the fund.\n (c)  Continuing nature of fund.\nNotwithstanding any other provision of this Charter, unspent portions of a fund established under\nthis section:\n   (1)  remain in the fund, to be used exclusively for their ordained purposes;\n   (2)do not revert to the general revenues of the City; and \n   (3)their appropriations do not lapse.\n(Res. 10-021, ratified Nov. 2, 2010.)\n","type":"section","prefixes":[""],"prefix":"","entire_prefix":"","prefix_anchor":"","level":1}}}