{"section_number":"I-6","section_id":"9","structure_id":"18","catch_line":"Uniform taxation.","history":"","full_text":" The taxes levied by the City with respect to ownership of the same class of property or property\nrights, shall be uniform in rate throughout the entire City.\r\r","ancestry":{"1":{"id":"18","name":"General Provisions","identifier":"I","label":"article","url":"http:\/\/charter.baltimorecode\/I\/"}},"structure_contents":{"0":{"id":"1","structure_id":"18","section_number":"I-1","catch_line":"Corporate entity.","url":"http:\/\/charter.baltimorecode\/I-1\/","api_url":"http:\/\/charter.baltimorecode\/api\/law\/I-1\/"},"1":{"id":"5","structure_id":"18","section_number":"I-2","catch_line":"Definitions.","url":"http:\/\/charter.baltimorecode\/I-2\/","api_url":"http:\/\/charter.baltimorecode\/api\/law\/I-2\/"},"2":{"id":"6","structure_id":"18","section_number":"I-3","catch_line":"Property rights; trusts; gifts.","url":"http:\/\/charter.baltimorecode\/I-3\/","api_url":"http:\/\/charter.baltimorecode\/api\/law\/I-3\/"},"3":{"id":"7","structure_id":"18","section_number":"I-4","catch_line":"Condemnation interests.","url":"http:\/\/charter.baltimorecode\/I-4\/","api_url":"http:\/\/charter.baltimorecode\/api\/law\/I-4\/"},"4":{"id":"8","structure_id":"18","section_number":"I-5","catch_line":"Uniform application throughout City; public ways.","url":"http:\/\/charter.baltimorecode\/I-5\/","api_url":"http:\/\/charter.baltimorecode\/api\/law\/I-5\/"},"5":{"id":"9","structure_id":"18","section_number":"I-6","catch_line":"Uniform taxation.","url":"http:\/\/charter.baltimorecode\/I-6\/","api_url":"http:\/\/charter.baltimorecode\/api\/law\/I-6\/"},"6":{"id":"10","structure_id":"18","section_number":"I-7","catch_line":"Records; reports","url":"http:\/\/charter.baltimorecode\/I-7\/","api_url":"http:\/\/charter.baltimorecode\/api\/law\/I-7\/"},"7":{"id":"11","structure_id":"18","section_number":"I-8","catch_line":"Official time.","url":"http:\/\/charter.baltimorecode\/I-8\/","api_url":"http:\/\/charter.baltimorecode\/api\/law\/I-8\/"},"8":{"id":"12","structure_id":"18","section_number":"I-9","catch_line":"Inner Harbor Park","url":"http:\/\/charter.baltimorecode\/I-9\/","api_url":"http:\/\/charter.baltimorecode\/api\/law\/I-9\/"},"9":{"id":"2","structure_id":"18","section_number":"I-10","catch_line":"Affordable housing funds.","url":"http:\/\/charter.baltimorecode\/I-10\/","api_url":"http:\/\/charter.baltimorecode\/api\/law\/I-10\/"},"10":{"id":"3","structure_id":"18","section_number":"I-11","catch_line":"Sustainability and related funds.","url":"http:\/\/charter.baltimorecode\/I-11\/","api_url":"http:\/\/charter.baltimorecode\/api\/law\/I-11\/"},"11":{"id":"4","structure_id":"18","section_number":"I-12","catch_line":"Special funds for education.","url":"http:\/\/charter.baltimorecode\/I-12\/","api_url":"http:\/\/charter.baltimorecode\/api\/law\/I-12\/"}},"next_section":{"id":"10","structure_id":"18","section_number":"I-7","catch_line":"Records; reports","url":"http:\/\/charter.baltimorecode\/I-7\/","api_url":"http:\/\/charter.baltimorecode\/api\/law\/I-7\/"},"references":false,"url":"http:\/\/charter.baltimorecode\/I-6\/","dublin_core":{"Title":"Uniform taxation.","Type":"Text","Format":"text\/html","Identifier":"\u00a7 I-6","Relation":"Baltimore City Charter"},"html":"\n\t\t\t\t\t<section><p><p><span class=\"dictionary\"><\/span>The<span class=\"dictionary\"><\/span> <span class=\"dictionary\"><\/span>taxes<span class=\"dictionary\"><\/span> <span class=\"dictionary\"><\/span>levied<span class=\"dictionary\"><\/span> <span class=\"dictionary\"><\/span>by<span class=\"dictionary\"><\/span> <span class=\"dictionary\"><\/span>the<span class=\"dictionary\"><\/span> <span class=\"dictionary\"><\/span>City<span class=\"dictionary\"><\/span> <span class=\"dictionary\"><\/span>with<span class=\"dictionary\"><\/span> <span class=\"dictionary\"><\/span>respect<span class=\"dictionary\"><\/span> <span class=\"dictionary\"><\/span>to<span class=\"dictionary\"><\/span> <span class=\"dictionary\"><\/span>ownership<span class=\"dictionary\"><\/span> <span class=\"dictionary\"><\/span>of<span class=\"dictionary\"><\/span> <span class=\"dictionary\"><\/span>the<span class=\"dictionary\"><\/span> <span class=\"dictionary\"><\/span>same<span class=\"dictionary\"><\/span> <span class=\"dictionary\"><\/span>class<span class=\"dictionary\"><\/span> <span class=\"dictionary\"><\/span>of<span class=\"dictionary\"><\/span> <span class=\"dictionary\"><\/span>property<span class=\"dictionary\"><\/span> <span class=\"dictionary\"><\/span>or<span class=\"dictionary\"><\/span> <span class=\"dictionary\"><\/span>property<span class=\"dictionary\"><\/span><br \/>\n<span class=\"dictionary\"><\/span>rights<span class=\"dictionary\"><\/span>, <span class=\"dictionary\"><\/span>shall<span class=\"dictionary\"><\/span> <span class=\"dictionary\"><\/span>be<span class=\"dictionary\"><\/span> <span class=\"dictionary\"><\/span>uniform<span class=\"dictionary\"><\/span> <span class=\"dictionary\"><\/span>in<span class=\"dictionary\"><\/span> <span class=\"dictionary\"><\/span>rate<span class=\"dictionary\"><\/span> <span class=\"dictionary\"><\/span>throughout<span class=\"dictionary\"><\/span> <span class=\"dictionary\"><\/span>the<span class=\"dictionary\"><\/span> <span class=\"dictionary\"><\/span>entire<span class=\"dictionary\"><\/span> <span class=\"dictionary\"><\/span>City<span class=\"dictionary\"><\/span>.<\/p>\n<\/p><\/section>","plain_text":"                              BALTIMORE CITY CHARTER\n\nUNIFORM TAXATION. (\u00a7 I-6)\n\nThe taxes levied by the City with respect to ownership of the same class of\nproperty or property\nrights, shall be uniform in rate throughout the entire City.\n","previous_section":{"id":"8","structure_id":"18","section_number":"I-5","catch_line":"Uniform application throughout City; public ways.","url":"http:\/\/charter.baltimorecode\/I-5\/","api_url":"http:\/\/charter.baltimorecode\/api\/law\/I-5\/"},"text":{"0":{"id":"9","text":"The taxes levied by the City with respect to ownership of the same class of property or property\nrights, shall be uniform in rate throughout the entire City.\n","type":"section","prefixes":[""],"prefix":"","entire_prefix":"","prefix_anchor":"","level":1}}}