{"section_number":"I-7","section_id":"10","structure_id":"1","catch_line":"Records; reports","history":"","full_text":" (a)  Required maintenance; admissibility; public inspection.\n\nA suitable record of all the proceedings, financial transactions and official acts of all municipal\nagencies, shall be kept, and a certified copy of the record, or any part thereof, under the corporate\nseal of the City shall be admissible in evidence in any court of this State as proof of such record,\nor a part thereof.  A record shall be available for public inspection unless otherwise expressly\nordered by the head of the agency or the municipal officer by or on behalf of whom the record is\nkept; and in the event that written demand shall be made for the public disclosure of any matter\ndeemed confidential by the head of an agency or by a municipal officer, the demand shall at once\nbe referred to the Board of Estimates and the Board, after consultation with the City Solicitor as\nto the legal propriety of its action, may order the demanded disclosure to be made in whole or in\npart.\n\n (b)  Microfilm, etc.\n\nThe City may provide by ordinance for the making and keeping of all or some records on\nmicrofilm or by other method of reproduction and, when so made, for the destruction of the\noriginal records.  Any such reproduction or print therefrom shall be in all respects the equivalent\nof the original from which made, and when authenticated as above provided shall be admissible\nin evidence in any court of this State as proof of that record, or part thereof.\n\n (c)  Annual report; other information.\n\nUnless otherwise directed by the Board of Estimates, every municipal agency of the City shall\nprepare annually a written report of its work and proceedings.  A copy of each report shall be\nfiled with the Mayor and a copy shall also be filed with the Department of Legislative Reference;\nadditional copies of each report, or parts thereof, shall be prepared and made available as from\ntime to time may be directed by the Board of Estimates.\n\nUpon request of the Mayor or Board of Estimates every municipal agency shall promptly supply\nthe Mayor or the Board with all requested information with respect to the practice and\nproceedings of the agency; provided, however, that this information need not be given with\nrespect to any undetermined policy or opinion, nor shall the Board of Municipal and Zoning\nAppeals make any disclosure as to any pending appeal other than to furnish a copy of the\ntestimony and papers filed with it pertaining to that appeal.\r\r","ancestry":{"1":{"id":"1","name":"General Provisions","identifier":"I","label":"article","url":"http:\/\/charter.baltimorecode.localhost\/I\/"}},"structure_contents":{"0":{"id":"1","structure_id":"1","section_number":"I-1","catch_line":"Corporate entity.","url":"http:\/\/charter.baltimorecode.localhost\/I-1\/","api_url":"http:\/\/charter.baltimorecode.localhost\/api\/law\/I-1\/"},"1":{"id":"2","structure_id":"1","section_number":"I-10","catch_line":"Affordable housing funds.","url":"http:\/\/charter.baltimorecode.localhost\/I-10\/","api_url":"http:\/\/charter.baltimorecode.localhost\/api\/law\/I-10\/"},"2":{"id":"3","structure_id":"1","section_number":"I-11","catch_line":"Sustainability and related funds.","url":"http:\/\/charter.baltimorecode.localhost\/I-11\/","api_url":"http:\/\/charter.baltimorecode.localhost\/api\/law\/I-11\/"},"3":{"id":"4","structure_id":"1","section_number":"I-12","catch_line":"Special funds for education.","url":"http:\/\/charter.baltimorecode.localhost\/I-12\/","api_url":"http:\/\/charter.baltimorecode.localhost\/api\/law\/I-12\/"},"4":{"id":"5","structure_id":"1","section_number":"I-2","catch_line":"Definitions.","url":"http:\/\/charter.baltimorecode.localhost\/I-2\/","api_url":"http:\/\/charter.baltimorecode.localhost\/api\/law\/I-2\/"},"5":{"id":"6","structure_id":"1","section_number":"I-3","catch_line":"Property rights; trusts; gifts.","url":"http:\/\/charter.baltimorecode.localhost\/I-3\/","api_url":"http:\/\/charter.baltimorecode.localhost\/api\/law\/I-3\/"},"6":{"id":"7","structure_id":"1","section_number":"I-4","catch_line":"Condemnation interests.","url":"http:\/\/charter.baltimorecode.localhost\/I-4\/","api_url":"http:\/\/charter.baltimorecode.localhost\/api\/law\/I-4\/"},"7":{"id":"8","structure_id":"1","section_number":"I-5","catch_line":"Uniform application throughout City; public ways.","url":"http:\/\/charter.baltimorecode.localhost\/I-5\/","api_url":"http:\/\/charter.baltimorecode.localhost\/api\/law\/I-5\/"},"8":{"id":"9","structure_id":"1","section_number":"I-6","catch_line":"Uniform taxation.","url":"http:\/\/charter.baltimorecode.localhost\/I-6\/","api_url":"http:\/\/charter.baltimorecode.localhost\/api\/law\/I-6\/"},"9":{"id":"10","structure_id":"1","section_number":"I-7","catch_line":"Records; reports","url":"http:\/\/charter.baltimorecode.localhost\/I-7\/","api_url":"http:\/\/charter.baltimorecode.localhost\/api\/law\/I-7\/"},"10":{"id":"11","structure_id":"1","section_number":"I-8","catch_line":"Official time.","url":"http:\/\/charter.baltimorecode.localhost\/I-8\/","api_url":"http:\/\/charter.baltimorecode.localhost\/api\/law\/I-8\/"},"11":{"id":"12","structure_id":"1","section_number":"I-9","catch_line":"Inner Harbor Park","url":"http:\/\/charter.baltimorecode.localhost\/I-9\/","api_url":"http:\/\/charter.baltimorecode.localhost\/api\/law\/I-9\/"}},"next_section":{"id":"11","structure_id":"1","section_number":"I-8","catch_line":"Official time.","url":"http:\/\/charter.baltimorecode.localhost\/I-8\/","api_url":"http:\/\/charter.baltimorecode.localhost\/api\/law\/I-8\/"},"references":false,"url":"http:\/\/charter.baltimorecode.localhost\/I-7\/","dublin_core":{"Title":"Records; reports","Type":"Text","Format":"text\/html","Identifier":"\u00a7 I-7","Relation":"Baltimore City Charter"},"html":"\n\t\t\t\t\t<section><p><p>(<span class=\"dictionary\"><\/span>a<span class=\"dictionary\"><\/span>)  <span class=\"dictionary\"><\/span>Required<span class=\"dictionary\"><\/span> <span class=\"dictionary\"><\/span>maintenance<span class=\"dictionary\"><\/span>; <span class=\"dictionary\"><\/span>admissibility<span class=\"dictionary\"><\/span>; <span class=\"dictionary\"><\/span>public<span class=\"dictionary\"><\/span> <span class=\"dictionary\"><\/span>inspection<span class=\"dictionary\"><\/span>.<\/p>\n<p><span class=\"dictionary\"><\/span>A<span class=\"dictionary\"><\/span> <span class=\"dictionary\"><\/span>suitable<span class=\"dictionary\"><\/span> <span class=\"dictionary\"><\/span>record<span class=\"dictionary\"><\/span> <span class=\"dictionary\"><\/span>of<span class=\"dictionary\"><\/span> <span class=\"dictionary\"><\/span>all<span class=\"dictionary\"><\/span> <span class=\"dictionary\"><\/span>the<span class=\"dictionary\"><\/span> <span class=\"dictionary\"><\/span>proceedings<span class=\"dictionary\"><\/span>, <span class=\"dictionary\"><\/span>financial<span class=\"dictionary\"><\/span> <span class=\"dictionary\"><\/span>transactions<span class=\"dictionary\"><\/span> <span class=\"dictionary\"><\/span>and<span class=\"dictionary\"><\/span> <span class=\"dictionary\"><\/span>official<span class=\"dictionary\"><\/span> <span class=\"dictionary\"><\/span>acts<span class=\"dictionary\"><\/span> <span class=\"dictionary\"><\/span>of<span class=\"dictionary\"><\/span> <span class=\"dictionary\"><\/span>all<span class=\"dictionary\"><\/span> <span class=\"dictionary\"><\/span>municipal<span class=\"dictionary\"><\/span><br \/>\n<span class=\"dictionary\"><\/span>agencies<span class=\"dictionary\"><\/span>, <span class=\"dictionary\"><\/span>shall<span class=\"dictionary\"><\/span> <span class=\"dictionary\"><\/span>be<span class=\"dictionary\"><\/span> <span class=\"dictionary\"><\/span>kept<span class=\"dictionary\"><\/span>, <span class=\"dictionary\"><\/span>and<span class=\"dictionary\"><\/span> <span class=\"dictionary\"><\/span>a<span class=\"dictionary\"><\/span> <span class=\"dictionary\"><\/span>certified<span class=\"dictionary\"><\/span> <span class=\"dictionary\"><\/span>copy<span class=\"dictionary\"><\/span> <span class=\"dictionary\"><\/span>of<span class=\"dictionary\"><\/span> <span class=\"dictionary\"><\/span>the<span class=\"dictionary\"><\/span> <span class=\"dictionary\"><\/span>record<span class=\"dictionary\"><\/span>, <span class=\"dictionary\"><\/span>or<span class=\"dictionary\"><\/span> <span class=\"dictionary\"><\/span>any<span class=\"dictionary\"><\/span> <span class=\"dictionary\"><\/span>part<span class=\"dictionary\"><\/span> <span class=\"dictionary\"><\/span>thereof<span class=\"dictionary\"><\/span>, <span class=\"dictionary\"><\/span>under<span class=\"dictionary\"><\/span> <span class=\"dictionary\"><\/span>the<span class=\"dictionary\"><\/span> <span class=\"dictionary\"><\/span>corporate<span class=\"dictionary\"><\/span><br \/>\n<span class=\"dictionary\"><\/span>seal<span class=\"dictionary\"><\/span> <span class=\"dictionary\"><\/span>of<span class=\"dictionary\"><\/span> <span class=\"dictionary\"><\/span>the<span class=\"dictionary\"><\/span> <span class=\"dictionary\"><\/span>City<span class=\"dictionary\"><\/span> <span class=\"dictionary\"><\/span>shall<span class=\"dictionary\"><\/span> <span class=\"dictionary\"><\/span>be<span class=\"dictionary\"><\/span> <span class=\"dictionary\"><\/span>admissible<span class=\"dictionary\"><\/span> <span class=\"dictionary\"><\/span>in<span class=\"dictionary\"><\/span> <span class=\"dictionary\"><\/span>evidence<span class=\"dictionary\"><\/span> <span class=\"dictionary\"><\/span>in<span class=\"dictionary\"><\/span> <span class=\"dictionary\"><\/span>any<span class=\"dictionary\"><\/span> <span class=\"dictionary\"><\/span>court<span class=\"dictionary\"><\/span> <span class=\"dictionary\"><\/span>of<span class=\"dictionary\"><\/span> <span class=\"dictionary\"><\/span>this<span class=\"dictionary\"><\/span> <span class=\"dictionary\"><\/span>State<span class=\"dictionary\"><\/span> <span class=\"dictionary\"><\/span>as<span class=\"dictionary\"><\/span> <span class=\"dictionary\"><\/span>proof<span class=\"dictionary\"><\/span> <span class=\"dictionary\"><\/span>of<span class=\"dictionary\"><\/span> <span class=\"dictionary\"><\/span>such<span class=\"dictionary\"><\/span> <span class=\"dictionary\"><\/span>record<span class=\"dictionary\"><\/span>,<br \/>\n<span class=\"dictionary\"><\/span>or<span class=\"dictionary\"><\/span> <span class=\"dictionary\"><\/span>a<span class=\"dictionary\"><\/span> <span class=\"dictionary\"><\/span>part<span class=\"dictionary\"><\/span> <span class=\"dictionary\"><\/span>thereof<span class=\"dictionary\"><\/span>.  <span class=\"dictionary\"><\/span>A<span class=\"dictionary\"><\/span> <span class=\"dictionary\"><\/span>record<span class=\"dictionary\"><\/span> <span class=\"dictionary\"><\/span>shall<span class=\"dictionary\"><\/span> <span class=\"dictionary\"><\/span>be<span class=\"dictionary\"><\/span> <span class=\"dictionary\"><\/span>available<span class=\"dictionary\"><\/span> <span class=\"dictionary\"><\/span>for<span class=\"dictionary\"><\/span> <span class=\"dictionary\"><\/span>public<span class=\"dictionary\"><\/span> <span class=\"dictionary\"><\/span>inspection<span class=\"dictionary\"><\/span> <span class=\"dictionary\"><\/span>unless<span class=\"dictionary\"><\/span> <span class=\"dictionary\"><\/span>otherwise<span class=\"dictionary\"><\/span> <span class=\"dictionary\"><\/span>expressly<span class=\"dictionary\"><\/span><br \/>\n<span class=\"dictionary\"><\/span>ordered<span class=\"dictionary\"><\/span> <span class=\"dictionary\"><\/span>by<span class=\"dictionary\"><\/span> <span class=\"dictionary\"><\/span>the<span class=\"dictionary\"><\/span> <span class=\"dictionary\"><\/span>head<span class=\"dictionary\"><\/span> <span class=\"dictionary\"><\/span>of<span class=\"dictionary\"><\/span> <span class=\"dictionary\"><\/span>the<span class=\"dictionary\"><\/span> <span class=\"dictionary\"><\/span>agency<span class=\"dictionary\"><\/span> <span class=\"dictionary\"><\/span>or<span class=\"dictionary\"><\/span> <span class=\"dictionary\"><\/span>the<span class=\"dictionary\"><\/span> <span class=\"dictionary\"><\/span>municipal<span class=\"dictionary\"><\/span> <span class=\"dictionary\"><\/span>officer<span class=\"dictionary\"><\/span> <span class=\"dictionary\"><\/span>by<span class=\"dictionary\"><\/span> <span class=\"dictionary\"><\/span>or<span class=\"dictionary\"><\/span> <span class=\"dictionary\"><\/span>on<span class=\"dictionary\"><\/span> <span class=\"dictionary\"><\/span>behalf<span class=\"dictionary\"><\/span> <span class=\"dictionary\"><\/span>of<span class=\"dictionary\"><\/span> <span class=\"dictionary\"><\/span>whom<span class=\"dictionary\"><\/span> <span class=\"dictionary\"><\/span>the<span class=\"dictionary\"><\/span> <span class=\"dictionary\"><\/span>record<span class=\"dictionary\"><\/span> <span class=\"dictionary\"><\/span>is<span class=\"dictionary\"><\/span><br \/>\n<span class=\"dictionary\"><\/span>kept<span class=\"dictionary\"><\/span>; <span class=\"dictionary\"><\/span>and<span class=\"dictionary\"><\/span> <span class=\"dictionary\"><\/span>in<span class=\"dictionary\"><\/span> <span class=\"dictionary\"><\/span>the<span class=\"dictionary\"><\/span> <span class=\"dictionary\"><\/span>event<span class=\"dictionary\"><\/span> <span class=\"dictionary\"><\/span>that<span class=\"dictionary\"><\/span> <span class=\"dictionary\"><\/span>written<span class=\"dictionary\"><\/span> <span class=\"dictionary\"><\/span>demand<span class=\"dictionary\"><\/span> <span class=\"dictionary\"><\/span>shall<span class=\"dictionary\"><\/span> <span class=\"dictionary\"><\/span>be<span class=\"dictionary\"><\/span> <span class=\"dictionary\"><\/span>made<span class=\"dictionary\"><\/span> <span class=\"dictionary\"><\/span>for<span class=\"dictionary\"><\/span> <span class=\"dictionary\"><\/span>the<span class=\"dictionary\"><\/span> <span class=\"dictionary\"><\/span>public<span class=\"dictionary\"><\/span> <span class=\"dictionary\"><\/span>disclosure<span class=\"dictionary\"><\/span> <span class=\"dictionary\"><\/span>of<span class=\"dictionary\"><\/span> <span class=\"dictionary\"><\/span>any<span class=\"dictionary\"><\/span> <span class=\"dictionary\"><\/span>matter<span class=\"dictionary\"><\/span><br \/>\n<span class=\"dictionary\"><\/span>deemed<span class=\"dictionary\"><\/span> <span class=\"dictionary\"><\/span>confidential<span class=\"dictionary\"><\/span> <span class=\"dictionary\"><\/span>by<span class=\"dictionary\"><\/span> <span class=\"dictionary\"><\/span>the<span class=\"dictionary\"><\/span> <span class=\"dictionary\"><\/span>head<span class=\"dictionary\"><\/span> <span class=\"dictionary\"><\/span>of<span class=\"dictionary\"><\/span> <span class=\"dictionary\"><\/span>an<span class=\"dictionary\"><\/span> <span class=\"dictionary\"><\/span>agency<span class=\"dictionary\"><\/span> <span class=\"dictionary\"><\/span>or<span class=\"dictionary\"><\/span> <span class=\"dictionary\"><\/span>by<span class=\"dictionary\"><\/span> <span class=\"dictionary\"><\/span>a<span class=\"dictionary\"><\/span> <span class=\"dictionary\"><\/span>municipal<span class=\"dictionary\"><\/span> <span class=\"dictionary\"><\/span>officer<span class=\"dictionary\"><\/span>, <span class=\"dictionary\"><\/span>the<span class=\"dictionary\"><\/span> <span class=\"dictionary\"><\/span>demand<span class=\"dictionary\"><\/span> <span class=\"dictionary\"><\/span>shall<span class=\"dictionary\"><\/span> <span class=\"dictionary\"><\/span>at<span class=\"dictionary\"><\/span> <span class=\"dictionary\"><\/span>once<span class=\"dictionary\"><\/span><br \/>\n<span class=\"dictionary\"><\/span>be<span class=\"dictionary\"><\/span> <span class=\"dictionary\"><\/span>referred<span class=\"dictionary\"><\/span> <span class=\"dictionary\"><\/span>to<span class=\"dictionary\"><\/span> <span class=\"dictionary\"><\/span>the<span class=\"dictionary\"><\/span> <span class=\"dictionary\"><\/span>Board<span class=\"dictionary\"><\/span> <span class=\"dictionary\"><\/span>of<span class=\"dictionary\"><\/span> <span class=\"dictionary\"><\/span>Estimates<span class=\"dictionary\"><\/span> <span class=\"dictionary\"><\/span>and<span class=\"dictionary\"><\/span> <span class=\"dictionary\"><\/span>the<span class=\"dictionary\"><\/span> <span class=\"dictionary\"><\/span>Board<span class=\"dictionary\"><\/span>, <span class=\"dictionary\"><\/span>after<span class=\"dictionary\"><\/span> <span class=\"dictionary\"><\/span>consultation<span class=\"dictionary\"><\/span> <span class=\"dictionary\"><\/span>with<span class=\"dictionary\"><\/span> <span class=\"dictionary\"><\/span>the<span class=\"dictionary\"><\/span> <span class=\"dictionary\"><\/span>City<span class=\"dictionary\"><\/span> <span class=\"dictionary\"><\/span>Solicitor<span class=\"dictionary\"><\/span> <span class=\"dictionary\"><\/span>as<span class=\"dictionary\"><\/span><br \/>\n<span class=\"dictionary\"><\/span>to<span class=\"dictionary\"><\/span> <span class=\"dictionary\"><\/span>the<span class=\"dictionary\"><\/span> <span class=\"dictionary\"><\/span>legal<span class=\"dictionary\"><\/span> <span class=\"dictionary\"><\/span>propriety<span class=\"dictionary\"><\/span> <span class=\"dictionary\"><\/span>of<span class=\"dictionary\"><\/span> <span class=\"dictionary\"><\/span>its<span class=\"dictionary\"><\/span> <span class=\"dictionary\"><\/span>action<span class=\"dictionary\"><\/span>, <span class=\"dictionary\"><\/span>may<span class=\"dictionary\"><\/span> <span class=\"dictionary\"><\/span>order<span class=\"dictionary\"><\/span> <span class=\"dictionary\"><\/span>the<span class=\"dictionary\"><\/span> <span class=\"dictionary\"><\/span>demanded<span class=\"dictionary\"><\/span> <span class=\"dictionary\"><\/span>disclosure<span class=\"dictionary\"><\/span> <span class=\"dictionary\"><\/span>to<span class=\"dictionary\"><\/span> <span class=\"dictionary\"><\/span>be<span class=\"dictionary\"><\/span> <span class=\"dictionary\"><\/span>made<span class=\"dictionary\"><\/span> <span class=\"dictionary\"><\/span>in<span class=\"dictionary\"><\/span> <span class=\"dictionary\"><\/span>whole<span class=\"dictionary\"><\/span> <span class=\"dictionary\"><\/span>or<span class=\"dictionary\"><\/span> <span class=\"dictionary\"><\/span>in<span class=\"dictionary\"><\/span><br \/>\n<span class=\"dictionary\"><\/span>part<span class=\"dictionary\"><\/span>.<\/p>\n<p> (<span class=\"dictionary\"><\/span>b<span class=\"dictionary\"><\/span>)  <span class=\"dictionary\"><\/span>Microfilm<span class=\"dictionary\"><\/span>, <span class=\"dictionary\"><\/span>etc<span class=\"dictionary\"><\/span>.<\/p>\n<p><span class=\"dictionary\"><\/span>The<span class=\"dictionary\"><\/span> <span class=\"dictionary\"><\/span>City<span class=\"dictionary\"><\/span> <span class=\"dictionary\"><\/span>may<span class=\"dictionary\"><\/span> <span class=\"dictionary\"><\/span>provide<span class=\"dictionary\"><\/span> <span class=\"dictionary\"><\/span>by<span class=\"dictionary\"><\/span> <span class=\"dictionary\"><\/span>ordinance<span class=\"dictionary\"><\/span> <span class=\"dictionary\"><\/span>for<span class=\"dictionary\"><\/span> <span class=\"dictionary\"><\/span>the<span class=\"dictionary\"><\/span> <span class=\"dictionary\"><\/span>making<span class=\"dictionary\"><\/span> <span class=\"dictionary\"><\/span>and<span class=\"dictionary\"><\/span> <span class=\"dictionary\"><\/span>keeping<span class=\"dictionary\"><\/span> <span class=\"dictionary\"><\/span>of<span class=\"dictionary\"><\/span> <span class=\"dictionary\"><\/span>all<span class=\"dictionary\"><\/span> <span class=\"dictionary\"><\/span>or<span class=\"dictionary\"><\/span> <span class=\"dictionary\"><\/span>some<span class=\"dictionary\"><\/span> <span class=\"dictionary\"><\/span>records<span class=\"dictionary\"><\/span> <span class=\"dictionary\"><\/span>on<span class=\"dictionary\"><\/span><br \/>\n<span class=\"dictionary\"><\/span>microfilm<span class=\"dictionary\"><\/span> <span class=\"dictionary\"><\/span>or<span class=\"dictionary\"><\/span> <span class=\"dictionary\"><\/span>by<span class=\"dictionary\"><\/span> <span class=\"dictionary\"><\/span>other<span class=\"dictionary\"><\/span> <span class=\"dictionary\"><\/span>method<span class=\"dictionary\"><\/span> <span class=\"dictionary\"><\/span>of<span class=\"dictionary\"><\/span> <span class=\"dictionary\"><\/span>reproduction<span class=\"dictionary\"><\/span> <span class=\"dictionary\"><\/span>and<span class=\"dictionary\"><\/span>, <span class=\"dictionary\"><\/span>when<span class=\"dictionary\"><\/span> <span class=\"dictionary\"><\/span>so<span class=\"dictionary\"><\/span> <span class=\"dictionary\"><\/span>made<span class=\"dictionary\"><\/span>, <span class=\"dictionary\"><\/span>for<span class=\"dictionary\"><\/span> <span class=\"dictionary\"><\/span>the<span class=\"dictionary\"><\/span> <span class=\"dictionary\"><\/span>destruction<span class=\"dictionary\"><\/span> <span class=\"dictionary\"><\/span>of<span class=\"dictionary\"><\/span> <span class=\"dictionary\"><\/span>the<span class=\"dictionary\"><\/span><br \/>\n<span class=\"dictionary\"><\/span>original<span class=\"dictionary\"><\/span> <span class=\"dictionary\"><\/span>records<span class=\"dictionary\"><\/span>.  <span class=\"dictionary\"><\/span>Any<span class=\"dictionary\"><\/span> <span class=\"dictionary\"><\/span>such<span class=\"dictionary\"><\/span> <span class=\"dictionary\"><\/span>reproduction<span class=\"dictionary\"><\/span> <span class=\"dictionary\"><\/span>or<span class=\"dictionary\"><\/span> <span class=\"dictionary\"><\/span>print<span class=\"dictionary\"><\/span> <span class=\"dictionary\"><\/span>therefrom<span class=\"dictionary\"><\/span> <span class=\"dictionary\"><\/span>shall<span class=\"dictionary\"><\/span> <span class=\"dictionary\"><\/span>be<span class=\"dictionary\"><\/span> <span class=\"dictionary\"><\/span>in<span class=\"dictionary\"><\/span> <span class=\"dictionary\"><\/span>all<span class=\"dictionary\"><\/span> <span class=\"dictionary\"><\/span>respects<span class=\"dictionary\"><\/span> <span class=\"dictionary\"><\/span>the<span class=\"dictionary\"><\/span> <span class=\"dictionary\"><\/span>equivalent<span class=\"dictionary\"><\/span><br \/>\n<span class=\"dictionary\"><\/span>of<span class=\"dictionary\"><\/span> <span class=\"dictionary\"><\/span>the<span class=\"dictionary\"><\/span> <span class=\"dictionary\"><\/span>original<span class=\"dictionary\"><\/span> <span class=\"dictionary\"><\/span>from<span class=\"dictionary\"><\/span> <span class=\"dictionary\"><\/span>which<span class=\"dictionary\"><\/span> <span class=\"dictionary\"><\/span>made<span class=\"dictionary\"><\/span>, <span class=\"dictionary\"><\/span>and<span class=\"dictionary\"><\/span> <span class=\"dictionary\"><\/span>when<span class=\"dictionary\"><\/span> <span class=\"dictionary\"><\/span>authenticated<span class=\"dictionary\"><\/span> <span class=\"dictionary\"><\/span>as<span class=\"dictionary\"><\/span> <span class=\"dictionary\"><\/span>above<span class=\"dictionary\"><\/span> <span class=\"dictionary\"><\/span>provided<span class=\"dictionary\"><\/span> <span class=\"dictionary\"><\/span>shall<span class=\"dictionary\"><\/span> <span class=\"dictionary\"><\/span>be<span class=\"dictionary\"><\/span> <span class=\"dictionary\"><\/span>admissible<span class=\"dictionary\"><\/span><br \/>\n<span class=\"dictionary\"><\/span>in<span class=\"dictionary\"><\/span> <span class=\"dictionary\"><\/span>evidence<span class=\"dictionary\"><\/span> <span class=\"dictionary\"><\/span>in<span class=\"dictionary\"><\/span> <span class=\"dictionary\"><\/span>any<span class=\"dictionary\"><\/span> <span class=\"dictionary\"><\/span>court<span class=\"dictionary\"><\/span> <span class=\"dictionary\"><\/span>of<span class=\"dictionary\"><\/span> <span class=\"dictionary\"><\/span>this<span class=\"dictionary\"><\/span> <span class=\"dictionary\"><\/span>State<span class=\"dictionary\"><\/span> <span class=\"dictionary\"><\/span>as<span class=\"dictionary\"><\/span> <span class=\"dictionary\"><\/span>proof<span class=\"dictionary\"><\/span> <span class=\"dictionary\"><\/span>of<span class=\"dictionary\"><\/span> <span class=\"dictionary\"><\/span>that<span class=\"dictionary\"><\/span> <span class=\"dictionary\"><\/span>record<span class=\"dictionary\"><\/span>, <span class=\"dictionary\"><\/span>or<span class=\"dictionary\"><\/span> <span class=\"dictionary\"><\/span>part<span class=\"dictionary\"><\/span> <span class=\"dictionary\"><\/span>thereof<span class=\"dictionary\"><\/span>.<\/p>\n<p> (<span class=\"dictionary\"><\/span>c<span class=\"dictionary\"><\/span>)  <span class=\"dictionary\"><\/span>Annual<span class=\"dictionary\"><\/span> <span class=\"dictionary\"><\/span>report<span class=\"dictionary\"><\/span>; <span class=\"dictionary\"><\/span>other<span class=\"dictionary\"><\/span> <span class=\"dictionary\"><\/span>information<span class=\"dictionary\"><\/span>.<\/p>\n<p><span class=\"dictionary\"><\/span>Unless<span class=\"dictionary\"><\/span> <span class=\"dictionary\"><\/span>otherwise<span class=\"dictionary\"><\/span> <span class=\"dictionary\"><\/span>directed<span class=\"dictionary\"><\/span> <span class=\"dictionary\"><\/span>by<span class=\"dictionary\"><\/span> <span class=\"dictionary\"><\/span>the<span class=\"dictionary\"><\/span> <span class=\"dictionary\"><\/span>Board<span class=\"dictionary\"><\/span> <span class=\"dictionary\"><\/span>of<span class=\"dictionary\"><\/span> <span class=\"dictionary\"><\/span>Estimates<span class=\"dictionary\"><\/span>, <span class=\"dictionary\"><\/span>every<span class=\"dictionary\"><\/span> <span class=\"dictionary\"><\/span>municipal<span class=\"dictionary\"><\/span> <span class=\"dictionary\"><\/span>agency<span class=\"dictionary\"><\/span> <span class=\"dictionary\"><\/span>of<span class=\"dictionary\"><\/span> <span class=\"dictionary\"><\/span>the<span class=\"dictionary\"><\/span> <span class=\"dictionary\"><\/span>City<span class=\"dictionary\"><\/span> <span class=\"dictionary\"><\/span>shall<span class=\"dictionary\"><\/span><br \/>\n<span class=\"dictionary\"><\/span>prepare<span class=\"dictionary\"><\/span> <span class=\"dictionary\"><\/span>annually<span class=\"dictionary\"><\/span> <span class=\"dictionary\"><\/span>a<span class=\"dictionary\"><\/span> <span class=\"dictionary\"><\/span>written<span class=\"dictionary\"><\/span> <span class=\"dictionary\"><\/span>report<span class=\"dictionary\"><\/span> <span class=\"dictionary\"><\/span>of<span class=\"dictionary\"><\/span> <span class=\"dictionary\"><\/span>its<span class=\"dictionary\"><\/span> <span class=\"dictionary\"><\/span>work<span class=\"dictionary\"><\/span> <span class=\"dictionary\"><\/span>and<span class=\"dictionary\"><\/span> <span class=\"dictionary\"><\/span>proceedings<span class=\"dictionary\"><\/span>.  <span class=\"dictionary\"><\/span>A<span class=\"dictionary\"><\/span> <span class=\"dictionary\"><\/span>copy<span class=\"dictionary\"><\/span> <span class=\"dictionary\"><\/span>of<span class=\"dictionary\"><\/span> <span class=\"dictionary\"><\/span>each<span class=\"dictionary\"><\/span> <span class=\"dictionary\"><\/span>report<span class=\"dictionary\"><\/span> <span class=\"dictionary\"><\/span>shall<span class=\"dictionary\"><\/span> <span class=\"dictionary\"><\/span>be<span class=\"dictionary\"><\/span><br \/>\n<span class=\"dictionary\"><\/span>filed<span class=\"dictionary\"><\/span> <span class=\"dictionary\"><\/span>with<span class=\"dictionary\"><\/span> <span class=\"dictionary\"><\/span>the<span class=\"dictionary\"><\/span> <span class=\"dictionary\"><\/span>Mayor<span class=\"dictionary\"><\/span> <span class=\"dictionary\"><\/span>and<span class=\"dictionary\"><\/span> <span class=\"dictionary\"><\/span>a<span class=\"dictionary\"><\/span> <span class=\"dictionary\"><\/span>copy<span class=\"dictionary\"><\/span> <span class=\"dictionary\"><\/span>shall<span class=\"dictionary\"><\/span> <span class=\"dictionary\"><\/span>also<span class=\"dictionary\"><\/span> <span class=\"dictionary\"><\/span>be<span class=\"dictionary\"><\/span> <span class=\"dictionary\"><\/span>filed<span class=\"dictionary\"><\/span> <span class=\"dictionary\"><\/span>with<span class=\"dictionary\"><\/span> <span class=\"dictionary\"><\/span>the<span class=\"dictionary\"><\/span> <span class=\"dictionary\"><\/span>Department<span class=\"dictionary\"><\/span> <span class=\"dictionary\"><\/span>of<span class=\"dictionary\"><\/span> <span class=\"dictionary\"><\/span>Legislative<span class=\"dictionary\"><\/span> <span class=\"dictionary\"><\/span>Reference<span class=\"dictionary\"><\/span>;<br \/>\n<span class=\"dictionary\"><\/span>additional<span class=\"dictionary\"><\/span> <span class=\"dictionary\"><\/span>copies<span class=\"dictionary\"><\/span> <span class=\"dictionary\"><\/span>of<span class=\"dictionary\"><\/span> <span class=\"dictionary\"><\/span>each<span class=\"dictionary\"><\/span> <span class=\"dictionary\"><\/span>report<span class=\"dictionary\"><\/span>, <span class=\"dictionary\"><\/span>or<span class=\"dictionary\"><\/span> <span class=\"dictionary\"><\/span>parts<span class=\"dictionary\"><\/span> <span class=\"dictionary\"><\/span>thereof<span class=\"dictionary\"><\/span>, <span class=\"dictionary\"><\/span>shall<span class=\"dictionary\"><\/span> <span class=\"dictionary\"><\/span>be<span class=\"dictionary\"><\/span> <span class=\"dictionary\"><\/span>prepared<span class=\"dictionary\"><\/span> <span class=\"dictionary\"><\/span>and<span class=\"dictionary\"><\/span> <span class=\"dictionary\"><\/span>made<span class=\"dictionary\"><\/span> <span class=\"dictionary\"><\/span>available<span class=\"dictionary\"><\/span> <span class=\"dictionary\"><\/span>as<span class=\"dictionary\"><\/span> <span class=\"dictionary\"><\/span>from<span class=\"dictionary\"><\/span><br \/>\n<span class=\"dictionary\"><\/span>time<span class=\"dictionary\"><\/span> <span class=\"dictionary\"><\/span>to<span class=\"dictionary\"><\/span> <span class=\"dictionary\"><\/span>time<span class=\"dictionary\"><\/span> <span class=\"dictionary\"><\/span>may<span class=\"dictionary\"><\/span> <span class=\"dictionary\"><\/span>be<span class=\"dictionary\"><\/span> <span class=\"dictionary\"><\/span>directed<span class=\"dictionary\"><\/span> <span class=\"dictionary\"><\/span>by<span class=\"dictionary\"><\/span> <span class=\"dictionary\"><\/span>the<span class=\"dictionary\"><\/span> <span class=\"dictionary\"><\/span>Board<span class=\"dictionary\"><\/span> <span class=\"dictionary\"><\/span>of<span class=\"dictionary\"><\/span> <span class=\"dictionary\"><\/span>Estimates<span class=\"dictionary\"><\/span>.<\/p>\n<p><span class=\"dictionary\"><\/span>Upon<span class=\"dictionary\"><\/span> <span class=\"dictionary\"><\/span>request<span class=\"dictionary\"><\/span> <span class=\"dictionary\"><\/span>of<span class=\"dictionary\"><\/span> <span class=\"dictionary\"><\/span>the<span class=\"dictionary\"><\/span> <span class=\"dictionary\"><\/span>Mayor<span class=\"dictionary\"><\/span> <span class=\"dictionary\"><\/span>or<span class=\"dictionary\"><\/span> <span class=\"dictionary\"><\/span>Board<span class=\"dictionary\"><\/span> <span class=\"dictionary\"><\/span>of<span class=\"dictionary\"><\/span> <span class=\"dictionary\"><\/span>Estimates<span class=\"dictionary\"><\/span> <span class=\"dictionary\"><\/span>every<span class=\"dictionary\"><\/span> <span class=\"dictionary\"><\/span>municipal<span class=\"dictionary\"><\/span> <span class=\"dictionary\"><\/span>agency<span class=\"dictionary\"><\/span> <span class=\"dictionary\"><\/span>shall<span class=\"dictionary\"><\/span> <span class=\"dictionary\"><\/span>promptly<span class=\"dictionary\"><\/span> <span class=\"dictionary\"><\/span>supply<span class=\"dictionary\"><\/span><br \/>\n<span class=\"dictionary\"><\/span>the<span class=\"dictionary\"><\/span> <span class=\"dictionary\"><\/span>Mayor<span class=\"dictionary\"><\/span> <span class=\"dictionary\"><\/span>or<span class=\"dictionary\"><\/span> <span class=\"dictionary\"><\/span>the<span class=\"dictionary\"><\/span> <span class=\"dictionary\"><\/span>Board<span class=\"dictionary\"><\/span> <span class=\"dictionary\"><\/span>with<span class=\"dictionary\"><\/span> <span class=\"dictionary\"><\/span>all<span class=\"dictionary\"><\/span> <span class=\"dictionary\"><\/span>requested<span class=\"dictionary\"><\/span> <span class=\"dictionary\"><\/span>information<span class=\"dictionary\"><\/span> <span class=\"dictionary\"><\/span>with<span class=\"dictionary\"><\/span> <span class=\"dictionary\"><\/span>respect<span class=\"dictionary\"><\/span> <span class=\"dictionary\"><\/span>to<span class=\"dictionary\"><\/span> <span class=\"dictionary\"><\/span>the<span class=\"dictionary\"><\/span> <span class=\"dictionary\"><\/span>practice<span class=\"dictionary\"><\/span> <span class=\"dictionary\"><\/span>and<span class=\"dictionary\"><\/span><br \/>\n<span class=\"dictionary\"><\/span>proceedings<span class=\"dictionary\"><\/span> <span class=\"dictionary\"><\/span>of<span class=\"dictionary\"><\/span> <span class=\"dictionary\"><\/span>the<span class=\"dictionary\"><\/span> <span class=\"dictionary\"><\/span>agency<span class=\"dictionary\"><\/span>; <span class=\"dictionary\"><\/span>provided<span class=\"dictionary\"><\/span>, <span class=\"dictionary\"><\/span>however<span class=\"dictionary\"><\/span>, <span class=\"dictionary\"><\/span>that<span class=\"dictionary\"><\/span> <span class=\"dictionary\"><\/span>this<span class=\"dictionary\"><\/span> <span class=\"dictionary\"><\/span>information<span class=\"dictionary\"><\/span> <span class=\"dictionary\"><\/span>need<span class=\"dictionary\"><\/span> <span class=\"dictionary\"><\/span>not<span class=\"dictionary\"><\/span> <span class=\"dictionary\"><\/span>be<span class=\"dictionary\"><\/span> <span class=\"dictionary\"><\/span>given<span class=\"dictionary\"><\/span> <span class=\"dictionary\"><\/span>with<span class=\"dictionary\"><\/span><br \/>\n<span class=\"dictionary\"><\/span>respect<span class=\"dictionary\"><\/span> <span class=\"dictionary\"><\/span>to<span class=\"dictionary\"><\/span> <span class=\"dictionary\"><\/span>any<span class=\"dictionary\"><\/span> <span class=\"dictionary\"><\/span>undetermined<span class=\"dictionary\"><\/span> <span class=\"dictionary\"><\/span>policy<span class=\"dictionary\"><\/span> <span class=\"dictionary\"><\/span>or<span class=\"dictionary\"><\/span> <span class=\"dictionary\"><\/span>opinion<span class=\"dictionary\"><\/span>, <span class=\"dictionary\"><\/span>nor<span class=\"dictionary\"><\/span> <span class=\"dictionary\"><\/span>shall<span class=\"dictionary\"><\/span> <span class=\"dictionary\"><\/span>the<span class=\"dictionary\"><\/span> <span class=\"dictionary\"><\/span>Board<span class=\"dictionary\"><\/span> <span class=\"dictionary\"><\/span>of<span class=\"dictionary\"><\/span> <span class=\"dictionary\"><\/span>Municipal<span class=\"dictionary\"><\/span> <span class=\"dictionary\"><\/span>and<span class=\"dictionary\"><\/span> <span class=\"dictionary\"><\/span>Zoning<span class=\"dictionary\"><\/span><br \/>\n<span class=\"dictionary\"><\/span>Appeals<span class=\"dictionary\"><\/span> <span class=\"dictionary\"><\/span>make<span class=\"dictionary\"><\/span> <span class=\"dictionary\"><\/span>any<span class=\"dictionary\"><\/span> <span class=\"dictionary\"><\/span>disclosure<span class=\"dictionary\"><\/span> <span class=\"dictionary\"><\/span>as<span class=\"dictionary\"><\/span> <span class=\"dictionary\"><\/span>to<span class=\"dictionary\"><\/span> <span class=\"dictionary\"><\/span>any<span class=\"dictionary\"><\/span> <span class=\"dictionary\"><\/span>pending<span class=\"dictionary\"><\/span> <span class=\"dictionary\"><\/span>appeal<span class=\"dictionary\"><\/span> <span class=\"dictionary\"><\/span>other<span class=\"dictionary\"><\/span> <span class=\"dictionary\"><\/span>than<span class=\"dictionary\"><\/span> <span class=\"dictionary\"><\/span>to<span class=\"dictionary\"><\/span> <span class=\"dictionary\"><\/span>furnish<span class=\"dictionary\"><\/span> <span class=\"dictionary\"><\/span>a<span class=\"dictionary\"><\/span> <span class=\"dictionary\"><\/span>copy<span class=\"dictionary\"><\/span> <span class=\"dictionary\"><\/span>of<span class=\"dictionary\"><\/span> <span class=\"dictionary\"><\/span>the<span class=\"dictionary\"><\/span><br \/>\n<span class=\"dictionary\"><\/span>testimony<span class=\"dictionary\"><\/span> <span class=\"dictionary\"><\/span>and<span class=\"dictionary\"><\/span> <span class=\"dictionary\"><\/span>papers<span class=\"dictionary\"><\/span> <span class=\"dictionary\"><\/span>filed<span class=\"dictionary\"><\/span> <span class=\"dictionary\"><\/span>with<span class=\"dictionary\"><\/span> <span class=\"dictionary\"><\/span>it<span class=\"dictionary\"><\/span> <span class=\"dictionary\"><\/span>pertaining<span class=\"dictionary\"><\/span> <span class=\"dictionary\"><\/span>to<span class=\"dictionary\"><\/span> <span class=\"dictionary\"><\/span>that<span class=\"dictionary\"><\/span> <span class=\"dictionary\"><\/span>appeal<span class=\"dictionary\"><\/span>.<\/p>\n<\/p><\/section>","plain_text":"                              BALTIMORE CITY CHARTER\n\nRECORDS; REPORTS (\u00a7 I-7)\n\n(a)  Required maintenance; admissibility; public inspection.\nA suitable record of all the proceedings, financial transactions and official\nacts of all municipal\nagencies, shall be kept, and a certified copy of the record, or any part\nthereof, under the corporate\nseal of the City shall be admissible in evidence in any court of this State as\nproof of such record,\nor a part thereof.  A record shall be available for public inspection unless\notherwise expressly\nordered by the head of the agency or the municipal officer by or on behalf of\nwhom the record is\nkept; and in the event that written demand shall be made for the public\ndisclosure of any matter\ndeemed confidential by the head of an agency or by a municipal officer, the\ndemand shall at once\nbe referred to the Board of Estimates and the Board, after consultation with the\nCity Solicitor as\nto the legal propriety of its action, may order the demanded disclosure to be\nmade in whole or in\npart.\n (b)  Microfilm, etc.\nThe City may provide by ordinance for the making and keeping of all or some\nrecords on\nmicrofilm or by other method of reproduction and, when so made, for the\ndestruction of the\noriginal records.  Any such reproduction or print therefrom shall be in all\nrespects the equivalent\nof the original from which made, and when authenticated as above provided shall\nbe admissible\nin evidence in any court of this State as proof of that record, or part thereof.\n (c)  Annual report; other information.\nUnless otherwise directed by the Board of Estimates, every municipal agency of\nthe City shall\nprepare annually a written report of its work and proceedings.  A copy of each\nreport shall be\nfiled with the Mayor and a copy shall also be filed with the Department of\nLegislative Reference;\nadditional copies of each report, or parts thereof, shall be prepared and made\navailable as from\ntime to time may be directed by the Board of Estimates.\nUpon request of the Mayor or Board of Estimates every municipal agency shall\npromptly supply\nthe Mayor or the Board with all requested information with respect to the\npractice and\nproceedings of the agency; provided, however, that this information need not be\ngiven with\nrespect to any undetermined policy or opinion, nor shall the Board of Municipal\nand Zoning\nAppeals make any disclosure as to any pending appeal other than to furnish a\ncopy of the\ntestimony and papers filed with it pertaining to that appeal.\n","previous_section":{"id":"9","structure_id":"1","section_number":"I-6","catch_line":"Uniform taxation.","url":"http:\/\/charter.baltimorecode.localhost\/I-6\/","api_url":"http:\/\/charter.baltimorecode.localhost\/api\/law\/I-6\/"},"text":{"0":{"id":"10","text":"(a)  Required maintenance; admissibility; public inspection.\nA suitable record of all the proceedings, financial transactions and official acts of all municipal\nagencies, shall be kept, and a certified copy of the record, or any part thereof, under the corporate\nseal of the City shall be admissible in evidence in any court of this State as proof of such record,\nor a part thereof.  A record shall be available for public inspection unless otherwise expressly\nordered by the head of the agency or the municipal officer by or on behalf of whom the record is\nkept; and in the event that written demand shall be made for the public disclosure of any matter\ndeemed confidential by the head of an agency or by a municipal officer, the demand shall at once\nbe referred to the Board of Estimates and the Board, after consultation with the City Solicitor as\nto the legal propriety of its action, may order the demanded disclosure to be made in whole or in\npart.\n (b)  Microfilm, etc.\nThe City may provide by ordinance for the making and keeping of all or some records on\nmicrofilm or by other method of reproduction and, when so made, for the destruction of the\noriginal records.  Any such reproduction or print therefrom shall be in all respects the equivalent\nof the original from which made, and when authenticated as above provided shall be admissible\nin evidence in any court of this State as proof of that record, or part thereof.\n (c)  Annual report; other information.\nUnless otherwise directed by the Board of Estimates, every municipal agency of the City shall\nprepare annually a written report of its work and proceedings.  A copy of each report shall be\nfiled with the Mayor and a copy shall also be filed with the Department of Legislative Reference;\nadditional copies of each report, or parts thereof, shall be prepared and made available as from\ntime to time may be directed by the Board of Estimates.\nUpon request of the Mayor or Board of Estimates every municipal agency shall promptly supply\nthe Mayor or the Board with all requested information with respect to the practice and\nproceedings of the agency; provided, however, that this information need not be given with\nrespect to any undetermined policy or opinion, nor shall the Board of Municipal and Zoning\nAppeals make any disclosure as to any pending appeal other than to furnish a copy of the\ntestimony and papers filed with it pertaining to that appeal.\n","type":"section","prefixes":[""],"prefix":"","entire_prefix":"","prefix_anchor":"","level":1}}}