{"section_number":"I-9","section_id":"12","structure_id":"1","catch_line":"Inner Harbor Park","history":"","full_text":" There is hereby dedicated to public park uses for the benefit of this and future generations of the City\nof Baltimore and the State of Maryland the portion of the City that lies along the north, west and\nsouth shores of the Inner Harbor, south of Pratt Street to the water\u2019s edge, east of Light Street to the\nwater\u2019s edge and north of Key Highway to the water\u2019s edge, from the World Trade Center around the\nshoreline of the Inner Harbor to and including Rash Field, except that, in order to provide eating\nplaces and other commercial uses, areas totalling not more than 3.2 acres plus access thereto, within\nthe dedicated space and north of an easterly extension of the south side of Conway Street shall be set\naside for such purposes; and except that an area of not more than 3.4 acres shall be set aside for use\nby the Maryland Science Center, plus access thereto.\r\r","ancestry":{"1":{"id":"1","name":"General Provisions","identifier":"I","label":"article","url":"http:\/\/charter.baltimorecode.localhost\/I\/"}},"structure_contents":{"0":{"id":"1","structure_id":"1","section_number":"I-1","catch_line":"Corporate entity.","url":"http:\/\/charter.baltimorecode.localhost\/I-1\/","api_url":"http:\/\/charter.baltimorecode.localhost\/api\/law\/I-1\/"},"1":{"id":"2","structure_id":"1","section_number":"I-10","catch_line":"Affordable housing funds.","url":"http:\/\/charter.baltimorecode.localhost\/I-10\/","api_url":"http:\/\/charter.baltimorecode.localhost\/api\/law\/I-10\/"},"2":{"id":"3","structure_id":"1","section_number":"I-11","catch_line":"Sustainability and related funds.","url":"http:\/\/charter.baltimorecode.localhost\/I-11\/","api_url":"http:\/\/charter.baltimorecode.localhost\/api\/law\/I-11\/"},"3":{"id":"4","structure_id":"1","section_number":"I-12","catch_line":"Special funds for education.","url":"http:\/\/charter.baltimorecode.localhost\/I-12\/","api_url":"http:\/\/charter.baltimorecode.localhost\/api\/law\/I-12\/"},"4":{"id":"5","structure_id":"1","section_number":"I-2","catch_line":"Definitions.","url":"http:\/\/charter.baltimorecode.localhost\/I-2\/","api_url":"http:\/\/charter.baltimorecode.localhost\/api\/law\/I-2\/"},"5":{"id":"6","structure_id":"1","section_number":"I-3","catch_line":"Property rights; trusts; gifts.","url":"http:\/\/charter.baltimorecode.localhost\/I-3\/","api_url":"http:\/\/charter.baltimorecode.localhost\/api\/law\/I-3\/"},"6":{"id":"7","structure_id":"1","section_number":"I-4","catch_line":"Condemnation interests.","url":"http:\/\/charter.baltimorecode.localhost\/I-4\/","api_url":"http:\/\/charter.baltimorecode.localhost\/api\/law\/I-4\/"},"7":{"id":"8","structure_id":"1","section_number":"I-5","catch_line":"Uniform application throughout City; public ways.","url":"http:\/\/charter.baltimorecode.localhost\/I-5\/","api_url":"http:\/\/charter.baltimorecode.localhost\/api\/law\/I-5\/"},"8":{"id":"9","structure_id":"1","section_number":"I-6","catch_line":"Uniform taxation.","url":"http:\/\/charter.baltimorecode.localhost\/I-6\/","api_url":"http:\/\/charter.baltimorecode.localhost\/api\/law\/I-6\/"},"9":{"id":"10","structure_id":"1","section_number":"I-7","catch_line":"Records; reports","url":"http:\/\/charter.baltimorecode.localhost\/I-7\/","api_url":"http:\/\/charter.baltimorecode.localhost\/api\/law\/I-7\/"},"10":{"id":"11","structure_id":"1","section_number":"I-8","catch_line":"Official time.","url":"http:\/\/charter.baltimorecode.localhost\/I-8\/","api_url":"http:\/\/charter.baltimorecode.localhost\/api\/law\/I-8\/"},"11":{"id":"12","structure_id":"1","section_number":"I-9","catch_line":"Inner Harbor Park","url":"http:\/\/charter.baltimorecode.localhost\/I-9\/","api_url":"http:\/\/charter.baltimorecode.localhost\/api\/law\/I-9\/"}},"next_section":{"id":"242","structure_id":"8","section_number":"VII-9","catch_line":"Department of Finance: budget administration.","url":"http:\/\/charter.baltimorecode.localhost\/VII-9\/","api_url":"http:\/\/charter.baltimorecode.localhost\/api\/law\/VII-9\/"},"references":false,"url":"http:\/\/charter.baltimorecode.localhost\/I-9\/","dublin_core":{"Title":"Inner Harbor Park","Type":"Text","Format":"text\/html","Identifier":"\u00a7 I-9","Relation":"Baltimore City Charter"},"html":"\n\t\t\t\t\t<section><p><p><span class=\"dictionary\"><\/span>There<span class=\"dictionary\"><\/span> <span class=\"dictionary\"><\/span>is<span class=\"dictionary\"><\/span> <span class=\"dictionary\"><\/span>hereby<span class=\"dictionary\"><\/span> <span class=\"dictionary\"><\/span>dedicated<span class=\"dictionary\"><\/span> <span class=\"dictionary\"><\/span>to<span class=\"dictionary\"><\/span> <span class=\"dictionary\"><\/span>public<span class=\"dictionary\"><\/span> <span class=\"dictionary\"><\/span>park<span class=\"dictionary\"><\/span> <span class=\"dictionary\"><\/span>uses<span class=\"dictionary\"><\/span> <span class=\"dictionary\"><\/span>for<span class=\"dictionary\"><\/span> <span class=\"dictionary\"><\/span>the<span class=\"dictionary\"><\/span> <span class=\"dictionary\"><\/span>benefit<span class=\"dictionary\"><\/span> <span class=\"dictionary\"><\/span>of<span class=\"dictionary\"><\/span> <span class=\"dictionary\"><\/span>this<span class=\"dictionary\"><\/span> <span class=\"dictionary\"><\/span>and<span class=\"dictionary\"><\/span> <span class=\"dictionary\"><\/span>future<span class=\"dictionary\"><\/span> <span class=\"dictionary\"><\/span>generations<span class=\"dictionary\"><\/span> <span class=\"dictionary\"><\/span>of<span class=\"dictionary\"><\/span> <span class=\"dictionary\"><\/span>the<span class=\"dictionary\"><\/span> <span class=\"dictionary\"><\/span>City<span class=\"dictionary\"><\/span><br \/>\n<span class=\"dictionary\"><\/span>of<span class=\"dictionary\"><\/span> <span class=\"dictionary\"><\/span>Baltimore<span class=\"dictionary\"><\/span> <span class=\"dictionary\"><\/span>and<span class=\"dictionary\"><\/span> <span class=\"dictionary\"><\/span>the<span class=\"dictionary\"><\/span> <span class=\"dictionary\"><\/span>State<span class=\"dictionary\"><\/span> <span class=\"dictionary\"><\/span>of<span class=\"dictionary\"><\/span> <span class=\"dictionary\"><\/span>Maryland<span class=\"dictionary\"><\/span> <span class=\"dictionary\"><\/span>the<span class=\"dictionary\"><\/span> <span class=\"dictionary\"><\/span>portion<span class=\"dictionary\"><\/span> <span class=\"dictionary\"><\/span>of<span class=\"dictionary\"><\/span> <span class=\"dictionary\"><\/span>the<span class=\"dictionary\"><\/span> <span class=\"dictionary\"><\/span>City<span class=\"dictionary\"><\/span> <span class=\"dictionary\"><\/span>that<span class=\"dictionary\"><\/span> <span class=\"dictionary\"><\/span>lies<span class=\"dictionary\"><\/span> <span class=\"dictionary\"><\/span>along<span class=\"dictionary\"><\/span> <span class=\"dictionary\"><\/span>the<span class=\"dictionary\"><\/span> <span class=\"dictionary\"><\/span>north<span class=\"dictionary\"><\/span>, <span class=\"dictionary\"><\/span>west<span class=\"dictionary\"><\/span> <span class=\"dictionary\"><\/span>and<span class=\"dictionary\"><\/span><br \/>\n<span class=\"dictionary\"><\/span>south<span class=\"dictionary\"><\/span> <span class=\"dictionary\"><\/span>shores<span class=\"dictionary\"><\/span> <span class=\"dictionary\"><\/span>of<span class=\"dictionary\"><\/span> <span class=\"dictionary\"><\/span>the<span class=\"dictionary\"><\/span> <span class=\"dictionary\"><\/span>Inner<span class=\"dictionary\"><\/span> <span class=\"dictionary\"><\/span>Harbor<span class=\"dictionary\"><\/span>, <span class=\"dictionary\"><\/span>south<span class=\"dictionary\"><\/span> <span class=\"dictionary\"><\/span>of<span class=\"dictionary\"><\/span> <span class=\"dictionary\"><\/span>Pratt<span class=\"dictionary\"><\/span> <span class=\"dictionary\"><\/span>Street<span class=\"dictionary\"><\/span> <span class=\"dictionary\"><\/span>to<span class=\"dictionary\"><\/span> <span class=\"dictionary\"><\/span>the<span class=\"dictionary\"><\/span> <span class=\"dictionary\"><\/span>water<span class=\"dictionary\"><\/span>\u2019<span class=\"dictionary\">s<\/span><span class=\"dictionary\"><\/span> <span class=\"dictionary\"><\/span>edge<span class=\"dictionary\"><\/span>, <span class=\"dictionary\"><\/span>east<span class=\"dictionary\"><\/span> <span class=\"dictionary\"><\/span>of<span class=\"dictionary\"><\/span> <span class=\"dictionary\"><\/span>Light<span class=\"dictionary\"><\/span> <span class=\"dictionary\"><\/span>Street<span class=\"dictionary\"><\/span> <span class=\"dictionary\"><\/span>to<span class=\"dictionary\"><\/span> <span class=\"dictionary\"><\/span>the<span class=\"dictionary\"><\/span><br \/>\n<span class=\"dictionary\"><\/span>water<span class=\"dictionary\"><\/span>\u2019<span class=\"dictionary\">s<\/span><span class=\"dictionary\"><\/span> <span class=\"dictionary\"><\/span>edge<span class=\"dictionary\"><\/span> <span class=\"dictionary\"><\/span>and<span class=\"dictionary\"><\/span> <span class=\"dictionary\"><\/span>north<span class=\"dictionary\"><\/span> <span class=\"dictionary\"><\/span>of<span class=\"dictionary\"><\/span> <span class=\"dictionary\"><\/span>Key<span class=\"dictionary\"><\/span> <span class=\"dictionary\"><\/span>Highway<span class=\"dictionary\"><\/span> <span class=\"dictionary\"><\/span>to<span class=\"dictionary\"><\/span> <span class=\"dictionary\"><\/span>the<span class=\"dictionary\"><\/span> <span class=\"dictionary\"><\/span>water<span class=\"dictionary\"><\/span>\u2019<span class=\"dictionary\">s<\/span><span class=\"dictionary\"><\/span> <span class=\"dictionary\"><\/span>edge<span class=\"dictionary\"><\/span>, <span class=\"dictionary\"><\/span>from<span class=\"dictionary\"><\/span> <span class=\"dictionary\"><\/span>the<span class=\"dictionary\"><\/span> <span class=\"dictionary\"><\/span>World<span class=\"dictionary\"><\/span> <span class=\"dictionary\"><\/span>Trade<span class=\"dictionary\"><\/span> <span class=\"dictionary\"><\/span>Center<span class=\"dictionary\"><\/span> <span class=\"dictionary\"><\/span>around<span class=\"dictionary\"><\/span> <span class=\"dictionary\"><\/span>the<span class=\"dictionary\"><\/span><br \/>\n<span class=\"dictionary\"><\/span>shoreline<span class=\"dictionary\"><\/span> <span class=\"dictionary\"><\/span>of<span class=\"dictionary\"><\/span> <span class=\"dictionary\"><\/span>the<span class=\"dictionary\"><\/span> <span class=\"dictionary\"><\/span>Inner<span class=\"dictionary\"><\/span> <span class=\"dictionary\"><\/span>Harbor<span class=\"dictionary\"><\/span> <span class=\"dictionary\"><\/span>to<span class=\"dictionary\"><\/span> <span class=\"dictionary\"><\/span>and<span class=\"dictionary\"><\/span> <span class=\"dictionary\"><\/span>including<span class=\"dictionary\"><\/span> <span class=\"dictionary\"><\/span>Rash<span class=\"dictionary\"><\/span> <span class=\"dictionary\"><\/span>Field<span class=\"dictionary\"><\/span>, <span class=\"dictionary\"><\/span>except<span class=\"dictionary\"><\/span> <span class=\"dictionary\"><\/span>that<span class=\"dictionary\"><\/span>, <span class=\"dictionary\"><\/span>in<span class=\"dictionary\"><\/span> <span class=\"dictionary\"><\/span>order<span class=\"dictionary\"><\/span> <span class=\"dictionary\"><\/span>to<span class=\"dictionary\"><\/span> <span class=\"dictionary\"><\/span>provide<span class=\"dictionary\"><\/span> <span class=\"dictionary\"><\/span>eating<span class=\"dictionary\"><\/span><br \/>\n<span class=\"dictionary\"><\/span>places<span class=\"dictionary\"><\/span> <span class=\"dictionary\"><\/span>and<span class=\"dictionary\"><\/span> <span class=\"dictionary\"><\/span>other<span class=\"dictionary\"><\/span> <span class=\"dictionary\"><\/span>commercial<span class=\"dictionary\"><\/span> <span class=\"dictionary\"><\/span>uses<span class=\"dictionary\"><\/span>, <span class=\"dictionary\"><\/span>areas<span class=\"dictionary\"><\/span> <span class=\"dictionary\"><\/span>totalling<span class=\"dictionary\"><\/span> <span class=\"dictionary\"><\/span>not<span class=\"dictionary\"><\/span> <span class=\"dictionary\"><\/span>more<span class=\"dictionary\"><\/span> <span class=\"dictionary\"><\/span>than<span class=\"dictionary\"><\/span> <span class=\"dictionary\"><\/span>3<span class=\"dictionary\"><\/span>.<span class=\"dictionary\"><\/span>2<span class=\"dictionary\"><\/span> <span class=\"dictionary\"><\/span>acres<span class=\"dictionary\"><\/span> <span class=\"dictionary\"><\/span>plus<span class=\"dictionary\"><\/span> <span class=\"dictionary\"><\/span>access<span class=\"dictionary\"><\/span> <span class=\"dictionary\"><\/span>thereto<span class=\"dictionary\"><\/span>, <span class=\"dictionary\"><\/span>within<span class=\"dictionary\"><\/span><br \/>\n<span class=\"dictionary\"><\/span>the<span class=\"dictionary\"><\/span> <span class=\"dictionary\"><\/span>dedicated<span class=\"dictionary\"><\/span> <span class=\"dictionary\"><\/span>space<span class=\"dictionary\"><\/span> <span class=\"dictionary\"><\/span>and<span class=\"dictionary\"><\/span> <span class=\"dictionary\"><\/span>north<span class=\"dictionary\"><\/span> <span class=\"dictionary\"><\/span>of<span class=\"dictionary\"><\/span> <span class=\"dictionary\"><\/span>an<span class=\"dictionary\"><\/span> <span class=\"dictionary\"><\/span>easterly<span class=\"dictionary\"><\/span> <span class=\"dictionary\"><\/span>extension<span class=\"dictionary\"><\/span> <span class=\"dictionary\"><\/span>of<span class=\"dictionary\"><\/span> <span class=\"dictionary\"><\/span>the<span class=\"dictionary\"><\/span> <span class=\"dictionary\"><\/span>south<span class=\"dictionary\"><\/span> <span class=\"dictionary\"><\/span>side<span class=\"dictionary\"><\/span> <span class=\"dictionary\"><\/span>of<span class=\"dictionary\"><\/span> <span class=\"dictionary\"><\/span>Conway<span class=\"dictionary\"><\/span> <span class=\"dictionary\"><\/span>Street<span class=\"dictionary\"><\/span> <span class=\"dictionary\"><\/span>shall<span class=\"dictionary\"><\/span> <span class=\"dictionary\"><\/span>be<span class=\"dictionary\"><\/span> <span class=\"dictionary\"><\/span>set<span class=\"dictionary\"><\/span><br \/>\n<span class=\"dictionary\"><\/span>aside<span class=\"dictionary\"><\/span> <span class=\"dictionary\"><\/span>for<span class=\"dictionary\"><\/span> <span class=\"dictionary\"><\/span>such<span class=\"dictionary\"><\/span> <span class=\"dictionary\"><\/span>purposes<span class=\"dictionary\"><\/span>; <span class=\"dictionary\"><\/span>and<span class=\"dictionary\"><\/span> <span class=\"dictionary\"><\/span>except<span class=\"dictionary\"><\/span> <span class=\"dictionary\"><\/span>that<span class=\"dictionary\"><\/span> <span class=\"dictionary\"><\/span>an<span class=\"dictionary\"><\/span> <span class=\"dictionary\"><\/span>area<span class=\"dictionary\"><\/span> <span class=\"dictionary\"><\/span>of<span class=\"dictionary\"><\/span> <span class=\"dictionary\"><\/span>not<span class=\"dictionary\"><\/span> <span class=\"dictionary\"><\/span>more<span class=\"dictionary\"><\/span> <span class=\"dictionary\"><\/span>than<span class=\"dictionary\"><\/span> <span class=\"dictionary\"><\/span>3<span class=\"dictionary\"><\/span>.<span class=\"dictionary\"><\/span>4<span class=\"dictionary\"><\/span> <span class=\"dictionary\"><\/span>acres<span class=\"dictionary\"><\/span> <span class=\"dictionary\"><\/span>shall<span class=\"dictionary\"><\/span> <span class=\"dictionary\"><\/span>be<span class=\"dictionary\"><\/span> <span class=\"dictionary\"><\/span>set<span class=\"dictionary\"><\/span> <span class=\"dictionary\"><\/span>aside<span class=\"dictionary\"><\/span> <span class=\"dictionary\"><\/span>for<span class=\"dictionary\"><\/span> <span class=\"dictionary\"><\/span>use<span class=\"dictionary\"><\/span><br \/>\n<span class=\"dictionary\"><\/span>by<span class=\"dictionary\"><\/span> <span class=\"dictionary\"><\/span>the<span class=\"dictionary\"><\/span> <span class=\"dictionary\"><\/span>Maryland<span class=\"dictionary\"><\/span> <span class=\"dictionary\"><\/span>Science<span class=\"dictionary\"><\/span> <span class=\"dictionary\"><\/span>Center<span class=\"dictionary\"><\/span>, <span class=\"dictionary\"><\/span>plus<span class=\"dictionary\"><\/span> <span class=\"dictionary\"><\/span>access<span class=\"dictionary\"><\/span> <span class=\"dictionary\"><\/span>thereto<span class=\"dictionary\"><\/span>.<\/p>\n<\/p><\/section>","plain_text":"                              BALTIMORE CITY CHARTER\n\nINNER HARBOR PARK (\u00a7 I-9)\n\nThere is hereby dedicated to public park uses for the benefit of this and future\ngenerations of the City\nof Baltimore and the State of Maryland the portion of the City that lies along\nthe north, west and\nsouth shores of the Inner Harbor, south of Pratt Street to the water\u2019s edge,\neast of Light Street to the\nwater\u2019s edge and north of Key Highway to the water\u2019s edge, from the World\nTrade Center around the\nshoreline of the Inner Harbor to and including Rash Field, except that, in order\nto provide eating\nplaces and other commercial uses, areas totalling not more than 3.2 acres plus\naccess thereto, within\nthe dedicated space and north of an easterly extension of the south side of\nConway Street shall be set\naside for such purposes; and except that an area of not more than 3.4 acres\nshall be set aside for use\nby the Maryland Science Center, plus access thereto.\n","previous_section":{"id":"11","structure_id":"1","section_number":"I-8","catch_line":"Official time.","url":"http:\/\/charter.baltimorecode.localhost\/I-8\/","api_url":"http:\/\/charter.baltimorecode.localhost\/api\/law\/I-8\/"},"text":{"0":{"id":"12","text":"There is hereby dedicated to public park uses for the benefit of this and future generations of the City\nof Baltimore and the State of Maryland the portion of the City that lies along the north, west and\nsouth shores of the Inner Harbor, south of Pratt Street to the water\u2019s edge, east of Light Street to the\nwater\u2019s edge and north of Key Highway to the water\u2019s edge, from the World Trade Center around the\nshoreline of the Inner Harbor to and including Rash Field, except that, in order to provide eating\nplaces and other commercial uses, areas totalling not more than 3.2 acres plus access thereto, within\nthe dedicated space and north of an easterly extension of the south side of Conway Street shall be set\naside for such purposes; and except that an area of not more than 3.4 acres shall be set aside for use\nby the Maryland Science Center, plus access thereto.\n","type":"section","prefixes":[""],"prefix":"","entire_prefix":"","prefix_anchor":"","level":1}}}