{"section_number":"II-14","section_id":"18","structure_id":"2","catch_line":"Jones\u2019 Falls.","history":"","full_text":" To make such improvements in connection with Jones\u2019 Falls as in its judgment are desirable, and for\nthis purpose to change the course, lines, depth and boundaries of said stream, in whole or part; to\ncompel any person owning property binding on Jones\u2019 Falls, within the limits of the City, to wall up\nsuch property, so far as the same may bind on the Falls, with a good and sufficient wall to such\nheight as in its judgment the public good may require, so as to secure the same and the adjacent\nproperty from the danger of being inundated with water; to compel any person to rebuild or repair\nany wall owned by him binding on the Falls within the limits of the City, and upon neglect or refusal\nso to do the City may cause the same to be done, in which event the City is authorized and\nempowered to recover the cost thereof by suit at law, which costs shall be a lien on the property so\nwalled or repaired.\r\r","ancestry":{"1":{"id":"2","name":"General Powers","identifier":"II","label":"article","url":"http:\/\/charter.baltimorecode.localhost\/II\/"}},"structure_contents":{"0":{"id":"13","structure_id":"2","section_number":"II-1","catch_line":"Buildings.","url":"http:\/\/charter.baltimorecode.localhost\/II-1\/","api_url":"http:\/\/charter.baltimorecode.localhost\/api\/law\/II-1\/"},"1":{"id":"14","structure_id":"2","section_number":"II-10","catch_line":"Harbor, docks, and wharves.","url":"http:\/\/charter.baltimorecode.localhost\/II-10\/","api_url":"http:\/\/charter.baltimorecode.localhost\/api\/law\/II-10\/"},"2":{"id":"15","structure_id":"2","section_number":"II-11","catch_line":"Health and nuisances.","url":"http:\/\/charter.baltimorecode.localhost\/II-11\/","api_url":"http:\/\/charter.baltimorecode.localhost\/api\/law\/II-11\/"},"3":{"id":"16","structure_id":"2","section_number":"II-12","catch_line":"Hospitals, etc.","url":"http:\/\/charter.baltimorecode.localhost\/II-12\/","api_url":"http:\/\/charter.baltimorecode.localhost\/api\/law\/II-12\/"},"4":{"id":"17","structure_id":"2","section_number":"II-13","catch_line":"Jail.","url":"http:\/\/charter.baltimorecode.localhost\/II-13\/","api_url":"http:\/\/charter.baltimorecode.localhost\/api\/law\/II-13\/"},"5":{"id":"18","structure_id":"2","section_number":"II-14","catch_line":"Jones\u2019 Falls.","url":"http:\/\/charter.baltimorecode.localhost\/II-14\/","api_url":"http:\/\/charter.baltimorecode.localhost\/api\/law\/II-14\/"},"6":{"id":"19","structure_id":"2","section_number":"II-15","catch_line":"Land development and redevelopment.","url":"http:\/\/charter.baltimorecode.localhost\/II-15\/","api_url":"http:\/\/charter.baltimorecode.localhost\/api\/law\/II-15\/"},"7":{"id":"20","structure_id":"2","section_number":"II-15A","catch_line":"Industrial and economic development.","url":"http:\/\/charter.baltimorecode.localhost\/II-15A\/","api_url":"http:\/\/charter.baltimorecode.localhost\/api\/law\/II-15A\/"},"8":{"id":"21","structure_id":"2","section_number":"II-16","catch_line":"Libraries, art galleries, and museums.","url":"http:\/\/charter.baltimorecode.localhost\/II-16\/","api_url":"http:\/\/charter.baltimorecode.localhost\/api\/law\/II-16\/"},"9":{"id":"22","structure_id":"2","section_number":"II-17","catch_line":"Licences.","url":"http:\/\/charter.baltimorecode.localhost\/II-17\/","api_url":"http:\/\/charter.baltimorecode.localhost\/api\/law\/II-17\/"},"10":{"id":"23","structure_id":"2","section_number":"II-18","catch_line":"Markets.","url":"http:\/\/charter.baltimorecode.localhost\/II-18\/","api_url":"http:\/\/charter.baltimorecode.localhost\/api\/law\/II-18\/"},"11":{"id":"24","structure_id":"2","section_number":"II-19","catch_line":"Municipal liens.","url":"http:\/\/charter.baltimorecode.localhost\/II-19\/","api_url":"http:\/\/charter.baltimorecode.localhost\/api\/law\/II-19\/"},"12":{"id":"25","structure_id":"2","section_number":"II-2","catch_line":"Condemnation.","url":"http:\/\/charter.baltimorecode.localhost\/II-2\/","api_url":"http:\/\/charter.baltimorecode.localhost\/api\/law\/II-2\/"},"13":{"id":"26","structure_id":"2","section_number":"II-20","catch_line":"Parking facilities.","url":"http:\/\/charter.baltimorecode.localhost\/II-20\/","api_url":"http:\/\/charter.baltimorecode.localhost\/api\/law\/II-20\/"},"14":{"id":"27","structure_id":"2","section_number":"II-21","catch_line":"Parks, recreational facilities, etc.","url":"http:\/\/charter.baltimorecode.localhost\/II-21\/","api_url":"http:\/\/charter.baltimorecode.localhost\/api\/law\/II-21\/"},"15":{"id":"28","structure_id":"2","section_number":"II-22","catch_line":"of the Annotated Code, as amended, replaced or supplemented from time to time, and","url":"http:\/\/charter.baltimorecode.localhost\/II-22\/","api_url":"http:\/\/charter.baltimorecode.localhost\/api\/law\/II-22\/"},"16":{"id":"29","structure_id":"2","section_number":"II-23","catch_line":"Peddlers.","url":"http:\/\/charter.baltimorecode.localhost\/II-23\/","api_url":"http:\/\/charter.baltimorecode.localhost\/api\/law\/II-23\/"},"17":{"id":"30","structure_id":"2","section_number":"II-24","catch_line":"Pensions.","url":"http:\/\/charter.baltimorecode.localhost\/II-24\/","api_url":"http:\/\/charter.baltimorecode.localhost\/api\/law\/II-24\/"},"18":{"id":"31","structure_id":"2","section_number":"II-25","catch_line":"Pensions for school cafeteria employees.","url":"http:\/\/charter.baltimorecode.localhost\/II-25\/","api_url":"http:\/\/charter.baltimorecode.localhost\/api\/law\/II-25\/"},"19":{"id":"32","structure_id":"2","section_number":"II-26","catch_line":"Pensions for police and fire employees.","url":"http:\/\/charter.baltimorecode.localhost\/II-26\/","api_url":"http:\/\/charter.baltimorecode.localhost\/api\/law\/II-26\/"},"20":{"id":"33","structure_id":"2","section_number":"II-27","catch_line":"Police power.","url":"http:\/\/charter.baltimorecode.localhost\/II-27\/","api_url":"http:\/\/charter.baltimorecode.localhost\/api\/law\/II-27\/"},"21":{"id":"34","structure_id":"2","section_number":"II-28","catch_line":"Port development.","url":"http:\/\/charter.baltimorecode.localhost\/II-28\/","api_url":"http:\/\/charter.baltimorecode.localhost\/api\/law\/II-28\/"},"22":{"id":"35","structure_id":"2","section_number":"II-29","catch_line":"Railroads.","url":"http:\/\/charter.baltimorecode.localhost\/II-29\/","api_url":"http:\/\/charter.baltimorecode.localhost\/api\/law\/II-29\/"},"23":{"id":"36","structure_id":"2","section_number":"II-3","catch_line":"Federal grants and contracts.","url":"http:\/\/charter.baltimorecode.localhost\/II-3\/","api_url":"http:\/\/charter.baltimorecode.localhost\/api\/law\/II-3\/"},"24":{"id":"37","structure_id":"2","section_number":"II-30","catch_line":"Schools.","url":"http:\/\/charter.baltimorecode.localhost\/II-30\/","api_url":"http:\/\/charter.baltimorecode.localhost\/api\/law\/II-30\/"},"25":{"id":"38","structure_id":"2","section_number":"II-31","catch_line":"Sewers.","url":"http:\/\/charter.baltimorecode.localhost\/II-31\/","api_url":"http:\/\/charter.baltimorecode.localhost\/api\/law\/II-31\/"},"26":{"id":"39","structure_id":"2","section_number":"II-32","catch_line":"Storm water courses and flood areas.","url":"http:\/\/charter.baltimorecode.localhost\/II-32\/","api_url":"http:\/\/charter.baltimorecode.localhost\/api\/law\/II-32\/"},"27":{"id":"40","structure_id":"2","section_number":"II-33","catch_line":"Stocks, loans, and finance.","url":"http:\/\/charter.baltimorecode.localhost\/II-33\/","api_url":"http:\/\/charter.baltimorecode.localhost\/api\/law\/II-33\/"},"28":{"id":"41","structure_id":"2","section_number":"II-34","catch_line":"Streets, bridges, and tunnels.","url":"http:\/\/charter.baltimorecode.localhost\/II-34\/","api_url":"http:\/\/charter.baltimorecode.localhost\/api\/law\/II-34\/"},"29":{"id":"42","structure_id":"2","section_number":"II-34A","catch_line":"Parking at intersections.","url":"http:\/\/charter.baltimorecode.localhost\/II-34A\/","api_url":"http:\/\/charter.baltimorecode.localhost\/api\/law\/II-34A\/"},"30":{"id":"43","structure_id":"2","section_number":"II-35","catch_line":"Streets, lanes, and alleys.","url":"http:\/\/charter.baltimorecode.localhost\/II-35\/","api_url":"http:\/\/charter.baltimorecode.localhost\/api\/law\/II-35\/"},"31":{"id":"44","structure_id":"2","section_number":"II-35A","catch_line":"Cable television franchises.","url":"http:\/\/charter.baltimorecode.localhost\/II-35A\/","api_url":"http:\/\/charter.baltimorecode.localhost\/api\/law\/II-35A\/"},"32":{"id":"45","structure_id":"2","section_number":"II-36","catch_line":"Public or private alley.","url":"http:\/\/charter.baltimorecode.localhost\/II-36\/","api_url":"http:\/\/charter.baltimorecode.localhost\/api\/law\/II-36\/"},"33":{"id":"46","structure_id":"2","section_number":"II-37","catch_line":"Sundays.","url":"http:\/\/charter.baltimorecode.localhost\/II-37\/","api_url":"http:\/\/charter.baltimorecode.localhost\/api\/law\/II-37\/"},"34":{"id":"47","structure_id":"2","section_number":"II-38","catch_line":"Surveyor.","url":"http:\/\/charter.baltimorecode.localhost\/II-38\/","api_url":"http:\/\/charter.baltimorecode.localhost\/api\/law\/II-38\/"},"35":{"id":"48","structure_id":"2","section_number":"II-39","catch_line":"Property taxes.","url":"http:\/\/charter.baltimorecode.localhost\/II-39\/","api_url":"http:\/\/charter.baltimorecode.localhost\/api\/law\/II-39\/"},"36":{"id":"49","structure_id":"2","section_number":"II-4","catch_line":"Wage and hour requirements for public contracts.","url":"http:\/\/charter.baltimorecode.localhost\/II-4\/","api_url":"http:\/\/charter.baltimorecode.localhost\/api\/law\/II-4\/"},"37":{"id":"50","structure_id":"2","section_number":"II-40","catch_line":"Additional taxing powers.","url":"http:\/\/charter.baltimorecode.localhost\/II-40\/","api_url":"http:\/\/charter.baltimorecode.localhost\/api\/law\/II-40\/"},"38":{"id":"51","structure_id":"2","section_number":"II-41","catch_line":"Theatrical and public amusements.","url":"http:\/\/charter.baltimorecode.localhost\/II-41\/","api_url":"http:\/\/charter.baltimorecode.localhost\/api\/law\/II-41\/"},"39":{"id":"52","structure_id":"2","section_number":"II-42","catch_line":"Traffic.","url":"http:\/\/charter.baltimorecode.localhost\/II-42\/","api_url":"http:\/\/charter.baltimorecode.localhost\/api\/law\/II-42\/"},"40":{"id":"53","structure_id":"2","section_number":"II-43","catch_line":"Vehicles.","url":"http:\/\/charter.baltimorecode.localhost\/II-43\/","api_url":"http:\/\/charter.baltimorecode.localhost\/api\/law\/II-43\/"},"41":{"id":"54","structure_id":"2","section_number":"II-44","catch_line":"Veterans.","url":"http:\/\/charter.baltimorecode.localhost\/II-44\/","api_url":"http:\/\/charter.baltimorecode.localhost\/api\/law\/II-44\/"},"42":{"id":"55","structure_id":"2","section_number":"II-45","catch_line":"Water.","url":"http:\/\/charter.baltimorecode.localhost\/II-45\/","api_url":"http:\/\/charter.baltimorecode.localhost\/api\/law\/II-45\/"},"43":{"id":"56","structure_id":"2","section_number":"II-46","catch_line":"Weights and measures.","url":"http:\/\/charter.baltimorecode.localhost\/II-46\/","api_url":"http:\/\/charter.baltimorecode.localhost\/api\/law\/II-46\/"},"44":{"id":"57","structure_id":"2","section_number":"II-47","catch_line":"General welfare.","url":"http:\/\/charter.baltimorecode.localhost\/II-47\/","api_url":"http:\/\/charter.baltimorecode.localhost\/api\/law\/II-47\/"},"45":{"id":"58","structure_id":"2","section_number":"II-48","catch_line":"Fines and penalties.","url":"http:\/\/charter.baltimorecode.localhost\/II-48\/","api_url":"http:\/\/charter.baltimorecode.localhost\/api\/law\/II-48\/"},"46":{"id":"59","structure_id":"2","section_number":"II-49","catch_line":"Constitutional and other powers.","url":"http:\/\/charter.baltimorecode.localhost\/II-49\/","api_url":"http:\/\/charter.baltimorecode.localhost\/api\/law\/II-49\/"},"47":{"id":"60","structure_id":"2","section_number":"II-4A","catch_line":"Contract disputes.","url":"http:\/\/charter.baltimorecode.localhost\/II-4A\/","api_url":"http:\/\/charter.baltimorecode.localhost\/api\/law\/II-4A\/"},"48":{"id":"61","structure_id":"2","section_number":"II-5","catch_line":"Entry on private property.","url":"http:\/\/charter.baltimorecode.localhost\/II-5\/","api_url":"http:\/\/charter.baltimorecode.localhost\/api\/law\/II-5\/"},"49":{"id":"62","structure_id":"2","section_number":"II-50","catch_line":"Revenue bonds and obligations.","url":"http:\/\/charter.baltimorecode.localhost\/II-50\/","api_url":"http:\/\/charter.baltimorecode.localhost\/api\/law\/II-50\/"},"50":{"id":"63","structure_id":"2","section_number":"II-51","catch_line":"Residential mortgage loan program.","url":"http:\/\/charter.baltimorecode.localhost\/II-51\/","api_url":"http:\/\/charter.baltimorecode.localhost\/api\/law\/II-51\/"},"51":{"id":"64","structure_id":"2","section_number":"II-52","catch_line":"Owner-occupancy residential mortgage loan program.","url":"http:\/\/charter.baltimorecode.localhost\/II-52\/","api_url":"http:\/\/charter.baltimorecode.localhost\/api\/law\/II-52\/"},"52":{"id":"65","structure_id":"2","section_number":"II-53","catch_line":"Nonresident owners, notice of violation and appointment of receiver.","url":"http:\/\/charter.baltimorecode.localhost\/II-53\/","api_url":"http:\/\/charter.baltimorecode.localhost\/api\/law\/II-53\/"},"53":{"id":"66","structure_id":"2","section_number":"II-54","catch_line":"Nonresident owners, notice of code violation and appointment of receiver.","url":"http:\/\/charter.baltimorecode.localhost\/II-54\/","api_url":"http:\/\/charter.baltimorecode.localhost\/api\/law\/II-54\/"},"54":{"id":"67","structure_id":"2","section_number":"II-55","catch_line":"Municipal employee relations.","url":"http:\/\/charter.baltimorecode.localhost\/II-55\/","api_url":"http:\/\/charter.baltimorecode.localhost\/api\/law\/II-55\/"},"55":{"id":"68","structure_id":"2","section_number":"II-56","catch_line":"Volunteer workers.","url":"http:\/\/charter.baltimorecode.localhost\/II-56\/","api_url":"http:\/\/charter.baltimorecode.localhost\/api\/law\/II-56\/"},"56":{"id":"69","structure_id":"2","section_number":"II-57","catch_line":"Loans for industrial purposes.","url":"http:\/\/charter.baltimorecode.localhost\/II-57\/","api_url":"http:\/\/charter.baltimorecode.localhost\/api\/law\/II-57\/"},"57":{"id":"70","structure_id":"2","section_number":"II-58","catch_line":"Limitations on competition.","url":"http:\/\/charter.baltimorecode.localhost\/II-58\/","api_url":"http:\/\/charter.baltimorecode.localhost\/api\/law\/II-58\/"},"58":{"id":"71","structure_id":"2","section_number":"II-59","catch_line":"Loans and loan guarantees.","url":"http:\/\/charter.baltimorecode.localhost\/II-59\/","api_url":"http:\/\/charter.baltimorecode.localhost\/api\/law\/II-59\/"},"59":{"id":"72","structure_id":"2","section_number":"II-6","catch_line":"Ferries.","url":"http:\/\/charter.baltimorecode.localhost\/II-6\/","api_url":"http:\/\/charter.baltimorecode.localhost\/api\/law\/II-6\/"},"60":{"id":"73","structure_id":"2","section_number":"II-60","catch_line":"Reports of loans, loan guarantees, and loan insurance.","url":"http:\/\/charter.baltimorecode.localhost\/II-60\/","api_url":"http:\/\/charter.baltimorecode.localhost\/api\/law\/II-60\/"},"61":{"id":"74","structure_id":"2","section_number":"II-61","catch_line":"Downtown Commercial District Management Authority.","url":"http:\/\/charter.baltimorecode.localhost\/II-61\/","api_url":"http:\/\/charter.baltimorecode.localhost\/api\/law\/II-61\/"},"62":{"id":"75","structure_id":"2","section_number":"II-62","catch_line":"Tax increment financing.","url":"http:\/\/charter.baltimorecode.localhost\/II-62\/","api_url":"http:\/\/charter.baltimorecode.localhost\/api\/law\/II-62\/"},"63":{"id":"76","structure_id":"2","section_number":"II-62A","catch_line":"Special Tax Districts.","url":"http:\/\/charter.baltimorecode.localhost\/II-62A\/","api_url":"http:\/\/charter.baltimorecode.localhost\/api\/law\/II-62A\/"},"64":{"id":"77","structure_id":"2","section_number":"II-63","catch_line":"Community Benefits District Authorities.","url":"http:\/\/charter.baltimorecode.localhost\/II-63\/","api_url":"http:\/\/charter.baltimorecode.localhost\/api\/law\/II-63\/"},"65":{"id":"78","structure_id":"2","section_number":"II-64","catch_line":"\u201cChild First\u201d Authority.","url":"http:\/\/charter.baltimorecode.localhost\/II-64\/","api_url":"http:\/\/charter.baltimorecode.localhost\/api\/law\/II-64\/"},"66":{"id":"79","structure_id":"2","section_number":"II-65","catch_line":"Land Bank Authority.","url":"http:\/\/charter.baltimorecode.localhost\/II-65\/","api_url":"http:\/\/charter.baltimorecode.localhost\/api\/law\/II-65\/"},"67":{"id":"80","structure_id":"2","section_number":"II-66","catch_line":"Community Benefits District Authority \u2013 East Baltimore.","url":"http:\/\/charter.baltimorecode.localhost\/II-66\/","api_url":"http:\/\/charter.baltimorecode.localhost\/api\/law\/II-66\/"},"68":{"id":"81","structure_id":"2","section_number":"II-67","catch_line":"Investment in Our Youth (IO-YOUth) Pilot Program.","url":"http:\/\/charter.baltimorecode.localhost\/II-67\/","api_url":"http:\/\/charter.baltimorecode.localhost\/api\/law\/II-67\/"},"69":{"id":"82","structure_id":"2","section_number":"II-7","catch_line":"Fire.","url":"http:\/\/charter.baltimorecode.localhost\/II-7\/","api_url":"http:\/\/charter.baltimorecode.localhost\/api\/law\/II-7\/"},"70":{"id":"83","structure_id":"2","section_number":"II-8","catch_line":"Food.","url":"http:\/\/charter.baltimorecode.localhost\/II-8\/","api_url":"http:\/\/charter.baltimorecode.localhost\/api\/law\/II-8\/"},"71":{"id":"84","structure_id":"2","section_number":"II-9","catch_line":"Foreign trade zones.","url":"http:\/\/charter.baltimorecode.localhost\/II-9\/","api_url":"http:\/\/charter.baltimorecode.localhost\/api\/law\/II-9\/"}},"next_section":{"id":"19","structure_id":"2","section_number":"II-15","catch_line":"Land development and redevelopment.","url":"http:\/\/charter.baltimorecode.localhost\/II-15\/","api_url":"http:\/\/charter.baltimorecode.localhost\/api\/law\/II-15\/"},"references":false,"url":"http:\/\/charter.baltimorecode.localhost\/II-14\/","dublin_core":{"Title":"Jones\u2019 Falls.","Type":"Text","Format":"text\/html","Identifier":"\u00a7 II-14","Relation":"Baltimore City Charter"},"html":"\n\t\t\t\t\t<section><p><p><span class=\"dictionary\"><\/span>To<span class=\"dictionary\"><\/span> <span class=\"dictionary\"><\/span>make<span class=\"dictionary\"><\/span> <span class=\"dictionary\"><\/span>such<span class=\"dictionary\"><\/span> <span class=\"dictionary\"><\/span>improvements<span class=\"dictionary\"><\/span> <span class=\"dictionary\"><\/span>in<span class=\"dictionary\"><\/span> <span class=\"dictionary\"><\/span>connection<span class=\"dictionary\"><\/span> <span class=\"dictionary\"><\/span>with<span class=\"dictionary\"><\/span> <span class=\"dictionary\"><\/span>Jones<span class=\"dictionary\"><\/span>\u2019 <span class=\"dictionary\"><\/span>Falls<span class=\"dictionary\"><\/span> <span class=\"dictionary\"><\/span>as<span class=\"dictionary\"><\/span> <span class=\"dictionary\"><\/span>in<span class=\"dictionary\"><\/span> <span class=\"dictionary\"><\/span>its<span class=\"dictionary\"><\/span> <span class=\"dictionary\"><\/span>judgment<span class=\"dictionary\"><\/span> <span class=\"dictionary\"><\/span>are<span class=\"dictionary\"><\/span> <span class=\"dictionary\"><\/span>desirable<span class=\"dictionary\"><\/span>, <span class=\"dictionary\"><\/span>and<span class=\"dictionary\"><\/span> <span class=\"dictionary\"><\/span>for<span class=\"dictionary\"><\/span><br \/>\n<span class=\"dictionary\"><\/span>this<span class=\"dictionary\"><\/span> <span class=\"dictionary\"><\/span>purpose<span class=\"dictionary\"><\/span> <span class=\"dictionary\"><\/span>to<span class=\"dictionary\"><\/span> <span class=\"dictionary\"><\/span>change<span class=\"dictionary\"><\/span> <span class=\"dictionary\"><\/span>the<span class=\"dictionary\"><\/span> <span class=\"dictionary\"><\/span>course<span class=\"dictionary\"><\/span>, <span class=\"dictionary\"><\/span>lines<span class=\"dictionary\"><\/span>, <span class=\"dictionary\"><\/span>depth<span class=\"dictionary\"><\/span> <span class=\"dictionary\"><\/span>and<span class=\"dictionary\"><\/span> <span class=\"dictionary\"><\/span>boundaries<span class=\"dictionary\"><\/span> <span class=\"dictionary\"><\/span>of<span class=\"dictionary\"><\/span> <span class=\"dictionary\"><\/span>said<span class=\"dictionary\"><\/span> <span class=\"dictionary\"><\/span>stream<span class=\"dictionary\"><\/span>, <span class=\"dictionary\"><\/span>in<span class=\"dictionary\"><\/span> <span class=\"dictionary\"><\/span>whole<span class=\"dictionary\"><\/span> <span class=\"dictionary\"><\/span>or<span class=\"dictionary\"><\/span> <span class=\"dictionary\"><\/span>part<span class=\"dictionary\"><\/span>; <span class=\"dictionary\"><\/span>to<span class=\"dictionary\"><\/span><br \/>\n<span class=\"dictionary\"><\/span>compel<span class=\"dictionary\"><\/span> <span class=\"dictionary\"><\/span>any<span class=\"dictionary\"><\/span> <span class=\"dictionary\"><\/span>person<span class=\"dictionary\"><\/span> <span class=\"dictionary\"><\/span>owning<span class=\"dictionary\"><\/span> <span class=\"dictionary\"><\/span>property<span class=\"dictionary\"><\/span> <span class=\"dictionary\"><\/span>binding<span class=\"dictionary\"><\/span> <span class=\"dictionary\"><\/span>on<span class=\"dictionary\"><\/span> <span class=\"dictionary\"><\/span>Jones<span class=\"dictionary\"><\/span>\u2019 <span class=\"dictionary\"><\/span>Falls<span class=\"dictionary\"><\/span>, <span class=\"dictionary\"><\/span>within<span class=\"dictionary\"><\/span> <span class=\"dictionary\"><\/span>the<span class=\"dictionary\"><\/span> <span class=\"dictionary\"><\/span>limits<span class=\"dictionary\"><\/span> <span class=\"dictionary\"><\/span>of<span class=\"dictionary\"><\/span> <span class=\"dictionary\"><\/span>the<span class=\"dictionary\"><\/span> <span class=\"dictionary\"><\/span>City<span class=\"dictionary\"><\/span>, <span class=\"dictionary\"><\/span>to<span class=\"dictionary\"><\/span> <span class=\"dictionary\"><\/span>wall<span class=\"dictionary\"><\/span> <span class=\"dictionary\"><\/span>up<span class=\"dictionary\"><\/span><br \/>\n<span class=\"dictionary\"><\/span>such<span class=\"dictionary\"><\/span> <span class=\"dictionary\"><\/span>property<span class=\"dictionary\"><\/span>, <span class=\"dictionary\"><\/span>so<span class=\"dictionary\"><\/span> <span class=\"dictionary\"><\/span>far<span class=\"dictionary\"><\/span> <span class=\"dictionary\"><\/span>as<span class=\"dictionary\"><\/span> <span class=\"dictionary\"><\/span>the<span class=\"dictionary\"><\/span> <span class=\"dictionary\"><\/span>same<span class=\"dictionary\"><\/span> <span class=\"dictionary\"><\/span>may<span class=\"dictionary\"><\/span> <span class=\"dictionary\"><\/span>bind<span class=\"dictionary\"><\/span> <span class=\"dictionary\"><\/span>on<span class=\"dictionary\"><\/span> <span class=\"dictionary\"><\/span>the<span class=\"dictionary\"><\/span> <span class=\"dictionary\"><\/span>Falls<span class=\"dictionary\"><\/span>, <span class=\"dictionary\"><\/span>with<span class=\"dictionary\"><\/span> <span class=\"dictionary\"><\/span>a<span class=\"dictionary\"><\/span> <span class=\"dictionary\"><\/span>good<span class=\"dictionary\"><\/span> <span class=\"dictionary\"><\/span>and<span class=\"dictionary\"><\/span> <span class=\"dictionary\"><\/span>sufficient<span class=\"dictionary\"><\/span> <span class=\"dictionary\"><\/span>wall<span class=\"dictionary\"><\/span> <span class=\"dictionary\"><\/span>to<span class=\"dictionary\"><\/span> <span class=\"dictionary\"><\/span>such<span class=\"dictionary\"><\/span><br \/>\n<span class=\"dictionary\"><\/span>height<span class=\"dictionary\"><\/span> <span class=\"dictionary\"><\/span>as<span class=\"dictionary\"><\/span> <span class=\"dictionary\"><\/span>in<span class=\"dictionary\"><\/span> <span class=\"dictionary\"><\/span>its<span class=\"dictionary\"><\/span> <span class=\"dictionary\"><\/span>judgment<span class=\"dictionary\"><\/span> <span class=\"dictionary\"><\/span>the<span class=\"dictionary\"><\/span> <span class=\"dictionary\"><\/span>public<span class=\"dictionary\"><\/span> <span class=\"dictionary\"><\/span>good<span class=\"dictionary\"><\/span> <span class=\"dictionary\"><\/span>may<span class=\"dictionary\"><\/span> <span class=\"dictionary\"><\/span>require<span class=\"dictionary\"><\/span>, <span class=\"dictionary\"><\/span>so<span class=\"dictionary\"><\/span> <span class=\"dictionary\"><\/span>as<span class=\"dictionary\"><\/span> <span class=\"dictionary\"><\/span>to<span class=\"dictionary\"><\/span> <span class=\"dictionary\"><\/span>secure<span class=\"dictionary\"><\/span> <span class=\"dictionary\"><\/span>the<span class=\"dictionary\"><\/span> <span class=\"dictionary\"><\/span>same<span class=\"dictionary\"><\/span> <span class=\"dictionary\"><\/span>and<span class=\"dictionary\"><\/span> <span class=\"dictionary\"><\/span>the<span class=\"dictionary\"><\/span> <span class=\"dictionary\"><\/span>adjacent<span class=\"dictionary\"><\/span><br \/>\n<span class=\"dictionary\"><\/span>property<span class=\"dictionary\"><\/span> <span class=\"dictionary\"><\/span>from<span class=\"dictionary\"><\/span> <span class=\"dictionary\"><\/span>the<span class=\"dictionary\"><\/span> <span class=\"dictionary\"><\/span>danger<span class=\"dictionary\"><\/span> <span class=\"dictionary\"><\/span>of<span class=\"dictionary\"><\/span> <span class=\"dictionary\"><\/span>being<span class=\"dictionary\"><\/span> <span class=\"dictionary\"><\/span>inundated<span class=\"dictionary\"><\/span> <span class=\"dictionary\"><\/span>with<span class=\"dictionary\"><\/span> <span class=\"dictionary\"><\/span>water<span class=\"dictionary\"><\/span>; <span class=\"dictionary\"><\/span>to<span class=\"dictionary\"><\/span> <span class=\"dictionary\"><\/span>compel<span class=\"dictionary\"><\/span> <span class=\"dictionary\"><\/span>any<span class=\"dictionary\"><\/span> <span class=\"dictionary\"><\/span>person<span class=\"dictionary\"><\/span> <span class=\"dictionary\"><\/span>to<span class=\"dictionary\"><\/span> <span class=\"dictionary\"><\/span>rebuild<span class=\"dictionary\"><\/span> <span class=\"dictionary\"><\/span>or<span class=\"dictionary\"><\/span> <span class=\"dictionary\"><\/span>repair<span class=\"dictionary\"><\/span><br \/>\n<span class=\"dictionary\"><\/span>any<span class=\"dictionary\"><\/span> <span class=\"dictionary\"><\/span>wall<span class=\"dictionary\"><\/span> <span class=\"dictionary\"><\/span>owned<span class=\"dictionary\"><\/span> <span class=\"dictionary\"><\/span>by<span class=\"dictionary\"><\/span> <span class=\"dictionary\"><\/span>him<span class=\"dictionary\"><\/span> <span class=\"dictionary\"><\/span>binding<span class=\"dictionary\"><\/span> <span class=\"dictionary\"><\/span>on<span class=\"dictionary\"><\/span> <span class=\"dictionary\"><\/span>the<span class=\"dictionary\"><\/span> <span class=\"dictionary\"><\/span>Falls<span class=\"dictionary\"><\/span> <span class=\"dictionary\"><\/span>within<span class=\"dictionary\"><\/span> <span class=\"dictionary\"><\/span>the<span class=\"dictionary\"><\/span> <span class=\"dictionary\"><\/span>limits<span class=\"dictionary\"><\/span> <span class=\"dictionary\"><\/span>of<span class=\"dictionary\"><\/span> <span class=\"dictionary\"><\/span>the<span class=\"dictionary\"><\/span> <span class=\"dictionary\"><\/span>City<span class=\"dictionary\"><\/span>, <span class=\"dictionary\"><\/span>and<span class=\"dictionary\"><\/span> <span class=\"dictionary\"><\/span>upon<span class=\"dictionary\"><\/span> <span class=\"dictionary\"><\/span>neglect<span class=\"dictionary\"><\/span> <span class=\"dictionary\"><\/span>or<span class=\"dictionary\"><\/span> <span class=\"dictionary\"><\/span>refusal<span class=\"dictionary\"><\/span><br \/>\n<span class=\"dictionary\"><\/span>so<span class=\"dictionary\"><\/span> <span class=\"dictionary\"><\/span>to<span class=\"dictionary\"><\/span> <span class=\"dictionary\"><\/span>do<span class=\"dictionary\"><\/span> <span class=\"dictionary\"><\/span>the<span class=\"dictionary\"><\/span> <span class=\"dictionary\"><\/span>City<span class=\"dictionary\"><\/span> <span class=\"dictionary\"><\/span>may<span class=\"dictionary\"><\/span> <span class=\"dictionary\"><\/span>cause<span class=\"dictionary\"><\/span> <span class=\"dictionary\"><\/span>the<span class=\"dictionary\"><\/span> <span class=\"dictionary\"><\/span>same<span class=\"dictionary\"><\/span> <span class=\"dictionary\"><\/span>to<span class=\"dictionary\"><\/span> <span class=\"dictionary\"><\/span>be<span class=\"dictionary\"><\/span> <span class=\"dictionary\"><\/span>done<span class=\"dictionary\"><\/span>, <span class=\"dictionary\"><\/span>in<span class=\"dictionary\"><\/span> <span class=\"dictionary\"><\/span>which<span class=\"dictionary\"><\/span> <span class=\"dictionary\"><\/span>event<span class=\"dictionary\"><\/span> <span class=\"dictionary\"><\/span>the<span class=\"dictionary\"><\/span> <span class=\"dictionary\"><\/span>City<span class=\"dictionary\"><\/span> <span class=\"dictionary\"><\/span>is<span class=\"dictionary\"><\/span> <span class=\"dictionary\"><\/span>authorized<span class=\"dictionary\"><\/span> <span class=\"dictionary\"><\/span>and<span class=\"dictionary\"><\/span><br \/>\n<span class=\"dictionary\"><\/span>empowered<span class=\"dictionary\"><\/span> <span class=\"dictionary\"><\/span>to<span class=\"dictionary\"><\/span> <span class=\"dictionary\"><\/span>recover<span class=\"dictionary\"><\/span> <span class=\"dictionary\"><\/span>the<span class=\"dictionary\"><\/span> <span class=\"dictionary\"><\/span>cost<span class=\"dictionary\"><\/span> <span class=\"dictionary\"><\/span>thereof<span class=\"dictionary\"><\/span> <span class=\"dictionary\"><\/span>by<span class=\"dictionary\"><\/span> <span class=\"dictionary\"><\/span>suit<span class=\"dictionary\"><\/span> <span class=\"dictionary\"><\/span>at<span class=\"dictionary\"><\/span> <span class=\"dictionary\"><\/span>law<span class=\"dictionary\"><\/span>, <span class=\"dictionary\"><\/span>which<span class=\"dictionary\"><\/span> <span class=\"dictionary\"><\/span>costs<span class=\"dictionary\"><\/span> <span class=\"dictionary\"><\/span>shall<span class=\"dictionary\"><\/span> <span class=\"dictionary\"><\/span>be<span class=\"dictionary\"><\/span> <span class=\"dictionary\"><\/span>a<span class=\"dictionary\"><\/span> <span class=\"dictionary\"><\/span>lien<span class=\"dictionary\"><\/span> <span class=\"dictionary\"><\/span>on<span class=\"dictionary\"><\/span> <span class=\"dictionary\"><\/span>the<span class=\"dictionary\"><\/span> <span class=\"dictionary\"><\/span>property<span class=\"dictionary\"><\/span> <span class=\"dictionary\"><\/span>so<span class=\"dictionary\"><\/span><br \/>\n<span class=\"dictionary\"><\/span>walled<span class=\"dictionary\"><\/span> <span class=\"dictionary\"><\/span>or<span class=\"dictionary\"><\/span> <span class=\"dictionary\"><\/span>repaired<span class=\"dictionary\"><\/span>.<\/p>\n<\/p><\/section>","plain_text":"                              BALTIMORE CITY CHARTER\n\nJONES\u2019 FALLS. (\u00a7 II-14)\n\nTo make such improvements in connection with Jones\u2019 Falls as in its judgment\nare desirable, and for\nthis purpose to change the course, lines, depth and boundaries of said stream,\nin whole or part; to\ncompel any person owning property binding on Jones\u2019 Falls, within the limits\nof the City, to wall up\nsuch property, so far as the same may bind on the Falls, with a good and\nsufficient wall to such\nheight as in its judgment the public good may require, so as to secure the same\nand the adjacent\nproperty from the danger of being inundated with water; to compel any person to\nrebuild or repair\nany wall owned by him binding on the Falls within the limits of the City, and\nupon neglect or refusal\nso to do the City may cause the same to be done, in which event the City is\nauthorized and\nempowered to recover the cost thereof by suit at law, which costs shall be a\nlien on the property so\nwalled or repaired.\n","previous_section":{"id":"17","structure_id":"2","section_number":"II-13","catch_line":"Jail.","url":"http:\/\/charter.baltimorecode.localhost\/II-13\/","api_url":"http:\/\/charter.baltimorecode.localhost\/api\/law\/II-13\/"},"text":{"0":{"id":"18","text":"To make such improvements in connection with Jones\u2019 Falls as in its judgment are desirable, and for\nthis purpose to change the course, lines, depth and boundaries of said stream, in whole or part; to\ncompel any person owning property binding on Jones\u2019 Falls, within the limits of the City, to wall up\nsuch property, so far as the same may bind on the Falls, with a good and sufficient wall to such\nheight as in its judgment the public good may require, so as to secure the same and the adjacent\nproperty from the danger of being inundated with water; to compel any person to rebuild or repair\nany wall owned by him binding on the Falls within the limits of the City, and upon neglect or refusal\nso to do the City may cause the same to be done, in which event the City is authorized and\nempowered to recover the cost thereof by suit at law, which costs shall be a lien on the property so\nwalled or repaired.\n","type":"section","prefixes":[""],"prefix":"","entire_prefix":"","prefix_anchor":"","level":1}}}