{"section_number":"II-57","section_id":"69","structure_id":"2","catch_line":"Loans for industrial purposes.","history":"","full_text":" From or in connection with funds available to the Mayor and City Council of Baltimore pursuant to\nArticle XI-I of the Constitution of the State of Maryland, to make, purchase, contract to make, or\notherwise acquire financial loans to any person or other legal entity and to guarantee or insure\nfinancial loans made by third parties to any person or other legal entity, such financial loans to be\nused for or in connection with the purchase or acquisition of leasehold or fee simple interests in\nbuildings or structures, and for construction, reconstruction, erection, development, rehabilitation,\nrenovation, redevelopment or improvement of buildings or structures, located within the boundaries\nof Baltimore City, which buildings or structures are to be used or occupied for industrial purposes.\n\nThe term \u201cindustrial purposes\u201d shall embrace every type or branch of business, conducted for a\nlivelihood or for profit, or conducted on a nonprofit basis, provided that the building or structure may\nbe financed by obligations the interest on which is exempt from federal income taxation under the\nprovisions of any federal statute, including the provisions of Section 103 of the Internal Revenue\nCode of 1954, as now or hereafter amended.\n\nIt is hereby found and determined that conditions of unemployment exist in Baltimore City and the\ndevelopment of business of all types (including, without limitation, manufacturing, commerce,\nresearch, education, real estate development, and recreation) is essential to relieve this\nunemployment and to establish a balanced economy in Baltimore City.\n\nIn connection with such loans and guarantees, the City may make loans directly for qualifying\nprojects and may guarantee or insure loans made by third parties for such projects, including loans\nmade in the form of the acquisition by a third party of revenue bonds or any other evidence of\nindebtedness.\n(Ch. 454, Acts of 1980.)\r\r","ancestry":{"1":{"id":"2","name":"General Powers","identifier":"II","label":"article","url":"http:\/\/charter.baltimorecode.localhost\/II\/"}},"structure_contents":{"0":{"id":"13","structure_id":"2","section_number":"II-1","catch_line":"Buildings.","url":"http:\/\/charter.baltimorecode.localhost\/II-1\/","api_url":"http:\/\/charter.baltimorecode.localhost\/api\/law\/II-1\/"},"1":{"id":"14","structure_id":"2","section_number":"II-10","catch_line":"Harbor, docks, and wharves.","url":"http:\/\/charter.baltimorecode.localhost\/II-10\/","api_url":"http:\/\/charter.baltimorecode.localhost\/api\/law\/II-10\/"},"2":{"id":"15","structure_id":"2","section_number":"II-11","catch_line":"Health and nuisances.","url":"http:\/\/charter.baltimorecode.localhost\/II-11\/","api_url":"http:\/\/charter.baltimorecode.localhost\/api\/law\/II-11\/"},"3":{"id":"16","structure_id":"2","section_number":"II-12","catch_line":"Hospitals, etc.","url":"http:\/\/charter.baltimorecode.localhost\/II-12\/","api_url":"http:\/\/charter.baltimorecode.localhost\/api\/law\/II-12\/"},"4":{"id":"17","structure_id":"2","section_number":"II-13","catch_line":"Jail.","url":"http:\/\/charter.baltimorecode.localhost\/II-13\/","api_url":"http:\/\/charter.baltimorecode.localhost\/api\/law\/II-13\/"},"5":{"id":"18","structure_id":"2","section_number":"II-14","catch_line":"Jones\u2019 Falls.","url":"http:\/\/charter.baltimorecode.localhost\/II-14\/","api_url":"http:\/\/charter.baltimorecode.localhost\/api\/law\/II-14\/"},"6":{"id":"19","structure_id":"2","section_number":"II-15","catch_line":"Land development and redevelopment.","url":"http:\/\/charter.baltimorecode.localhost\/II-15\/","api_url":"http:\/\/charter.baltimorecode.localhost\/api\/law\/II-15\/"},"7":{"id":"20","structure_id":"2","section_number":"II-15A","catch_line":"Industrial and economic development.","url":"http:\/\/charter.baltimorecode.localhost\/II-15A\/","api_url":"http:\/\/charter.baltimorecode.localhost\/api\/law\/II-15A\/"},"8":{"id":"21","structure_id":"2","section_number":"II-16","catch_line":"Libraries, art galleries, and museums.","url":"http:\/\/charter.baltimorecode.localhost\/II-16\/","api_url":"http:\/\/charter.baltimorecode.localhost\/api\/law\/II-16\/"},"9":{"id":"22","structure_id":"2","section_number":"II-17","catch_line":"Licences.","url":"http:\/\/charter.baltimorecode.localhost\/II-17\/","api_url":"http:\/\/charter.baltimorecode.localhost\/api\/law\/II-17\/"},"10":{"id":"23","structure_id":"2","section_number":"II-18","catch_line":"Markets.","url":"http:\/\/charter.baltimorecode.localhost\/II-18\/","api_url":"http:\/\/charter.baltimorecode.localhost\/api\/law\/II-18\/"},"11":{"id":"24","structure_id":"2","section_number":"II-19","catch_line":"Municipal liens.","url":"http:\/\/charter.baltimorecode.localhost\/II-19\/","api_url":"http:\/\/charter.baltimorecode.localhost\/api\/law\/II-19\/"},"12":{"id":"25","structure_id":"2","section_number":"II-2","catch_line":"Condemnation.","url":"http:\/\/charter.baltimorecode.localhost\/II-2\/","api_url":"http:\/\/charter.baltimorecode.localhost\/api\/law\/II-2\/"},"13":{"id":"26","structure_id":"2","section_number":"II-20","catch_line":"Parking facilities.","url":"http:\/\/charter.baltimorecode.localhost\/II-20\/","api_url":"http:\/\/charter.baltimorecode.localhost\/api\/law\/II-20\/"},"14":{"id":"27","structure_id":"2","section_number":"II-21","catch_line":"Parks, recreational facilities, etc.","url":"http:\/\/charter.baltimorecode.localhost\/II-21\/","api_url":"http:\/\/charter.baltimorecode.localhost\/api\/law\/II-21\/"},"15":{"id":"28","structure_id":"2","section_number":"II-22","catch_line":"of the Annotated Code, as amended, replaced or supplemented from time to time, and","url":"http:\/\/charter.baltimorecode.localhost\/II-22\/","api_url":"http:\/\/charter.baltimorecode.localhost\/api\/law\/II-22\/"},"16":{"id":"29","structure_id":"2","section_number":"II-23","catch_line":"Peddlers.","url":"http:\/\/charter.baltimorecode.localhost\/II-23\/","api_url":"http:\/\/charter.baltimorecode.localhost\/api\/law\/II-23\/"},"17":{"id":"30","structure_id":"2","section_number":"II-24","catch_line":"Pensions.","url":"http:\/\/charter.baltimorecode.localhost\/II-24\/","api_url":"http:\/\/charter.baltimorecode.localhost\/api\/law\/II-24\/"},"18":{"id":"31","structure_id":"2","section_number":"II-25","catch_line":"Pensions for school cafeteria employees.","url":"http:\/\/charter.baltimorecode.localhost\/II-25\/","api_url":"http:\/\/charter.baltimorecode.localhost\/api\/law\/II-25\/"},"19":{"id":"32","structure_id":"2","section_number":"II-26","catch_line":"Pensions for police and fire employees.","url":"http:\/\/charter.baltimorecode.localhost\/II-26\/","api_url":"http:\/\/charter.baltimorecode.localhost\/api\/law\/II-26\/"},"20":{"id":"33","structure_id":"2","section_number":"II-27","catch_line":"Police power.","url":"http:\/\/charter.baltimorecode.localhost\/II-27\/","api_url":"http:\/\/charter.baltimorecode.localhost\/api\/law\/II-27\/"},"21":{"id":"34","structure_id":"2","section_number":"II-28","catch_line":"Port development.","url":"http:\/\/charter.baltimorecode.localhost\/II-28\/","api_url":"http:\/\/charter.baltimorecode.localhost\/api\/law\/II-28\/"},"22":{"id":"35","structure_id":"2","section_number":"II-29","catch_line":"Railroads.","url":"http:\/\/charter.baltimorecode.localhost\/II-29\/","api_url":"http:\/\/charter.baltimorecode.localhost\/api\/law\/II-29\/"},"23":{"id":"36","structure_id":"2","section_number":"II-3","catch_line":"Federal grants and contracts.","url":"http:\/\/charter.baltimorecode.localhost\/II-3\/","api_url":"http:\/\/charter.baltimorecode.localhost\/api\/law\/II-3\/"},"24":{"id":"37","structure_id":"2","section_number":"II-30","catch_line":"Schools.","url":"http:\/\/charter.baltimorecode.localhost\/II-30\/","api_url":"http:\/\/charter.baltimorecode.localhost\/api\/law\/II-30\/"},"25":{"id":"38","structure_id":"2","section_number":"II-31","catch_line":"Sewers.","url":"http:\/\/charter.baltimorecode.localhost\/II-31\/","api_url":"http:\/\/charter.baltimorecode.localhost\/api\/law\/II-31\/"},"26":{"id":"39","structure_id":"2","section_number":"II-32","catch_line":"Storm water courses and flood areas.","url":"http:\/\/charter.baltimorecode.localhost\/II-32\/","api_url":"http:\/\/charter.baltimorecode.localhost\/api\/law\/II-32\/"},"27":{"id":"40","structure_id":"2","section_number":"II-33","catch_line":"Stocks, loans, and finance.","url":"http:\/\/charter.baltimorecode.localhost\/II-33\/","api_url":"http:\/\/charter.baltimorecode.localhost\/api\/law\/II-33\/"},"28":{"id":"41","structure_id":"2","section_number":"II-34","catch_line":"Streets, bridges, and tunnels.","url":"http:\/\/charter.baltimorecode.localhost\/II-34\/","api_url":"http:\/\/charter.baltimorecode.localhost\/api\/law\/II-34\/"},"29":{"id":"42","structure_id":"2","section_number":"II-34A","catch_line":"Parking at intersections.","url":"http:\/\/charter.baltimorecode.localhost\/II-34A\/","api_url":"http:\/\/charter.baltimorecode.localhost\/api\/law\/II-34A\/"},"30":{"id":"43","structure_id":"2","section_number":"II-35","catch_line":"Streets, lanes, and alleys.","url":"http:\/\/charter.baltimorecode.localhost\/II-35\/","api_url":"http:\/\/charter.baltimorecode.localhost\/api\/law\/II-35\/"},"31":{"id":"44","structure_id":"2","section_number":"II-35A","catch_line":"Cable television franchises.","url":"http:\/\/charter.baltimorecode.localhost\/II-35A\/","api_url":"http:\/\/charter.baltimorecode.localhost\/api\/law\/II-35A\/"},"32":{"id":"45","structure_id":"2","section_number":"II-36","catch_line":"Public or private alley.","url":"http:\/\/charter.baltimorecode.localhost\/II-36\/","api_url":"http:\/\/charter.baltimorecode.localhost\/api\/law\/II-36\/"},"33":{"id":"46","structure_id":"2","section_number":"II-37","catch_line":"Sundays.","url":"http:\/\/charter.baltimorecode.localhost\/II-37\/","api_url":"http:\/\/charter.baltimorecode.localhost\/api\/law\/II-37\/"},"34":{"id":"47","structure_id":"2","section_number":"II-38","catch_line":"Surveyor.","url":"http:\/\/charter.baltimorecode.localhost\/II-38\/","api_url":"http:\/\/charter.baltimorecode.localhost\/api\/law\/II-38\/"},"35":{"id":"48","structure_id":"2","section_number":"II-39","catch_line":"Property taxes.","url":"http:\/\/charter.baltimorecode.localhost\/II-39\/","api_url":"http:\/\/charter.baltimorecode.localhost\/api\/law\/II-39\/"},"36":{"id":"49","structure_id":"2","section_number":"II-4","catch_line":"Wage and hour requirements for public contracts.","url":"http:\/\/charter.baltimorecode.localhost\/II-4\/","api_url":"http:\/\/charter.baltimorecode.localhost\/api\/law\/II-4\/"},"37":{"id":"50","structure_id":"2","section_number":"II-40","catch_line":"Additional taxing powers.","url":"http:\/\/charter.baltimorecode.localhost\/II-40\/","api_url":"http:\/\/charter.baltimorecode.localhost\/api\/law\/II-40\/"},"38":{"id":"51","structure_id":"2","section_number":"II-41","catch_line":"Theatrical and public amusements.","url":"http:\/\/charter.baltimorecode.localhost\/II-41\/","api_url":"http:\/\/charter.baltimorecode.localhost\/api\/law\/II-41\/"},"39":{"id":"52","structure_id":"2","section_number":"II-42","catch_line":"Traffic.","url":"http:\/\/charter.baltimorecode.localhost\/II-42\/","api_url":"http:\/\/charter.baltimorecode.localhost\/api\/law\/II-42\/"},"40":{"id":"53","structure_id":"2","section_number":"II-43","catch_line":"Vehicles.","url":"http:\/\/charter.baltimorecode.localhost\/II-43\/","api_url":"http:\/\/charter.baltimorecode.localhost\/api\/law\/II-43\/"},"41":{"id":"54","structure_id":"2","section_number":"II-44","catch_line":"Veterans.","url":"http:\/\/charter.baltimorecode.localhost\/II-44\/","api_url":"http:\/\/charter.baltimorecode.localhost\/api\/law\/II-44\/"},"42":{"id":"55","structure_id":"2","section_number":"II-45","catch_line":"Water.","url":"http:\/\/charter.baltimorecode.localhost\/II-45\/","api_url":"http:\/\/charter.baltimorecode.localhost\/api\/law\/II-45\/"},"43":{"id":"56","structure_id":"2","section_number":"II-46","catch_line":"Weights and measures.","url":"http:\/\/charter.baltimorecode.localhost\/II-46\/","api_url":"http:\/\/charter.baltimorecode.localhost\/api\/law\/II-46\/"},"44":{"id":"57","structure_id":"2","section_number":"II-47","catch_line":"General welfare.","url":"http:\/\/charter.baltimorecode.localhost\/II-47\/","api_url":"http:\/\/charter.baltimorecode.localhost\/api\/law\/II-47\/"},"45":{"id":"58","structure_id":"2","section_number":"II-48","catch_line":"Fines and penalties.","url":"http:\/\/charter.baltimorecode.localhost\/II-48\/","api_url":"http:\/\/charter.baltimorecode.localhost\/api\/law\/II-48\/"},"46":{"id":"59","structure_id":"2","section_number":"II-49","catch_line":"Constitutional and other powers.","url":"http:\/\/charter.baltimorecode.localhost\/II-49\/","api_url":"http:\/\/charter.baltimorecode.localhost\/api\/law\/II-49\/"},"47":{"id":"60","structure_id":"2","section_number":"II-4A","catch_line":"Contract disputes.","url":"http:\/\/charter.baltimorecode.localhost\/II-4A\/","api_url":"http:\/\/charter.baltimorecode.localhost\/api\/law\/II-4A\/"},"48":{"id":"61","structure_id":"2","section_number":"II-5","catch_line":"Entry on private property.","url":"http:\/\/charter.baltimorecode.localhost\/II-5\/","api_url":"http:\/\/charter.baltimorecode.localhost\/api\/law\/II-5\/"},"49":{"id":"62","structure_id":"2","section_number":"II-50","catch_line":"Revenue bonds and obligations.","url":"http:\/\/charter.baltimorecode.localhost\/II-50\/","api_url":"http:\/\/charter.baltimorecode.localhost\/api\/law\/II-50\/"},"50":{"id":"63","structure_id":"2","section_number":"II-51","catch_line":"Residential mortgage loan program.","url":"http:\/\/charter.baltimorecode.localhost\/II-51\/","api_url":"http:\/\/charter.baltimorecode.localhost\/api\/law\/II-51\/"},"51":{"id":"64","structure_id":"2","section_number":"II-52","catch_line":"Owner-occupancy residential mortgage loan program.","url":"http:\/\/charter.baltimorecode.localhost\/II-52\/","api_url":"http:\/\/charter.baltimorecode.localhost\/api\/law\/II-52\/"},"52":{"id":"65","structure_id":"2","section_number":"II-53","catch_line":"Nonresident owners, notice of violation and appointment of receiver.","url":"http:\/\/charter.baltimorecode.localhost\/II-53\/","api_url":"http:\/\/charter.baltimorecode.localhost\/api\/law\/II-53\/"},"53":{"id":"66","structure_id":"2","section_number":"II-54","catch_line":"Nonresident owners, notice of code violation and appointment of receiver.","url":"http:\/\/charter.baltimorecode.localhost\/II-54\/","api_url":"http:\/\/charter.baltimorecode.localhost\/api\/law\/II-54\/"},"54":{"id":"67","structure_id":"2","section_number":"II-55","catch_line":"Municipal employee relations.","url":"http:\/\/charter.baltimorecode.localhost\/II-55\/","api_url":"http:\/\/charter.baltimorecode.localhost\/api\/law\/II-55\/"},"55":{"id":"68","structure_id":"2","section_number":"II-56","catch_line":"Volunteer workers.","url":"http:\/\/charter.baltimorecode.localhost\/II-56\/","api_url":"http:\/\/charter.baltimorecode.localhost\/api\/law\/II-56\/"},"56":{"id":"69","structure_id":"2","section_number":"II-57","catch_line":"Loans for industrial purposes.","url":"http:\/\/charter.baltimorecode.localhost\/II-57\/","api_url":"http:\/\/charter.baltimorecode.localhost\/api\/law\/II-57\/"},"57":{"id":"70","structure_id":"2","section_number":"II-58","catch_line":"Limitations on competition.","url":"http:\/\/charter.baltimorecode.localhost\/II-58\/","api_url":"http:\/\/charter.baltimorecode.localhost\/api\/law\/II-58\/"},"58":{"id":"71","structure_id":"2","section_number":"II-59","catch_line":"Loans and loan guarantees.","url":"http:\/\/charter.baltimorecode.localhost\/II-59\/","api_url":"http:\/\/charter.baltimorecode.localhost\/api\/law\/II-59\/"},"59":{"id":"72","structure_id":"2","section_number":"II-6","catch_line":"Ferries.","url":"http:\/\/charter.baltimorecode.localhost\/II-6\/","api_url":"http:\/\/charter.baltimorecode.localhost\/api\/law\/II-6\/"},"60":{"id":"73","structure_id":"2","section_number":"II-60","catch_line":"Reports of loans, loan guarantees, and loan insurance.","url":"http:\/\/charter.baltimorecode.localhost\/II-60\/","api_url":"http:\/\/charter.baltimorecode.localhost\/api\/law\/II-60\/"},"61":{"id":"74","structure_id":"2","section_number":"II-61","catch_line":"Downtown Commercial District Management Authority.","url":"http:\/\/charter.baltimorecode.localhost\/II-61\/","api_url":"http:\/\/charter.baltimorecode.localhost\/api\/law\/II-61\/"},"62":{"id":"75","structure_id":"2","section_number":"II-62","catch_line":"Tax increment financing.","url":"http:\/\/charter.baltimorecode.localhost\/II-62\/","api_url":"http:\/\/charter.baltimorecode.localhost\/api\/law\/II-62\/"},"63":{"id":"76","structure_id":"2","section_number":"II-62A","catch_line":"Special Tax Districts.","url":"http:\/\/charter.baltimorecode.localhost\/II-62A\/","api_url":"http:\/\/charter.baltimorecode.localhost\/api\/law\/II-62A\/"},"64":{"id":"77","structure_id":"2","section_number":"II-63","catch_line":"Community Benefits District Authorities.","url":"http:\/\/charter.baltimorecode.localhost\/II-63\/","api_url":"http:\/\/charter.baltimorecode.localhost\/api\/law\/II-63\/"},"65":{"id":"78","structure_id":"2","section_number":"II-64","catch_line":"\u201cChild First\u201d Authority.","url":"http:\/\/charter.baltimorecode.localhost\/II-64\/","api_url":"http:\/\/charter.baltimorecode.localhost\/api\/law\/II-64\/"},"66":{"id":"79","structure_id":"2","section_number":"II-65","catch_line":"Land Bank Authority.","url":"http:\/\/charter.baltimorecode.localhost\/II-65\/","api_url":"http:\/\/charter.baltimorecode.localhost\/api\/law\/II-65\/"},"67":{"id":"80","structure_id":"2","section_number":"II-66","catch_line":"Community Benefits District Authority \u2013 East Baltimore.","url":"http:\/\/charter.baltimorecode.localhost\/II-66\/","api_url":"http:\/\/charter.baltimorecode.localhost\/api\/law\/II-66\/"},"68":{"id":"81","structure_id":"2","section_number":"II-67","catch_line":"Investment in Our Youth (IO-YOUth) Pilot Program.","url":"http:\/\/charter.baltimorecode.localhost\/II-67\/","api_url":"http:\/\/charter.baltimorecode.localhost\/api\/law\/II-67\/"},"69":{"id":"82","structure_id":"2","section_number":"II-7","catch_line":"Fire.","url":"http:\/\/charter.baltimorecode.localhost\/II-7\/","api_url":"http:\/\/charter.baltimorecode.localhost\/api\/law\/II-7\/"},"70":{"id":"83","structure_id":"2","section_number":"II-8","catch_line":"Food.","url":"http:\/\/charter.baltimorecode.localhost\/II-8\/","api_url":"http:\/\/charter.baltimorecode.localhost\/api\/law\/II-8\/"},"71":{"id":"84","structure_id":"2","section_number":"II-9","catch_line":"Foreign trade zones.","url":"http:\/\/charter.baltimorecode.localhost\/II-9\/","api_url":"http:\/\/charter.baltimorecode.localhost\/api\/law\/II-9\/"}},"next_section":{"id":"70","structure_id":"2","section_number":"II-58","catch_line":"Limitations on competition.","url":"http:\/\/charter.baltimorecode.localhost\/II-58\/","api_url":"http:\/\/charter.baltimorecode.localhost\/api\/law\/II-58\/"},"references":false,"url":"http:\/\/charter.baltimorecode.localhost\/II-57\/","dublin_core":{"Title":"Loans for industrial purposes.","Type":"Text","Format":"text\/html","Identifier":"\u00a7 II-57","Relation":"Baltimore City Charter"},"html":"\n\t\t\t\t\t<section><p><p><span class=\"dictionary\"><\/span>From<span class=\"dictionary\"><\/span> <span class=\"dictionary\"><\/span>or<span class=\"dictionary\"><\/span> <span class=\"dictionary\"><\/span>in<span class=\"dictionary\"><\/span> <span class=\"dictionary\"><\/span>connection<span class=\"dictionary\"><\/span> <span class=\"dictionary\"><\/span>with<span class=\"dictionary\"><\/span> <span class=\"dictionary\"><\/span>funds<span class=\"dictionary\"><\/span> <span class=\"dictionary\"><\/span>available<span class=\"dictionary\"><\/span> <span class=\"dictionary\"><\/span>to<span class=\"dictionary\"><\/span> <span class=\"dictionary\"><\/span>the<span class=\"dictionary\"><\/span> <span class=\"dictionary\"><\/span>Mayor<span class=\"dictionary\"><\/span> <span class=\"dictionary\"><\/span>and<span class=\"dictionary\"><\/span> <span class=\"dictionary\"><\/span>City<span class=\"dictionary\"><\/span> <span class=\"dictionary\"><\/span>Council<span class=\"dictionary\"><\/span> <span class=\"dictionary\"><\/span>of<span class=\"dictionary\"><\/span> <span class=\"dictionary\"><\/span>Baltimore<span class=\"dictionary\"><\/span> <span class=\"dictionary\"><\/span>pursuant<span class=\"dictionary\"><\/span> <span class=\"dictionary\"><\/span>to<span class=\"dictionary\"><\/span><br \/>\n<span class=\"dictionary\"><\/span>Article<span class=\"dictionary\"><\/span> <span class=\"dictionary\"><\/span>XI<span class=\"dictionary\"><\/span>-<span class=\"dictionary\"><\/span>I<span class=\"dictionary\"><\/span> <span class=\"dictionary\"><\/span>of<span class=\"dictionary\"><\/span> <span class=\"dictionary\"><\/span>the<span class=\"dictionary\"><\/span> <span class=\"dictionary\"><\/span>Constitution<span class=\"dictionary\"><\/span> <span class=\"dictionary\"><\/span>of<span class=\"dictionary\"><\/span> <span class=\"dictionary\"><\/span>the<span class=\"dictionary\"><\/span> <span class=\"dictionary\"><\/span>State<span class=\"dictionary\"><\/span> <span class=\"dictionary\"><\/span>of<span class=\"dictionary\"><\/span> <span class=\"dictionary\"><\/span>Maryland<span class=\"dictionary\"><\/span>, <span class=\"dictionary\"><\/span>to<span class=\"dictionary\"><\/span> <span class=\"dictionary\"><\/span>make<span class=\"dictionary\"><\/span>, <span class=\"dictionary\"><\/span>purchase<span class=\"dictionary\"><\/span>, <span class=\"dictionary\"><\/span>contract<span class=\"dictionary\"><\/span> <span class=\"dictionary\"><\/span>to<span class=\"dictionary\"><\/span> <span class=\"dictionary\"><\/span>make<span class=\"dictionary\"><\/span>, <span class=\"dictionary\"><\/span>or<span class=\"dictionary\"><\/span><br \/>\n<span class=\"dictionary\"><\/span>otherwise<span class=\"dictionary\"><\/span> <span class=\"dictionary\"><\/span>acquire<span class=\"dictionary\"><\/span> <span class=\"dictionary\"><\/span>financial<span class=\"dictionary\"><\/span> <span class=\"dictionary\"><\/span>loans<span class=\"dictionary\"><\/span> <span class=\"dictionary\"><\/span>to<span class=\"dictionary\"><\/span> <span class=\"dictionary\"><\/span>any<span class=\"dictionary\"><\/span> <span class=\"dictionary\"><\/span>person<span class=\"dictionary\"><\/span> <span class=\"dictionary\"><\/span>or<span class=\"dictionary\"><\/span> <span class=\"dictionary\"><\/span>other<span class=\"dictionary\"><\/span> <span class=\"dictionary\"><\/span>legal<span class=\"dictionary\"><\/span> <span class=\"dictionary\"><\/span>entity<span class=\"dictionary\"><\/span> <span class=\"dictionary\"><\/span>and<span class=\"dictionary\"><\/span> <span class=\"dictionary\"><\/span>to<span class=\"dictionary\"><\/span> <span class=\"dictionary\"><\/span>guarantee<span class=\"dictionary\"><\/span> <span class=\"dictionary\"><\/span>or<span class=\"dictionary\"><\/span> <span class=\"dictionary\"><\/span>insure<span class=\"dictionary\"><\/span><br \/>\n<span class=\"dictionary\"><\/span>financial<span class=\"dictionary\"><\/span> <span class=\"dictionary\"><\/span>loans<span class=\"dictionary\"><\/span> <span class=\"dictionary\"><\/span>made<span class=\"dictionary\"><\/span> <span class=\"dictionary\"><\/span>by<span class=\"dictionary\"><\/span> <span class=\"dictionary\"><\/span>third<span class=\"dictionary\"><\/span> <span class=\"dictionary\"><\/span>parties<span class=\"dictionary\"><\/span> <span class=\"dictionary\"><\/span>to<span class=\"dictionary\"><\/span> <span class=\"dictionary\"><\/span>any<span class=\"dictionary\"><\/span> <span class=\"dictionary\"><\/span>person<span class=\"dictionary\"><\/span> <span class=\"dictionary\"><\/span>or<span class=\"dictionary\"><\/span> <span class=\"dictionary\"><\/span>other<span class=\"dictionary\"><\/span> <span class=\"dictionary\"><\/span>legal<span class=\"dictionary\"><\/span> <span class=\"dictionary\"><\/span>entity<span class=\"dictionary\"><\/span>, <span class=\"dictionary\"><\/span>such<span class=\"dictionary\"><\/span> <span class=\"dictionary\"><\/span>financial<span class=\"dictionary\"><\/span> <span class=\"dictionary\"><\/span>loans<span class=\"dictionary\"><\/span> <span class=\"dictionary\"><\/span>to<span class=\"dictionary\"><\/span> <span class=\"dictionary\"><\/span>be<span class=\"dictionary\"><\/span><br \/>\n<span class=\"dictionary\"><\/span>used<span class=\"dictionary\"><\/span> <span class=\"dictionary\"><\/span>for<span class=\"dictionary\"><\/span> <span class=\"dictionary\"><\/span>or<span class=\"dictionary\"><\/span> <span class=\"dictionary\"><\/span>in<span class=\"dictionary\"><\/span> <span class=\"dictionary\"><\/span>connection<span class=\"dictionary\"><\/span> <span class=\"dictionary\"><\/span>with<span class=\"dictionary\"><\/span> <span class=\"dictionary\"><\/span>the<span class=\"dictionary\"><\/span> <span class=\"dictionary\"><\/span>purchase<span class=\"dictionary\"><\/span> <span class=\"dictionary\"><\/span>or<span class=\"dictionary\"><\/span> <span class=\"dictionary\"><\/span>acquisition<span class=\"dictionary\"><\/span> <span class=\"dictionary\"><\/span>of<span class=\"dictionary\"><\/span> <span class=\"dictionary\"><\/span>leasehold<span class=\"dictionary\"><\/span> <span class=\"dictionary\"><\/span>or<span class=\"dictionary\"><\/span> <span class=\"dictionary\"><\/span>fee<span class=\"dictionary\"><\/span> <span class=\"dictionary\"><\/span>simple<span class=\"dictionary\"><\/span> <span class=\"dictionary\"><\/span>interests<span class=\"dictionary\"><\/span> <span class=\"dictionary\"><\/span>in<span class=\"dictionary\"><\/span><br \/>\n<span class=\"dictionary\"><\/span>buildings<span class=\"dictionary\"><\/span> <span class=\"dictionary\"><\/span>or<span class=\"dictionary\"><\/span> <span class=\"dictionary\"><\/span>structures<span class=\"dictionary\"><\/span>, <span class=\"dictionary\"><\/span>and<span class=\"dictionary\"><\/span> <span class=\"dictionary\"><\/span>for<span class=\"dictionary\"><\/span> <span class=\"dictionary\"><\/span>construction<span class=\"dictionary\"><\/span>, <span class=\"dictionary\"><\/span>reconstruction<span class=\"dictionary\"><\/span>, <span class=\"dictionary\"><\/span>erection<span class=\"dictionary\"><\/span>, <span class=\"dictionary\"><\/span>development<span class=\"dictionary\"><\/span>, <span class=\"dictionary\"><\/span>rehabilitation<span class=\"dictionary\"><\/span>,<br \/>\n<span class=\"dictionary\"><\/span>renovation<span class=\"dictionary\"><\/span>, <span class=\"dictionary\"><\/span>redevelopment<span class=\"dictionary\"><\/span> <span class=\"dictionary\"><\/span>or<span class=\"dictionary\"><\/span> <span class=\"dictionary\"><\/span>improvement<span class=\"dictionary\"><\/span> <span class=\"dictionary\"><\/span>of<span class=\"dictionary\"><\/span> <span class=\"dictionary\"><\/span>buildings<span class=\"dictionary\"><\/span> <span class=\"dictionary\"><\/span>or<span class=\"dictionary\"><\/span> <span class=\"dictionary\"><\/span>structures<span class=\"dictionary\"><\/span>, <span class=\"dictionary\"><\/span>located<span class=\"dictionary\"><\/span> <span class=\"dictionary\"><\/span>within<span class=\"dictionary\"><\/span> <span class=\"dictionary\"><\/span>the<span class=\"dictionary\"><\/span> <span class=\"dictionary\"><\/span>boundaries<span class=\"dictionary\"><\/span><br \/>\n<span class=\"dictionary\"><\/span>of<span class=\"dictionary\"><\/span> <span class=\"dictionary\"><\/span>Baltimore<span class=\"dictionary\"><\/span> <span class=\"dictionary\"><\/span>City<span class=\"dictionary\"><\/span>, <span class=\"dictionary\"><\/span>which<span class=\"dictionary\"><\/span> <span class=\"dictionary\"><\/span>buildings<span class=\"dictionary\"><\/span> <span class=\"dictionary\"><\/span>or<span class=\"dictionary\"><\/span> <span class=\"dictionary\"><\/span>structures<span class=\"dictionary\"><\/span> <span class=\"dictionary\"><\/span>are<span class=\"dictionary\"><\/span> <span class=\"dictionary\"><\/span>to<span class=\"dictionary\"><\/span> <span class=\"dictionary\"><\/span>be<span class=\"dictionary\"><\/span> <span class=\"dictionary\"><\/span>used<span class=\"dictionary\"><\/span> <span class=\"dictionary\"><\/span>or<span class=\"dictionary\"><\/span> <span class=\"dictionary\"><\/span>occupied<span class=\"dictionary\"><\/span> <span class=\"dictionary\"><\/span>for<span class=\"dictionary\"><\/span> <span class=\"dictionary\"><\/span>industrial<span class=\"dictionary\"><\/span> <span class=\"dictionary\"><\/span>purposes<span class=\"dictionary\"><\/span>.<\/p>\n<p><span class=\"dictionary\"><\/span>The<span class=\"dictionary\"><\/span> <span class=\"dictionary\"><\/span>term<span class=\"dictionary\"><\/span> \u201c<span class=\"dictionary\"><\/span>industrial<span class=\"dictionary\"><\/span> <span class=\"dictionary\"><\/span>purposes<span class=\"dictionary\"><\/span>\u201d <span class=\"dictionary\"><\/span>shall<span class=\"dictionary\"><\/span> <span class=\"dictionary\"><\/span>embrace<span class=\"dictionary\"><\/span> <span class=\"dictionary\"><\/span>every<span class=\"dictionary\"><\/span> <span class=\"dictionary\"><\/span>type<span class=\"dictionary\"><\/span> <span class=\"dictionary\"><\/span>or<span class=\"dictionary\"><\/span> <span class=\"dictionary\"><\/span>branch<span class=\"dictionary\"><\/span> <span class=\"dictionary\"><\/span>of<span class=\"dictionary\"><\/span> <span class=\"dictionary\"><\/span>business<span class=\"dictionary\"><\/span>, <span class=\"dictionary\"><\/span>conducted<span class=\"dictionary\"><\/span> <span class=\"dictionary\"><\/span>for<span class=\"dictionary\"><\/span> <span class=\"dictionary\"><\/span>a<span class=\"dictionary\"><\/span><br \/>\n<span class=\"dictionary\"><\/span>livelihood<span class=\"dictionary\"><\/span> <span class=\"dictionary\"><\/span>or<span class=\"dictionary\"><\/span> <span class=\"dictionary\"><\/span>for<span class=\"dictionary\"><\/span> <span class=\"dictionary\"><\/span>profit<span class=\"dictionary\"><\/span>, <span class=\"dictionary\"><\/span>or<span class=\"dictionary\"><\/span> <span class=\"dictionary\"><\/span>conducted<span class=\"dictionary\"><\/span> <span class=\"dictionary\"><\/span>on<span class=\"dictionary\"><\/span> <span class=\"dictionary\"><\/span>a<span class=\"dictionary\"><\/span> <span class=\"dictionary\"><\/span>nonprofit<span class=\"dictionary\"><\/span> <span class=\"dictionary\"><\/span>basis<span class=\"dictionary\"><\/span>, <span class=\"dictionary\"><\/span>provided<span class=\"dictionary\"><\/span> <span class=\"dictionary\"><\/span>that<span class=\"dictionary\"><\/span> <span class=\"dictionary\"><\/span>the<span class=\"dictionary\"><\/span> <span class=\"dictionary\"><\/span>building<span class=\"dictionary\"><\/span> <span class=\"dictionary\"><\/span>or<span class=\"dictionary\"><\/span> <span class=\"dictionary\"><\/span>structure<span class=\"dictionary\"><\/span> <span class=\"dictionary\"><\/span>may<span class=\"dictionary\"><\/span><br \/>\n<span class=\"dictionary\"><\/span>be<span class=\"dictionary\"><\/span> <span class=\"dictionary\"><\/span>financed<span class=\"dictionary\"><\/span> <span class=\"dictionary\"><\/span>by<span class=\"dictionary\"><\/span> <span class=\"dictionary\"><\/span>obligations<span class=\"dictionary\"><\/span> <span class=\"dictionary\"><\/span>the<span class=\"dictionary\"><\/span> <span class=\"dictionary\"><\/span>interest<span class=\"dictionary\"><\/span> <span class=\"dictionary\"><\/span>on<span class=\"dictionary\"><\/span> <span class=\"dictionary\"><\/span>which<span class=\"dictionary\"><\/span> <span class=\"dictionary\"><\/span>is<span class=\"dictionary\"><\/span> <span class=\"dictionary\"><\/span>exempt<span class=\"dictionary\"><\/span> <span class=\"dictionary\"><\/span>from<span class=\"dictionary\"><\/span> <span class=\"dictionary\"><\/span>federal<span class=\"dictionary\"><\/span> <span class=\"dictionary\"><\/span>income<span class=\"dictionary\"><\/span> <span class=\"dictionary\"><\/span>taxation<span class=\"dictionary\"><\/span> <span class=\"dictionary\"><\/span>under<span class=\"dictionary\"><\/span> <span class=\"dictionary\"><\/span>the<span class=\"dictionary\"><\/span><br \/>\n<span class=\"dictionary\"><\/span>provisions<span class=\"dictionary\"><\/span> <span class=\"dictionary\"><\/span>of<span class=\"dictionary\"><\/span> <span class=\"dictionary\"><\/span>any<span class=\"dictionary\"><\/span> <span class=\"dictionary\"><\/span>federal<span class=\"dictionary\"><\/span> <span class=\"dictionary\"><\/span>statute<span class=\"dictionary\"><\/span>, <span class=\"dictionary\"><\/span>including<span class=\"dictionary\"><\/span> <span class=\"dictionary\"><\/span>the<span class=\"dictionary\"><\/span> <span class=\"dictionary\"><\/span>provisions<span class=\"dictionary\"><\/span> <span class=\"dictionary\"><\/span>of<span class=\"dictionary\"><\/span> <span class=\"dictionary\"><\/span>Section<span class=\"dictionary\"><\/span> <span class=\"dictionary\"><\/span>103<span class=\"dictionary\"><\/span> <span class=\"dictionary\"><\/span>of<span class=\"dictionary\"><\/span> <span class=\"dictionary\"><\/span>the<span class=\"dictionary\"><\/span> <span class=\"dictionary\"><\/span>Internal<span class=\"dictionary\"><\/span> <span class=\"dictionary\"><\/span>Revenue<span class=\"dictionary\"><\/span><br \/>\n<span class=\"dictionary\"><\/span>Code<span class=\"dictionary\"><\/span> <span class=\"dictionary\"><\/span>of<span class=\"dictionary\"><\/span> <span class=\"dictionary\"><\/span>1954<span class=\"dictionary\"><\/span>, <span class=\"dictionary\"><\/span>as<span class=\"dictionary\"><\/span> <span class=\"dictionary\"><\/span>now<span class=\"dictionary\"><\/span> <span class=\"dictionary\"><\/span>or<span class=\"dictionary\"><\/span> <span class=\"dictionary\"><\/span>hereafter<span class=\"dictionary\"><\/span> <span class=\"dictionary\"><\/span>amended<span class=\"dictionary\"><\/span>.<\/p>\n<p><span class=\"dictionary\"><\/span>It<span class=\"dictionary\"><\/span> <span class=\"dictionary\"><\/span>is<span class=\"dictionary\"><\/span> <span class=\"dictionary\"><\/span>hereby<span class=\"dictionary\"><\/span> <span class=\"dictionary\"><\/span>found<span class=\"dictionary\"><\/span> <span class=\"dictionary\"><\/span>and<span class=\"dictionary\"><\/span> <span class=\"dictionary\"><\/span>determined<span class=\"dictionary\"><\/span> <span class=\"dictionary\"><\/span>that<span class=\"dictionary\"><\/span> <span class=\"dictionary\"><\/span>conditions<span class=\"dictionary\"><\/span> <span class=\"dictionary\"><\/span>of<span class=\"dictionary\"><\/span> <span class=\"dictionary\"><\/span>unemployment<span class=\"dictionary\"><\/span> <span class=\"dictionary\"><\/span>exist<span class=\"dictionary\"><\/span> <span class=\"dictionary\"><\/span>in<span class=\"dictionary\"><\/span> <span class=\"dictionary\"><\/span>Baltimore<span class=\"dictionary\"><\/span> <span class=\"dictionary\"><\/span>City<span class=\"dictionary\"><\/span> <span class=\"dictionary\"><\/span>and<span class=\"dictionary\"><\/span> <span class=\"dictionary\"><\/span>the<span class=\"dictionary\"><\/span><br \/>\n<span class=\"dictionary\"><\/span>development<span class=\"dictionary\"><\/span> <span class=\"dictionary\"><\/span>of<span class=\"dictionary\"><\/span> <span class=\"dictionary\"><\/span>business<span class=\"dictionary\"><\/span> <span class=\"dictionary\"><\/span>of<span class=\"dictionary\"><\/span> <span class=\"dictionary\"><\/span>all<span class=\"dictionary\"><\/span> <span class=\"dictionary\"><\/span>types<span class=\"dictionary\"><\/span> (<span class=\"dictionary\"><\/span>including<span class=\"dictionary\"><\/span>, <span class=\"dictionary\"><\/span>without<span class=\"dictionary\"><\/span> <span class=\"dictionary\"><\/span>limitation<span class=\"dictionary\"><\/span>, <span class=\"dictionary\"><\/span>manufacturing<span class=\"dictionary\"><\/span>, <span class=\"dictionary\"><\/span>commerce<span class=\"dictionary\"><\/span>,<br \/>\n<span class=\"dictionary\"><\/span>research<span class=\"dictionary\"><\/span>, <span class=\"dictionary\"><\/span>education<span class=\"dictionary\"><\/span>, <span class=\"dictionary\"><\/span>real<span class=\"dictionary\"><\/span> <span class=\"dictionary\"><\/span>estate<span class=\"dictionary\"><\/span> <span class=\"dictionary\"><\/span>development<span class=\"dictionary\"><\/span>, <span class=\"dictionary\"><\/span>and<span class=\"dictionary\"><\/span> <span class=\"dictionary\"><\/span>recreation<span class=\"dictionary\"><\/span>) <span class=\"dictionary\"><\/span>is<span class=\"dictionary\"><\/span> <span class=\"dictionary\"><\/span>essential<span class=\"dictionary\"><\/span> <span class=\"dictionary\"><\/span>to<span class=\"dictionary\"><\/span> <span class=\"dictionary\"><\/span>relieve<span class=\"dictionary\"><\/span> <span class=\"dictionary\"><\/span>this<span class=\"dictionary\"><\/span><br \/>\n<span class=\"dictionary\"><\/span>unemployment<span class=\"dictionary\"><\/span> <span class=\"dictionary\"><\/span>and<span class=\"dictionary\"><\/span> <span class=\"dictionary\"><\/span>to<span class=\"dictionary\"><\/span> <span class=\"dictionary\"><\/span>establish<span class=\"dictionary\"><\/span> <span class=\"dictionary\"><\/span>a<span class=\"dictionary\"><\/span> <span class=\"dictionary\"><\/span>balanced<span class=\"dictionary\"><\/span> <span class=\"dictionary\"><\/span>economy<span class=\"dictionary\"><\/span> <span class=\"dictionary\"><\/span>in<span class=\"dictionary\"><\/span> <span class=\"dictionary\"><\/span>Baltimore<span class=\"dictionary\"><\/span> <span class=\"dictionary\"><\/span>City<span class=\"dictionary\"><\/span>.<\/p>\n<p><span class=\"dictionary\"><\/span>In<span class=\"dictionary\"><\/span> <span class=\"dictionary\"><\/span>connection<span class=\"dictionary\"><\/span> <span class=\"dictionary\"><\/span>with<span class=\"dictionary\"><\/span> <span class=\"dictionary\"><\/span>such<span class=\"dictionary\"><\/span> <span class=\"dictionary\"><\/span>loans<span class=\"dictionary\"><\/span> <span class=\"dictionary\"><\/span>and<span class=\"dictionary\"><\/span> <span class=\"dictionary\"><\/span>guarantees<span class=\"dictionary\"><\/span>, <span class=\"dictionary\"><\/span>the<span class=\"dictionary\"><\/span> <span class=\"dictionary\"><\/span>City<span class=\"dictionary\"><\/span> <span class=\"dictionary\"><\/span>may<span class=\"dictionary\"><\/span> <span class=\"dictionary\"><\/span>make<span class=\"dictionary\"><\/span> <span class=\"dictionary\"><\/span>loans<span class=\"dictionary\"><\/span> <span class=\"dictionary\"><\/span>directly<span class=\"dictionary\"><\/span> <span class=\"dictionary\"><\/span>for<span class=\"dictionary\"><\/span> <span class=\"dictionary\"><\/span>qualifying<span class=\"dictionary\"><\/span><br \/>\n<span class=\"dictionary\"><\/span>projects<span class=\"dictionary\"><\/span> <span class=\"dictionary\"><\/span>and<span class=\"dictionary\"><\/span> <span class=\"dictionary\"><\/span>may<span class=\"dictionary\"><\/span> <span class=\"dictionary\"><\/span>guarantee<span class=\"dictionary\"><\/span> <span class=\"dictionary\"><\/span>or<span class=\"dictionary\"><\/span> <span class=\"dictionary\"><\/span>insure<span class=\"dictionary\"><\/span> <span class=\"dictionary\"><\/span>loans<span class=\"dictionary\"><\/span> <span class=\"dictionary\"><\/span>made<span class=\"dictionary\"><\/span> <span class=\"dictionary\"><\/span>by<span class=\"dictionary\"><\/span> <span class=\"dictionary\"><\/span>third<span class=\"dictionary\"><\/span> <span class=\"dictionary\"><\/span>parties<span class=\"dictionary\"><\/span> <span class=\"dictionary\"><\/span>for<span class=\"dictionary\"><\/span> <span class=\"dictionary\"><\/span>such<span class=\"dictionary\"><\/span> <span class=\"dictionary\"><\/span>projects<span class=\"dictionary\"><\/span>, <span class=\"dictionary\"><\/span>including<span class=\"dictionary\"><\/span> <span class=\"dictionary\"><\/span>loans<span class=\"dictionary\"><\/span><br \/>\n<span class=\"dictionary\"><\/span>made<span class=\"dictionary\"><\/span> <span class=\"dictionary\"><\/span>in<span class=\"dictionary\"><\/span> <span class=\"dictionary\"><\/span>the<span class=\"dictionary\"><\/span> <span class=\"dictionary\"><\/span>form<span class=\"dictionary\"><\/span> <span class=\"dictionary\"><\/span>of<span class=\"dictionary\"><\/span> <span class=\"dictionary\"><\/span>the<span class=\"dictionary\"><\/span> <span class=\"dictionary\"><\/span>acquisition<span class=\"dictionary\"><\/span> <span class=\"dictionary\"><\/span>by<span class=\"dictionary\"><\/span> <span class=\"dictionary\"><\/span>a<span class=\"dictionary\"><\/span> <span class=\"dictionary\"><\/span>third<span class=\"dictionary\"><\/span> <span class=\"dictionary\"><\/span>party<span class=\"dictionary\"><\/span> <span class=\"dictionary\"><\/span>of<span class=\"dictionary\"><\/span> <span class=\"dictionary\"><\/span>revenue<span class=\"dictionary\"><\/span> <span class=\"dictionary\"><\/span>bonds<span class=\"dictionary\"><\/span> <span class=\"dictionary\"><\/span>or<span class=\"dictionary\"><\/span> <span class=\"dictionary\"><\/span>any<span class=\"dictionary\"><\/span> <span class=\"dictionary\"><\/span>other<span class=\"dictionary\"><\/span> <span class=\"dictionary\"><\/span>evidence<span class=\"dictionary\"><\/span> <span class=\"dictionary\"><\/span>of<span class=\"dictionary\"><\/span><br \/>\n<span class=\"dictionary\"><\/span>indebtedness<span class=\"dictionary\"><\/span>.<br \/>\n(<span class=\"dictionary\"><\/span>Ch<span class=\"dictionary\"><\/span>. <span class=\"dictionary\"><\/span>454<span class=\"dictionary\"><\/span>, <span class=\"dictionary\"><\/span>Acts<span class=\"dictionary\"><\/span> <span class=\"dictionary\"><\/span>of<span class=\"dictionary\"><\/span> <span class=\"dictionary\"><\/span>1980<span class=\"dictionary\"><\/span>.)<\/p>\n<\/p><\/section>","plain_text":"                              BALTIMORE CITY CHARTER\n\nLOANS FOR INDUSTRIAL PURPOSES. (\u00a7 II-57)\n\nFrom or in connection with funds available to the Mayor and City Council of\nBaltimore pursuant to\nArticle XI-I of the Constitution of the State of Maryland, to make, purchase,\ncontract to make, or\notherwise acquire financial loans to any person or other legal entity and to\nguarantee or insure\nfinancial loans made by third parties to any person or other legal entity, such\nfinancial loans to be\nused for or in connection with the purchase or acquisition of leasehold or fee\nsimple interests in\nbuildings or structures, and for construction, reconstruction, erection,\ndevelopment, rehabilitation,\nrenovation, redevelopment or improvement of buildings or structures, located\nwithin the boundaries\nof Baltimore City, which buildings or structures are to be used or occupied for\nindustrial purposes.\nThe term \u201cindustrial purposes\u201d shall embrace every type or branch of\nbusiness, conducted for a\nlivelihood or for profit, or conducted on a nonprofit basis, provided that the\nbuilding or structure may\nbe financed by obligations the interest on which is exempt from federal income\ntaxation under the\nprovisions of any federal statute, including the provisions of Section 103 of\nthe Internal Revenue\nCode of 1954, as now or hereafter amended.\nIt is hereby found and determined that conditions of unemployment exist in\nBaltimore City and the\ndevelopment of business of all types (including, without limitation,\nmanufacturing, commerce,\nresearch, education, real estate development, and recreation) is essential to\nrelieve this\nunemployment and to establish a balanced economy in Baltimore City.\nIn connection with such loans and guarantees, the City may make loans directly\nfor qualifying\nprojects and may guarantee or insure loans made by third parties for such\nprojects, including loans\nmade in the form of the acquisition by a third party of revenue bonds or any\nother evidence of\nindebtedness.\n(Ch. 454, Acts of 1980.)\n","previous_section":{"id":"68","structure_id":"2","section_number":"II-56","catch_line":"Volunteer workers.","url":"http:\/\/charter.baltimorecode.localhost\/II-56\/","api_url":"http:\/\/charter.baltimorecode.localhost\/api\/law\/II-56\/"},"text":{"0":{"id":"69","text":"From or in connection with funds available to the Mayor and City Council of Baltimore pursuant to\nArticle XI-I of the Constitution of the State of Maryland, to make, purchase, contract to make, or\notherwise acquire financial loans to any person or other legal entity and to guarantee or insure\nfinancial loans made by third parties to any person or other legal entity, such financial loans to be\nused for or in connection with the purchase or acquisition of leasehold or fee simple interests in\nbuildings or structures, and for construction, reconstruction, erection, development, rehabilitation,\nrenovation, redevelopment or improvement of buildings or structures, located within the boundaries\nof Baltimore City, which buildings or structures are to be used or occupied for industrial purposes.\nThe term \u201cindustrial purposes\u201d shall embrace every type or branch of business, conducted for a\nlivelihood or for profit, or conducted on a nonprofit basis, provided that the building or structure may\nbe financed by obligations the interest on which is exempt from federal income taxation under the\nprovisions of any federal statute, including the provisions of Section 103 of the Internal Revenue\nCode of 1954, as now or hereafter amended.\nIt is hereby found and determined that conditions of unemployment exist in Baltimore City and the\ndevelopment of business of all types (including, without limitation, manufacturing, commerce,\nresearch, education, real estate development, and recreation) is essential to relieve this\nunemployment and to establish a balanced economy in Baltimore City.\nIn connection with such loans and guarantees, the City may make loans directly for qualifying\nprojects and may guarantee or insure loans made by third parties for such projects, including loans\nmade in the form of the acquisition by a third party of revenue bonds or any other evidence of\nindebtedness.\n(Ch. 454, Acts of 1980.)\n","type":"section","prefixes":[""],"prefix":"","entire_prefix":"","prefix_anchor":"","level":1}}}