{"section_number":"II-59","section_id":"71","structure_id":"19","catch_line":"Loans and loan guarantees.","history":"","full_text":" To use the proceeds of any debt of the Mayor and City Council of Baltimore, created pursuant to\nArticle XI, Section 7 of the Constitution of Maryland, in order to effectuate any purpose which the\nGeneral Assembly of Maryland has or may hereafter authorize pursuant to Articles XI-G, XI-H, or\nXI-I of the Constitution of Maryland, as follows:\n\n  (a)to make or contract to make financial loans to any person or other legal entity to be used for\nor in connection with the rehabilitation, renovation, redevelopment, or improvement of\nbuildings or structures located within the boundaries of Baltimore City, which buildings or\nstructures are to be used or occupied for residential purposes;\n  (b)to guarantee or insure financial loans made by third parties to any person or other legal entity\nto be used for or in connection with the rehabilitation, renovation, redevelopment, or\nimprovement of buildings or structures located within the boundaries of Baltimore City,\nwhich buildings or structures are to be used or occupied for residential purposes;\n\n  (c)to make or contract to make financial loans to any person or other legal entity to be used for\nor in connection with the purchase or acquisition of leasehold or fee simple interests in\nbuildings or structures, and for construction, reconstruction, erection, development,\nrehabilitation, renovation, redevelopment, or improvement of buildings or structures, located\nwithin the boundaries of Baltimore City, which buildings or structures are to be used or\noccupied for commercial purposes;\n\n  (d)to guarantee or insure financial loans made by third parties to any person or other legal entity\nto be used for or in connection with the purchase or acquisition of leasehold or fee simple\ninterests in buildings or structures, and for construction, reconstruction, erection,\ndevelopment, rehabilitation, renovation, redevelopment, or improvement of buildings or\nstructures, located within the boundaries of Baltimore City, which buildings or structures are\nto be used or occupied for commercial purposes;\n\n  (e)to make or contract to make financial loans to any person or other legal entity to be used for\nor in connection with the purchase, acquisition, construction, erection, or development of\nbuildings or structures, including any land necessary therefor, within the boundaries of\nBaltimore City, which buildings or structures are to be used or occupied for residential\npurposes;\n\n  (f)to guarantee or insure financial loans made by third parties to any person or other legal entity\nwhich are to be used for or in connection with the purchase, acquisition, construction,\nerection, or development of buildings or structures, including any land necessary therefor,\nwithin the boundaries of Baltimore City, which buildings or structures are to be used or\noccupied for residential purposes;\n\n  (g)to make or contract to make financial loans to any person or other legal entity to be used for\nor in connection with the purchase, acquisition, construction, reconstruction, erection,\ndevelopment, redevelopment, rehabilitation, renovation, modernization, or improvement of\nbuildings or structures, including any land necessary therefor, within the boundaries of\nBaltimore City, which buildings or structures are to be used or occupied for industrial\npurposes; and\n\n  (h)to guarantee or insure financial loans made by third parties to any person or other legal entity\nwhich are to be used for or in connection with the purchase, acquisition, construction,\nreconstruction, erection, development, redevelopment, rehabilitation, renovation,\nmodernization, or improvement of buildings or structures, including any land necessary\ntherefor, within the boundaries of Baltimore City, which buildings or structures are to be used\nor occupied for industrial purposes.\n(Ch. 645, Acts of 1984.)\r\r","ancestry":{"1":{"id":"19","name":"General Powers","identifier":"II","label":"article","url":"http:\/\/charter.baltimorecode\/II\/"}},"structure_contents":{"0":{"id":"13","structure_id":"19","section_number":"II-1","catch_line":"Buildings.","url":"http:\/\/charter.baltimorecode\/II-1\/","api_url":"http:\/\/charter.baltimorecode\/api\/law\/II-1\/"},"1":{"id":"25","structure_id":"19","section_number":"II-2","catch_line":"Condemnation.","url":"http:\/\/charter.baltimorecode\/II-2\/","api_url":"http:\/\/charter.baltimorecode\/api\/law\/II-2\/"},"2":{"id":"36","structure_id":"19","section_number":"II-3","catch_line":"Federal grants and contracts.","url":"http:\/\/charter.baltimorecode\/II-3\/","api_url":"http:\/\/charter.baltimorecode\/api\/law\/II-3\/"},"3":{"id":"49","structure_id":"19","section_number":"II-4","catch_line":"Wage and hour requirements for public contracts.","url":"http:\/\/charter.baltimorecode\/II-4\/","api_url":"http:\/\/charter.baltimorecode\/api\/law\/II-4\/"},"4":{"id":"60","structure_id":"19","section_number":"II-4A","catch_line":"Contract disputes.","url":"http:\/\/charter.baltimorecode\/II-4A\/","api_url":"http:\/\/charter.baltimorecode\/api\/law\/II-4A\/"},"5":{"id":"61","structure_id":"19","section_number":"II-5","catch_line":"Entry on private property.","url":"http:\/\/charter.baltimorecode\/II-5\/","api_url":"http:\/\/charter.baltimorecode\/api\/law\/II-5\/"},"6":{"id":"72","structure_id":"19","section_number":"II-6","catch_line":"Ferries.","url":"http:\/\/charter.baltimorecode\/II-6\/","api_url":"http:\/\/charter.baltimorecode\/api\/law\/II-6\/"},"7":{"id":"82","structure_id":"19","section_number":"II-7","catch_line":"Fire.","url":"http:\/\/charter.baltimorecode\/II-7\/","api_url":"http:\/\/charter.baltimorecode\/api\/law\/II-7\/"},"8":{"id":"83","structure_id":"19","section_number":"II-8","catch_line":"Food.","url":"http:\/\/charter.baltimorecode\/II-8\/","api_url":"http:\/\/charter.baltimorecode\/api\/law\/II-8\/"},"9":{"id":"84","structure_id":"19","section_number":"II-9","catch_line":"Foreign trade zones.","url":"http:\/\/charter.baltimorecode\/II-9\/","api_url":"http:\/\/charter.baltimorecode\/api\/law\/II-9\/"},"10":{"id":"14","structure_id":"19","section_number":"II-10","catch_line":"Harbor, docks, and wharves.","url":"http:\/\/charter.baltimorecode\/II-10\/","api_url":"http:\/\/charter.baltimorecode\/api\/law\/II-10\/"},"11":{"id":"15","structure_id":"19","section_number":"II-11","catch_line":"Health and nuisances.","url":"http:\/\/charter.baltimorecode\/II-11\/","api_url":"http:\/\/charter.baltimorecode\/api\/law\/II-11\/"},"12":{"id":"16","structure_id":"19","section_number":"II-12","catch_line":"Hospitals, etc.","url":"http:\/\/charter.baltimorecode\/II-12\/","api_url":"http:\/\/charter.baltimorecode\/api\/law\/II-12\/"},"13":{"id":"17","structure_id":"19","section_number":"II-13","catch_line":"Jail.","url":"http:\/\/charter.baltimorecode\/II-13\/","api_url":"http:\/\/charter.baltimorecode\/api\/law\/II-13\/"},"14":{"id":"18","structure_id":"19","section_number":"II-14","catch_line":"Jones\u2019 Falls.","url":"http:\/\/charter.baltimorecode\/II-14\/","api_url":"http:\/\/charter.baltimorecode\/api\/law\/II-14\/"},"15":{"id":"19","structure_id":"19","section_number":"II-15","catch_line":"Land development and redevelopment.","url":"http:\/\/charter.baltimorecode\/II-15\/","api_url":"http:\/\/charter.baltimorecode\/api\/law\/II-15\/"},"16":{"id":"20","structure_id":"19","section_number":"II-15A","catch_line":"Industrial and economic development.","url":"http:\/\/charter.baltimorecode\/II-15A\/","api_url":"http:\/\/charter.baltimorecode\/api\/law\/II-15A\/"},"17":{"id":"21","structure_id":"19","section_number":"II-16","catch_line":"Libraries, art galleries, and museums.","url":"http:\/\/charter.baltimorecode\/II-16\/","api_url":"http:\/\/charter.baltimorecode\/api\/law\/II-16\/"},"18":{"id":"22","structure_id":"19","section_number":"II-17","catch_line":"Licences.","url":"http:\/\/charter.baltimorecode\/II-17\/","api_url":"http:\/\/charter.baltimorecode\/api\/law\/II-17\/"},"19":{"id":"23","structure_id":"19","section_number":"II-18","catch_line":"Markets.","url":"http:\/\/charter.baltimorecode\/II-18\/","api_url":"http:\/\/charter.baltimorecode\/api\/law\/II-18\/"},"20":{"id":"24","structure_id":"19","section_number":"II-19","catch_line":"Municipal liens.","url":"http:\/\/charter.baltimorecode\/II-19\/","api_url":"http:\/\/charter.baltimorecode\/api\/law\/II-19\/"},"21":{"id":"26","structure_id":"19","section_number":"II-20","catch_line":"Parking facilities.","url":"http:\/\/charter.baltimorecode\/II-20\/","api_url":"http:\/\/charter.baltimorecode\/api\/law\/II-20\/"},"22":{"id":"27","structure_id":"19","section_number":"II-21","catch_line":"Parks, recreational facilities, etc.","url":"http:\/\/charter.baltimorecode\/II-21\/","api_url":"http:\/\/charter.baltimorecode\/api\/law\/II-21\/"},"23":{"id":"28","structure_id":"19","section_number":"II-22","catch_line":"of the Annotated Code, as amended, replaced or supplemented from time to time, and","url":"http:\/\/charter.baltimorecode\/II-22\/","api_url":"http:\/\/charter.baltimorecode\/api\/law\/II-22\/"},"24":{"id":"29","structure_id":"19","section_number":"II-23","catch_line":"Peddlers.","url":"http:\/\/charter.baltimorecode\/II-23\/","api_url":"http:\/\/charter.baltimorecode\/api\/law\/II-23\/"},"25":{"id":"30","structure_id":"19","section_number":"II-24","catch_line":"Pensions.","url":"http:\/\/charter.baltimorecode\/II-24\/","api_url":"http:\/\/charter.baltimorecode\/api\/law\/II-24\/"},"26":{"id":"31","structure_id":"19","section_number":"II-25","catch_line":"Pensions for school cafeteria employees.","url":"http:\/\/charter.baltimorecode\/II-25\/","api_url":"http:\/\/charter.baltimorecode\/api\/law\/II-25\/"},"27":{"id":"32","structure_id":"19","section_number":"II-26","catch_line":"Pensions for police and fire employees.","url":"http:\/\/charter.baltimorecode\/II-26\/","api_url":"http:\/\/charter.baltimorecode\/api\/law\/II-26\/"},"28":{"id":"33","structure_id":"19","section_number":"II-27","catch_line":"Police power.","url":"http:\/\/charter.baltimorecode\/II-27\/","api_url":"http:\/\/charter.baltimorecode\/api\/law\/II-27\/"},"29":{"id":"34","structure_id":"19","section_number":"II-28","catch_line":"Port development.","url":"http:\/\/charter.baltimorecode\/II-28\/","api_url":"http:\/\/charter.baltimorecode\/api\/law\/II-28\/"},"30":{"id":"35","structure_id":"19","section_number":"II-29","catch_line":"Railroads.","url":"http:\/\/charter.baltimorecode\/II-29\/","api_url":"http:\/\/charter.baltimorecode\/api\/law\/II-29\/"},"31":{"id":"37","structure_id":"19","section_number":"II-30","catch_line":"Schools.","url":"http:\/\/charter.baltimorecode\/II-30\/","api_url":"http:\/\/charter.baltimorecode\/api\/law\/II-30\/"},"32":{"id":"38","structure_id":"19","section_number":"II-31","catch_line":"Sewers.","url":"http:\/\/charter.baltimorecode\/II-31\/","api_url":"http:\/\/charter.baltimorecode\/api\/law\/II-31\/"},"33":{"id":"39","structure_id":"19","section_number":"II-32","catch_line":"Storm water courses and flood areas.","url":"http:\/\/charter.baltimorecode\/II-32\/","api_url":"http:\/\/charter.baltimorecode\/api\/law\/II-32\/"},"34":{"id":"40","structure_id":"19","section_number":"II-33","catch_line":"Stocks, loans, and finance.","url":"http:\/\/charter.baltimorecode\/II-33\/","api_url":"http:\/\/charter.baltimorecode\/api\/law\/II-33\/"},"35":{"id":"41","structure_id":"19","section_number":"II-34","catch_line":"Streets, bridges, and tunnels.","url":"http:\/\/charter.baltimorecode\/II-34\/","api_url":"http:\/\/charter.baltimorecode\/api\/law\/II-34\/"},"36":{"id":"42","structure_id":"19","section_number":"II-34A","catch_line":"Parking at intersections.","url":"http:\/\/charter.baltimorecode\/II-34A\/","api_url":"http:\/\/charter.baltimorecode\/api\/law\/II-34A\/"},"37":{"id":"43","structure_id":"19","section_number":"II-35","catch_line":"Streets, lanes, and alleys.","url":"http:\/\/charter.baltimorecode\/II-35\/","api_url":"http:\/\/charter.baltimorecode\/api\/law\/II-35\/"},"38":{"id":"44","structure_id":"19","section_number":"II-35A","catch_line":"Cable television franchises.","url":"http:\/\/charter.baltimorecode\/II-35A\/","api_url":"http:\/\/charter.baltimorecode\/api\/law\/II-35A\/"},"39":{"id":"45","structure_id":"19","section_number":"II-36","catch_line":"Public or private alley.","url":"http:\/\/charter.baltimorecode\/II-36\/","api_url":"http:\/\/charter.baltimorecode\/api\/law\/II-36\/"},"40":{"id":"46","structure_id":"19","section_number":"II-37","catch_line":"Sundays.","url":"http:\/\/charter.baltimorecode\/II-37\/","api_url":"http:\/\/charter.baltimorecode\/api\/law\/II-37\/"},"41":{"id":"47","structure_id":"19","section_number":"II-38","catch_line":"Surveyor.","url":"http:\/\/charter.baltimorecode\/II-38\/","api_url":"http:\/\/charter.baltimorecode\/api\/law\/II-38\/"},"42":{"id":"48","structure_id":"19","section_number":"II-39","catch_line":"Property taxes.","url":"http:\/\/charter.baltimorecode\/II-39\/","api_url":"http:\/\/charter.baltimorecode\/api\/law\/II-39\/"},"43":{"id":"50","structure_id":"19","section_number":"II-40","catch_line":"Additional taxing powers.","url":"http:\/\/charter.baltimorecode\/II-40\/","api_url":"http:\/\/charter.baltimorecode\/api\/law\/II-40\/"},"44":{"id":"51","structure_id":"19","section_number":"II-41","catch_line":"Theatrical and public amusements.","url":"http:\/\/charter.baltimorecode\/II-41\/","api_url":"http:\/\/charter.baltimorecode\/api\/law\/II-41\/"},"45":{"id":"52","structure_id":"19","section_number":"II-42","catch_line":"Traffic.","url":"http:\/\/charter.baltimorecode\/II-42\/","api_url":"http:\/\/charter.baltimorecode\/api\/law\/II-42\/"},"46":{"id":"53","structure_id":"19","section_number":"II-43","catch_line":"Vehicles.","url":"http:\/\/charter.baltimorecode\/II-43\/","api_url":"http:\/\/charter.baltimorecode\/api\/law\/II-43\/"},"47":{"id":"54","structure_id":"19","section_number":"II-44","catch_line":"Veterans.","url":"http:\/\/charter.baltimorecode\/II-44\/","api_url":"http:\/\/charter.baltimorecode\/api\/law\/II-44\/"},"48":{"id":"55","structure_id":"19","section_number":"II-45","catch_line":"Water.","url":"http:\/\/charter.baltimorecode\/II-45\/","api_url":"http:\/\/charter.baltimorecode\/api\/law\/II-45\/"},"49":{"id":"56","structure_id":"19","section_number":"II-46","catch_line":"Weights and measures.","url":"http:\/\/charter.baltimorecode\/II-46\/","api_url":"http:\/\/charter.baltimorecode\/api\/law\/II-46\/"},"50":{"id":"57","structure_id":"19","section_number":"II-47","catch_line":"General welfare.","url":"http:\/\/charter.baltimorecode\/II-47\/","api_url":"http:\/\/charter.baltimorecode\/api\/law\/II-47\/"},"51":{"id":"58","structure_id":"19","section_number":"II-48","catch_line":"Fines and penalties.","url":"http:\/\/charter.baltimorecode\/II-48\/","api_url":"http:\/\/charter.baltimorecode\/api\/law\/II-48\/"},"52":{"id":"59","structure_id":"19","section_number":"II-49","catch_line":"Constitutional and other powers.","url":"http:\/\/charter.baltimorecode\/II-49\/","api_url":"http:\/\/charter.baltimorecode\/api\/law\/II-49\/"},"53":{"id":"62","structure_id":"19","section_number":"II-50","catch_line":"Revenue bonds and obligations.","url":"http:\/\/charter.baltimorecode\/II-50\/","api_url":"http:\/\/charter.baltimorecode\/api\/law\/II-50\/"},"54":{"id":"63","structure_id":"19","section_number":"II-51","catch_line":"Residential mortgage loan program.","url":"http:\/\/charter.baltimorecode\/II-51\/","api_url":"http:\/\/charter.baltimorecode\/api\/law\/II-51\/"},"55":{"id":"64","structure_id":"19","section_number":"II-52","catch_line":"Owner-occupancy residential mortgage loan program.","url":"http:\/\/charter.baltimorecode\/II-52\/","api_url":"http:\/\/charter.baltimorecode\/api\/law\/II-52\/"},"56":{"id":"65","structure_id":"19","section_number":"II-53","catch_line":"Nonresident owners, notice of violation and appointment of receiver.","url":"http:\/\/charter.baltimorecode\/II-53\/","api_url":"http:\/\/charter.baltimorecode\/api\/law\/II-53\/"},"57":{"id":"66","structure_id":"19","section_number":"II-54","catch_line":"Nonresident owners, notice of code violation and appointment of receiver.","url":"http:\/\/charter.baltimorecode\/II-54\/","api_url":"http:\/\/charter.baltimorecode\/api\/law\/II-54\/"},"58":{"id":"67","structure_id":"19","section_number":"II-55","catch_line":"Municipal employee relations.","url":"http:\/\/charter.baltimorecode\/II-55\/","api_url":"http:\/\/charter.baltimorecode\/api\/law\/II-55\/"},"59":{"id":"68","structure_id":"19","section_number":"II-56","catch_line":"Volunteer workers.","url":"http:\/\/charter.baltimorecode\/II-56\/","api_url":"http:\/\/charter.baltimorecode\/api\/law\/II-56\/"},"60":{"id":"69","structure_id":"19","section_number":"II-57","catch_line":"Loans for industrial purposes.","url":"http:\/\/charter.baltimorecode\/II-57\/","api_url":"http:\/\/charter.baltimorecode\/api\/law\/II-57\/"},"61":{"id":"70","structure_id":"19","section_number":"II-58","catch_line":"Limitations on competition.","url":"http:\/\/charter.baltimorecode\/II-58\/","api_url":"http:\/\/charter.baltimorecode\/api\/law\/II-58\/"},"62":{"id":"71","structure_id":"19","section_number":"II-59","catch_line":"Loans and loan guarantees.","url":"http:\/\/charter.baltimorecode\/II-59\/","api_url":"http:\/\/charter.baltimorecode\/api\/law\/II-59\/"},"63":{"id":"73","structure_id":"19","section_number":"II-60","catch_line":"Reports of loans, loan guarantees, and loan insurance.","url":"http:\/\/charter.baltimorecode\/II-60\/","api_url":"http:\/\/charter.baltimorecode\/api\/law\/II-60\/"},"64":{"id":"74","structure_id":"19","section_number":"II-61","catch_line":"Downtown Commercial District Management Authority.","url":"http:\/\/charter.baltimorecode\/II-61\/","api_url":"http:\/\/charter.baltimorecode\/api\/law\/II-61\/"},"65":{"id":"75","structure_id":"19","section_number":"II-62","catch_line":"Tax increment financing.","url":"http:\/\/charter.baltimorecode\/II-62\/","api_url":"http:\/\/charter.baltimorecode\/api\/law\/II-62\/"},"66":{"id":"76","structure_id":"19","section_number":"II-62A","catch_line":"Special Tax Districts.","url":"http:\/\/charter.baltimorecode\/II-62A\/","api_url":"http:\/\/charter.baltimorecode\/api\/law\/II-62A\/"},"67":{"id":"77","structure_id":"19","section_number":"II-63","catch_line":"Community Benefits District Authorities.","url":"http:\/\/charter.baltimorecode\/II-63\/","api_url":"http:\/\/charter.baltimorecode\/api\/law\/II-63\/"},"68":{"id":"78","structure_id":"19","section_number":"II-64","catch_line":"\u201cChild First\u201d Authority.","url":"http:\/\/charter.baltimorecode\/II-64\/","api_url":"http:\/\/charter.baltimorecode\/api\/law\/II-64\/"},"69":{"id":"79","structure_id":"19","section_number":"II-65","catch_line":"Land Bank Authority.","url":"http:\/\/charter.baltimorecode\/II-65\/","api_url":"http:\/\/charter.baltimorecode\/api\/law\/II-65\/"},"70":{"id":"80","structure_id":"19","section_number":"II-66","catch_line":"Community Benefits District Authority \u2013 East Baltimore.","url":"http:\/\/charter.baltimorecode\/II-66\/","api_url":"http:\/\/charter.baltimorecode\/api\/law\/II-66\/"},"71":{"id":"81","structure_id":"19","section_number":"II-67","catch_line":"Investment in Our Youth (IO-YOUth) Pilot Program.","url":"http:\/\/charter.baltimorecode\/II-67\/","api_url":"http:\/\/charter.baltimorecode\/api\/law\/II-67\/"}},"next_section":{"id":"73","structure_id":"19","section_number":"II-60","catch_line":"Reports of loans, loan guarantees, and loan insurance.","url":"http:\/\/charter.baltimorecode\/II-60\/","api_url":"http:\/\/charter.baltimorecode\/api\/law\/II-60\/"},"references":false,"url":"http:\/\/charter.baltimorecode\/II-59\/","dublin_core":{"Title":"Loans and loan guarantees.","Type":"Text","Format":"text\/html","Identifier":"\u00a7 II-59","Relation":"Baltimore City Charter"},"html":"\n\t\t\t\t\t<section><p><p><span class=\"dictionary\"><\/span>To<span class=\"dictionary\"><\/span> <span class=\"dictionary\"><\/span>use<span class=\"dictionary\"><\/span> <span class=\"dictionary\"><\/span>the<span class=\"dictionary\"><\/span> <span class=\"dictionary\"><\/span>proceeds<span class=\"dictionary\"><\/span> <span class=\"dictionary\"><\/span>of<span class=\"dictionary\"><\/span> <span class=\"dictionary\"><\/span>any<span class=\"dictionary\"><\/span> <span class=\"dictionary\"><\/span>debt<span class=\"dictionary\"><\/span> <span class=\"dictionary\"><\/span>of<span class=\"dictionary\"><\/span> <span class=\"dictionary\"><\/span>the<span class=\"dictionary\"><\/span> <span class=\"dictionary\"><\/span>Mayor<span class=\"dictionary\"><\/span> <span class=\"dictionary\"><\/span>and<span class=\"dictionary\"><\/span> <span class=\"dictionary\"><\/span>City<span class=\"dictionary\"><\/span> <span class=\"dictionary\"><\/span>Council<span class=\"dictionary\"><\/span> <span class=\"dictionary\"><\/span>of<span class=\"dictionary\"><\/span> <span class=\"dictionary\"><\/span>Baltimore<span class=\"dictionary\"><\/span>, <span class=\"dictionary\"><\/span>created<span class=\"dictionary\"><\/span> <span class=\"dictionary\"><\/span>pursuant<span class=\"dictionary\"><\/span> <span class=\"dictionary\"><\/span>to<span class=\"dictionary\"><\/span><br \/>\n<span class=\"dictionary\"><\/span>Article<span class=\"dictionary\"><\/span> <span class=\"dictionary\"><\/span>XI<span class=\"dictionary\"><\/span>, <span class=\"dictionary\"><\/span>Section<span class=\"dictionary\"><\/span> <span class=\"dictionary\"><\/span>7<span class=\"dictionary\"><\/span> <span class=\"dictionary\"><\/span>of<span class=\"dictionary\"><\/span> <span class=\"dictionary\"><\/span>the<span class=\"dictionary\"><\/span> <span class=\"dictionary\"><\/span>Constitution<span class=\"dictionary\"><\/span> <span class=\"dictionary\"><\/span>of<span class=\"dictionary\"><\/span> <span class=\"dictionary\"><\/span>Maryland<span class=\"dictionary\"><\/span>, <span class=\"dictionary\"><\/span>in<span class=\"dictionary\"><\/span> <span class=\"dictionary\"><\/span>order<span class=\"dictionary\"><\/span> <span class=\"dictionary\"><\/span>to<span class=\"dictionary\"><\/span> <span class=\"dictionary\"><\/span>effectuate<span class=\"dictionary\"><\/span> <span class=\"dictionary\"><\/span>any<span class=\"dictionary\"><\/span> <span class=\"dictionary\"><\/span>purpose<span class=\"dictionary\"><\/span> <span class=\"dictionary\"><\/span>which<span class=\"dictionary\"><\/span> <span class=\"dictionary\"><\/span>the<span class=\"dictionary\"><\/span><br \/>\n<span class=\"dictionary\"><\/span>General<span class=\"dictionary\"><\/span> <span class=\"dictionary\"><\/span>Assembly<span class=\"dictionary\"><\/span> <span class=\"dictionary\"><\/span>of<span class=\"dictionary\"><\/span> <span class=\"dictionary\"><\/span>Maryland<span class=\"dictionary\"><\/span> <span class=\"dictionary\"><\/span>has<span class=\"dictionary\"><\/span> <span class=\"dictionary\"><\/span>or<span class=\"dictionary\"><\/span> <span class=\"dictionary\"><\/span>may<span class=\"dictionary\"><\/span> <span class=\"dictionary\"><\/span>hereafter<span class=\"dictionary\"><\/span> <span class=\"dictionary\"><\/span>authorize<span class=\"dictionary\"><\/span> <span class=\"dictionary\"><\/span>pursuant<span class=\"dictionary\"><\/span> <span class=\"dictionary\"><\/span>to<span class=\"dictionary\"><\/span> <span class=\"dictionary\"><\/span>Articles<span class=\"dictionary\"><\/span> <span class=\"dictionary\"><\/span>XI<span class=\"dictionary\"><\/span>-<span class=\"dictionary\"><\/span>G<span class=\"dictionary\"><\/span>, <span class=\"dictionary\"><\/span>XI<span class=\"dictionary\"><\/span>-<span class=\"dictionary\"><\/span>H<span class=\"dictionary\"><\/span>, <span class=\"dictionary\"><\/span>or<span class=\"dictionary\"><\/span><br \/>\n<span class=\"dictionary\"><\/span>XI<span class=\"dictionary\"><\/span>-<span class=\"dictionary\"><\/span>I<span class=\"dictionary\"><\/span> <span class=\"dictionary\"><\/span>of<span class=\"dictionary\"><\/span> <span class=\"dictionary\"><\/span>the<span class=\"dictionary\"><\/span> <span class=\"dictionary\"><\/span>Constitution<span class=\"dictionary\"><\/span> <span class=\"dictionary\"><\/span>of<span class=\"dictionary\"><\/span> <span class=\"dictionary\"><\/span>Maryland<span class=\"dictionary\"><\/span>, <span class=\"dictionary\"><\/span>as<span class=\"dictionary\"><\/span> <span class=\"dictionary\"><\/span>follows<span class=\"dictionary\"><\/span>:<\/p>\n<p>  (<span class=\"dictionary\"><\/span>a<span class=\"dictionary\"><\/span>)<span class=\"dictionary\"><\/span>to<span class=\"dictionary\"><\/span> <span class=\"dictionary\"><\/span>make<span class=\"dictionary\"><\/span> <span class=\"dictionary\"><\/span>or<span class=\"dictionary\"><\/span> <span class=\"dictionary\"><\/span>contract<span class=\"dictionary\"><\/span> <span class=\"dictionary\"><\/span>to<span class=\"dictionary\"><\/span> <span class=\"dictionary\"><\/span>make<span class=\"dictionary\"><\/span> <span class=\"dictionary\"><\/span>financial<span class=\"dictionary\"><\/span> <span class=\"dictionary\"><\/span>loans<span class=\"dictionary\"><\/span> <span class=\"dictionary\"><\/span>to<span class=\"dictionary\"><\/span> <span class=\"dictionary\"><\/span>any<span class=\"dictionary\"><\/span> <span class=\"dictionary\"><\/span>person<span class=\"dictionary\"><\/span> <span class=\"dictionary\"><\/span>or<span class=\"dictionary\"><\/span> <span class=\"dictionary\"><\/span>other<span class=\"dictionary\"><\/span> <span class=\"dictionary\"><\/span>legal<span class=\"dictionary\"><\/span> <span class=\"dictionary\"><\/span>entity<span class=\"dictionary\"><\/span> <span class=\"dictionary\"><\/span>to<span class=\"dictionary\"><\/span> <span class=\"dictionary\"><\/span>be<span class=\"dictionary\"><\/span> <span class=\"dictionary\"><\/span>used<span class=\"dictionary\"><\/span> <span class=\"dictionary\"><\/span>for<span class=\"dictionary\"><\/span><br \/>\n<span class=\"dictionary\"><\/span>or<span class=\"dictionary\"><\/span> <span class=\"dictionary\"><\/span>in<span class=\"dictionary\"><\/span> <span class=\"dictionary\"><\/span>connection<span class=\"dictionary\"><\/span> <span class=\"dictionary\"><\/span>with<span class=\"dictionary\"><\/span> <span class=\"dictionary\"><\/span>the<span class=\"dictionary\"><\/span> <span class=\"dictionary\"><\/span>rehabilitation<span class=\"dictionary\"><\/span>, <span class=\"dictionary\"><\/span>renovation<span class=\"dictionary\"><\/span>, <span class=\"dictionary\"><\/span>redevelopment<span class=\"dictionary\"><\/span>, <span class=\"dictionary\"><\/span>or<span class=\"dictionary\"><\/span> <span class=\"dictionary\"><\/span>improvement<span class=\"dictionary\"><\/span> <span class=\"dictionary\"><\/span>of<span class=\"dictionary\"><\/span><br \/>\n<span class=\"dictionary\"><\/span>buildings<span class=\"dictionary\"><\/span> <span class=\"dictionary\"><\/span>or<span class=\"dictionary\"><\/span> <span class=\"dictionary\"><\/span>structures<span class=\"dictionary\"><\/span> <span class=\"dictionary\"><\/span>located<span class=\"dictionary\"><\/span> <span class=\"dictionary\"><\/span>within<span class=\"dictionary\"><\/span> <span class=\"dictionary\"><\/span>the<span class=\"dictionary\"><\/span> <span class=\"dictionary\"><\/span>boundaries<span class=\"dictionary\"><\/span> <span class=\"dictionary\"><\/span>of<span class=\"dictionary\"><\/span> <span class=\"dictionary\"><\/span>Baltimore<span class=\"dictionary\"><\/span> <span class=\"dictionary\"><\/span>City<span class=\"dictionary\"><\/span>, <span class=\"dictionary\"><\/span>which<span class=\"dictionary\"><\/span> <span class=\"dictionary\"><\/span>buildings<span class=\"dictionary\"><\/span> <span class=\"dictionary\"><\/span>or<span class=\"dictionary\"><\/span><br \/>\n<span class=\"dictionary\"><\/span>structures<span class=\"dictionary\"><\/span> <span class=\"dictionary\"><\/span>are<span class=\"dictionary\"><\/span> <span class=\"dictionary\"><\/span>to<span class=\"dictionary\"><\/span> <span class=\"dictionary\"><\/span>be<span class=\"dictionary\"><\/span> <span class=\"dictionary\"><\/span>used<span class=\"dictionary\"><\/span> <span class=\"dictionary\"><\/span>or<span class=\"dictionary\"><\/span> <span class=\"dictionary\"><\/span>occupied<span class=\"dictionary\"><\/span> <span class=\"dictionary\"><\/span>for<span class=\"dictionary\"><\/span> <span class=\"dictionary\"><\/span>residential<span class=\"dictionary\"><\/span> <span class=\"dictionary\"><\/span>purposes<span class=\"dictionary\"><\/span>;<br \/>\n  (<span class=\"dictionary\"><\/span>b<span class=\"dictionary\"><\/span>)<span class=\"dictionary\"><\/span>to<span class=\"dictionary\"><\/span> <span class=\"dictionary\"><\/span>guarantee<span class=\"dictionary\"><\/span> <span class=\"dictionary\"><\/span>or<span class=\"dictionary\"><\/span> <span class=\"dictionary\"><\/span>insure<span class=\"dictionary\"><\/span> <span class=\"dictionary\"><\/span>financial<span class=\"dictionary\"><\/span> <span class=\"dictionary\"><\/span>loans<span class=\"dictionary\"><\/span> <span class=\"dictionary\"><\/span>made<span class=\"dictionary\"><\/span> <span class=\"dictionary\"><\/span>by<span class=\"dictionary\"><\/span> <span class=\"dictionary\"><\/span>third<span class=\"dictionary\"><\/span> <span class=\"dictionary\"><\/span>parties<span class=\"dictionary\"><\/span> <span class=\"dictionary\"><\/span>to<span class=\"dictionary\"><\/span> <span class=\"dictionary\"><\/span>any<span class=\"dictionary\"><\/span> <span class=\"dictionary\"><\/span>person<span class=\"dictionary\"><\/span> <span class=\"dictionary\"><\/span>or<span class=\"dictionary\"><\/span> <span class=\"dictionary\"><\/span>other<span class=\"dictionary\"><\/span> <span class=\"dictionary\"><\/span>legal<span class=\"dictionary\"><\/span> <span class=\"dictionary\"><\/span>entity<span class=\"dictionary\"><\/span><br \/>\n<span class=\"dictionary\"><\/span>to<span class=\"dictionary\"><\/span> <span class=\"dictionary\"><\/span>be<span class=\"dictionary\"><\/span> <span class=\"dictionary\"><\/span>used<span class=\"dictionary\"><\/span> <span class=\"dictionary\"><\/span>for<span class=\"dictionary\"><\/span> <span class=\"dictionary\"><\/span>or<span class=\"dictionary\"><\/span> <span class=\"dictionary\"><\/span>in<span class=\"dictionary\"><\/span> <span class=\"dictionary\"><\/span>connection<span class=\"dictionary\"><\/span> <span class=\"dictionary\"><\/span>with<span class=\"dictionary\"><\/span> <span class=\"dictionary\"><\/span>the<span class=\"dictionary\"><\/span> <span class=\"dictionary\"><\/span>rehabilitation<span class=\"dictionary\"><\/span>, <span class=\"dictionary\"><\/span>renovation<span class=\"dictionary\"><\/span>, <span class=\"dictionary\"><\/span>redevelopment<span class=\"dictionary\"><\/span>, <span class=\"dictionary\"><\/span>or<span class=\"dictionary\"><\/span><br \/>\n<span class=\"dictionary\"><\/span>improvement<span class=\"dictionary\"><\/span> <span class=\"dictionary\"><\/span>of<span class=\"dictionary\"><\/span> <span class=\"dictionary\"><\/span>buildings<span class=\"dictionary\"><\/span> <span class=\"dictionary\"><\/span>or<span class=\"dictionary\"><\/span> <span class=\"dictionary\"><\/span>structures<span class=\"dictionary\"><\/span> <span class=\"dictionary\"><\/span>located<span class=\"dictionary\"><\/span> <span class=\"dictionary\"><\/span>within<span class=\"dictionary\"><\/span> <span class=\"dictionary\"><\/span>the<span class=\"dictionary\"><\/span> <span class=\"dictionary\"><\/span>boundaries<span class=\"dictionary\"><\/span> <span class=\"dictionary\"><\/span>of<span class=\"dictionary\"><\/span> <span class=\"dictionary\"><\/span>Baltimore<span class=\"dictionary\"><\/span> <span class=\"dictionary\"><\/span>City<span class=\"dictionary\"><\/span>,<br \/>\n<span class=\"dictionary\"><\/span>which<span class=\"dictionary\"><\/span> <span class=\"dictionary\"><\/span>buildings<span class=\"dictionary\"><\/span> <span class=\"dictionary\"><\/span>or<span class=\"dictionary\"><\/span> <span class=\"dictionary\"><\/span>structures<span class=\"dictionary\"><\/span> <span class=\"dictionary\"><\/span>are<span class=\"dictionary\"><\/span> <span class=\"dictionary\"><\/span>to<span class=\"dictionary\"><\/span> <span class=\"dictionary\"><\/span>be<span class=\"dictionary\"><\/span> <span class=\"dictionary\"><\/span>used<span class=\"dictionary\"><\/span> <span class=\"dictionary\"><\/span>or<span class=\"dictionary\"><\/span> <span class=\"dictionary\"><\/span>occupied<span class=\"dictionary\"><\/span> <span class=\"dictionary\"><\/span>for<span class=\"dictionary\"><\/span> <span class=\"dictionary\"><\/span>residential<span class=\"dictionary\"><\/span> <span class=\"dictionary\"><\/span>purposes<span class=\"dictionary\"><\/span>;<\/p>\n<p>  (<span class=\"dictionary\"><\/span>c<span class=\"dictionary\"><\/span>)<span class=\"dictionary\"><\/span>to<span class=\"dictionary\"><\/span> <span class=\"dictionary\"><\/span>make<span class=\"dictionary\"><\/span> <span class=\"dictionary\"><\/span>or<span class=\"dictionary\"><\/span> <span class=\"dictionary\"><\/span>contract<span class=\"dictionary\"><\/span> <span class=\"dictionary\"><\/span>to<span class=\"dictionary\"><\/span> <span class=\"dictionary\"><\/span>make<span class=\"dictionary\"><\/span> <span class=\"dictionary\"><\/span>financial<span class=\"dictionary\"><\/span> <span class=\"dictionary\"><\/span>loans<span class=\"dictionary\"><\/span> <span class=\"dictionary\"><\/span>to<span class=\"dictionary\"><\/span> <span class=\"dictionary\"><\/span>any<span class=\"dictionary\"><\/span> <span class=\"dictionary\"><\/span>person<span class=\"dictionary\"><\/span> <span class=\"dictionary\"><\/span>or<span class=\"dictionary\"><\/span> <span class=\"dictionary\"><\/span>other<span class=\"dictionary\"><\/span> <span class=\"dictionary\"><\/span>legal<span class=\"dictionary\"><\/span> <span class=\"dictionary\"><\/span>entity<span class=\"dictionary\"><\/span> <span class=\"dictionary\"><\/span>to<span class=\"dictionary\"><\/span> <span class=\"dictionary\"><\/span>be<span class=\"dictionary\"><\/span> <span class=\"dictionary\"><\/span>used<span class=\"dictionary\"><\/span> <span class=\"dictionary\"><\/span>for<span class=\"dictionary\"><\/span><br \/>\n<span class=\"dictionary\"><\/span>or<span class=\"dictionary\"><\/span> <span class=\"dictionary\"><\/span>in<span class=\"dictionary\"><\/span> <span class=\"dictionary\"><\/span>connection<span class=\"dictionary\"><\/span> <span class=\"dictionary\"><\/span>with<span class=\"dictionary\"><\/span> <span class=\"dictionary\"><\/span>the<span class=\"dictionary\"><\/span> <span class=\"dictionary\"><\/span>purchase<span class=\"dictionary\"><\/span> <span class=\"dictionary\"><\/span>or<span class=\"dictionary\"><\/span> <span class=\"dictionary\"><\/span>acquisition<span class=\"dictionary\"><\/span> <span class=\"dictionary\"><\/span>of<span class=\"dictionary\"><\/span> <span class=\"dictionary\"><\/span>leasehold<span class=\"dictionary\"><\/span> <span class=\"dictionary\"><\/span>or<span class=\"dictionary\"><\/span> <span class=\"dictionary\"><\/span>fee<span class=\"dictionary\"><\/span> <span class=\"dictionary\"><\/span>simple<span class=\"dictionary\"><\/span> <span class=\"dictionary\"><\/span>interests<span class=\"dictionary\"><\/span> <span class=\"dictionary\"><\/span>in<span class=\"dictionary\"><\/span><br \/>\n<span class=\"dictionary\"><\/span>buildings<span class=\"dictionary\"><\/span> <span class=\"dictionary\"><\/span>or<span class=\"dictionary\"><\/span> <span class=\"dictionary\"><\/span>structures<span class=\"dictionary\"><\/span>, <span class=\"dictionary\"><\/span>and<span class=\"dictionary\"><\/span> <span class=\"dictionary\"><\/span>for<span class=\"dictionary\"><\/span> <span class=\"dictionary\"><\/span>construction<span class=\"dictionary\"><\/span>, <span class=\"dictionary\"><\/span>reconstruction<span class=\"dictionary\"><\/span>, <span class=\"dictionary\"><\/span>erection<span class=\"dictionary\"><\/span>, <span class=\"dictionary\"><\/span>development<span class=\"dictionary\"><\/span>,<br \/>\n<span class=\"dictionary\"><\/span>rehabilitation<span class=\"dictionary\"><\/span>, <span class=\"dictionary\"><\/span>renovation<span class=\"dictionary\"><\/span>, <span class=\"dictionary\"><\/span>redevelopment<span class=\"dictionary\"><\/span>, <span class=\"dictionary\"><\/span>or<span class=\"dictionary\"><\/span> <span class=\"dictionary\"><\/span>improvement<span class=\"dictionary\"><\/span> <span class=\"dictionary\"><\/span>of<span class=\"dictionary\"><\/span> <span class=\"dictionary\"><\/span>buildings<span class=\"dictionary\"><\/span> <span class=\"dictionary\"><\/span>or<span class=\"dictionary\"><\/span> <span class=\"dictionary\"><\/span>structures<span class=\"dictionary\"><\/span>, <span class=\"dictionary\"><\/span>located<span class=\"dictionary\"><\/span><br \/>\n<span class=\"dictionary\"><\/span>within<span class=\"dictionary\"><\/span> <span class=\"dictionary\"><\/span>the<span class=\"dictionary\"><\/span> <span class=\"dictionary\"><\/span>boundaries<span class=\"dictionary\"><\/span> <span class=\"dictionary\"><\/span>of<span class=\"dictionary\"><\/span> <span class=\"dictionary\"><\/span>Baltimore<span class=\"dictionary\"><\/span> <span class=\"dictionary\"><\/span>City<span class=\"dictionary\"><\/span>, <span class=\"dictionary\"><\/span>which<span class=\"dictionary\"><\/span> <span class=\"dictionary\"><\/span>buildings<span class=\"dictionary\"><\/span> <span class=\"dictionary\"><\/span>or<span class=\"dictionary\"><\/span> <span class=\"dictionary\"><\/span>structures<span class=\"dictionary\"><\/span> <span class=\"dictionary\"><\/span>are<span class=\"dictionary\"><\/span> <span class=\"dictionary\"><\/span>to<span class=\"dictionary\"><\/span> <span class=\"dictionary\"><\/span>be<span class=\"dictionary\"><\/span> <span class=\"dictionary\"><\/span>used<span class=\"dictionary\"><\/span> <span class=\"dictionary\"><\/span>or<span class=\"dictionary\"><\/span><br \/>\n<span class=\"dictionary\"><\/span>occupied<span class=\"dictionary\"><\/span> <span class=\"dictionary\"><\/span>for<span class=\"dictionary\"><\/span> <span class=\"dictionary\"><\/span>commercial<span class=\"dictionary\"><\/span> <span class=\"dictionary\"><\/span>purposes<span class=\"dictionary\"><\/span>;<\/p>\n<p>  (<span class=\"dictionary\"><\/span>d<span class=\"dictionary\"><\/span>)<span class=\"dictionary\"><\/span>to<span class=\"dictionary\"><\/span> <span class=\"dictionary\"><\/span>guarantee<span class=\"dictionary\"><\/span> <span class=\"dictionary\"><\/span>or<span class=\"dictionary\"><\/span> <span class=\"dictionary\"><\/span>insure<span class=\"dictionary\"><\/span> <span class=\"dictionary\"><\/span>financial<span class=\"dictionary\"><\/span> <span class=\"dictionary\"><\/span>loans<span class=\"dictionary\"><\/span> <span class=\"dictionary\"><\/span>made<span class=\"dictionary\"><\/span> <span class=\"dictionary\"><\/span>by<span class=\"dictionary\"><\/span> <span class=\"dictionary\"><\/span>third<span class=\"dictionary\"><\/span> <span class=\"dictionary\"><\/span>parties<span class=\"dictionary\"><\/span> <span class=\"dictionary\"><\/span>to<span class=\"dictionary\"><\/span> <span class=\"dictionary\"><\/span>any<span class=\"dictionary\"><\/span> <span class=\"dictionary\"><\/span>person<span class=\"dictionary\"><\/span> <span class=\"dictionary\"><\/span>or<span class=\"dictionary\"><\/span> <span class=\"dictionary\"><\/span>other<span class=\"dictionary\"><\/span> <span class=\"dictionary\"><\/span>legal<span class=\"dictionary\"><\/span> <span class=\"dictionary\"><\/span>entity<span class=\"dictionary\"><\/span><br \/>\n<span class=\"dictionary\"><\/span>to<span class=\"dictionary\"><\/span> <span class=\"dictionary\"><\/span>be<span class=\"dictionary\"><\/span> <span class=\"dictionary\"><\/span>used<span class=\"dictionary\"><\/span> <span class=\"dictionary\"><\/span>for<span class=\"dictionary\"><\/span> <span class=\"dictionary\"><\/span>or<span class=\"dictionary\"><\/span> <span class=\"dictionary\"><\/span>in<span class=\"dictionary\"><\/span> <span class=\"dictionary\"><\/span>connection<span class=\"dictionary\"><\/span> <span class=\"dictionary\"><\/span>with<span class=\"dictionary\"><\/span> <span class=\"dictionary\"><\/span>the<span class=\"dictionary\"><\/span> <span class=\"dictionary\"><\/span>purchase<span class=\"dictionary\"><\/span> <span class=\"dictionary\"><\/span>or<span class=\"dictionary\"><\/span> <span class=\"dictionary\"><\/span>acquisition<span class=\"dictionary\"><\/span> <span class=\"dictionary\"><\/span>of<span class=\"dictionary\"><\/span> <span class=\"dictionary\"><\/span>leasehold<span class=\"dictionary\"><\/span> <span class=\"dictionary\"><\/span>or<span class=\"dictionary\"><\/span> <span class=\"dictionary\"><\/span>fee<span class=\"dictionary\"><\/span> <span class=\"dictionary\"><\/span>simple<span class=\"dictionary\"><\/span><br \/>\n<span class=\"dictionary\"><\/span>interests<span class=\"dictionary\"><\/span> <span class=\"dictionary\"><\/span>in<span class=\"dictionary\"><\/span> <span class=\"dictionary\"><\/span>buildings<span class=\"dictionary\"><\/span> <span class=\"dictionary\"><\/span>or<span class=\"dictionary\"><\/span> <span class=\"dictionary\"><\/span>structures<span class=\"dictionary\"><\/span>, <span class=\"dictionary\"><\/span>and<span class=\"dictionary\"><\/span> <span class=\"dictionary\"><\/span>for<span class=\"dictionary\"><\/span> <span class=\"dictionary\"><\/span>construction<span class=\"dictionary\"><\/span>, <span class=\"dictionary\"><\/span>reconstruction<span class=\"dictionary\"><\/span>, <span class=\"dictionary\"><\/span>erection<span class=\"dictionary\"><\/span>,<br \/>\n<span class=\"dictionary\"><\/span>development<span class=\"dictionary\"><\/span>, <span class=\"dictionary\"><\/span>rehabilitation<span class=\"dictionary\"><\/span>, <span class=\"dictionary\"><\/span>renovation<span class=\"dictionary\"><\/span>, <span class=\"dictionary\"><\/span>redevelopment<span class=\"dictionary\"><\/span>, <span class=\"dictionary\"><\/span>or<span class=\"dictionary\"><\/span> <span class=\"dictionary\"><\/span>improvement<span class=\"dictionary\"><\/span> <span class=\"dictionary\"><\/span>of<span class=\"dictionary\"><\/span> <span class=\"dictionary\"><\/span>buildings<span class=\"dictionary\"><\/span> <span class=\"dictionary\"><\/span>or<span class=\"dictionary\"><\/span><br \/>\n<span class=\"dictionary\"><\/span>structures<span class=\"dictionary\"><\/span>, <span class=\"dictionary\"><\/span>located<span class=\"dictionary\"><\/span> <span class=\"dictionary\"><\/span>within<span class=\"dictionary\"><\/span> <span class=\"dictionary\"><\/span>the<span class=\"dictionary\"><\/span> <span class=\"dictionary\"><\/span>boundaries<span class=\"dictionary\"><\/span> <span class=\"dictionary\"><\/span>of<span class=\"dictionary\"><\/span> <span class=\"dictionary\"><\/span>Baltimore<span class=\"dictionary\"><\/span> <span class=\"dictionary\"><\/span>City<span class=\"dictionary\"><\/span>, <span class=\"dictionary\"><\/span>which<span class=\"dictionary\"><\/span> <span class=\"dictionary\"><\/span>buildings<span class=\"dictionary\"><\/span> <span class=\"dictionary\"><\/span>or<span class=\"dictionary\"><\/span> <span class=\"dictionary\"><\/span>structures<span class=\"dictionary\"><\/span> <span class=\"dictionary\"><\/span>are<span class=\"dictionary\"><\/span><br \/>\n<span class=\"dictionary\"><\/span>to<span class=\"dictionary\"><\/span> <span class=\"dictionary\"><\/span>be<span class=\"dictionary\"><\/span> <span class=\"dictionary\"><\/span>used<span class=\"dictionary\"><\/span> <span class=\"dictionary\"><\/span>or<span class=\"dictionary\"><\/span> <span class=\"dictionary\"><\/span>occupied<span class=\"dictionary\"><\/span> <span class=\"dictionary\"><\/span>for<span class=\"dictionary\"><\/span> <span class=\"dictionary\"><\/span>commercial<span class=\"dictionary\"><\/span> <span class=\"dictionary\"><\/span>purposes<span class=\"dictionary\"><\/span>;<\/p>\n<p>  (<span class=\"dictionary\"><\/span>e<span class=\"dictionary\"><\/span>)<span class=\"dictionary\"><\/span>to<span class=\"dictionary\"><\/span> <span class=\"dictionary\"><\/span>make<span class=\"dictionary\"><\/span> <span class=\"dictionary\"><\/span>or<span class=\"dictionary\"><\/span> <span class=\"dictionary\"><\/span>contract<span class=\"dictionary\"><\/span> <span class=\"dictionary\"><\/span>to<span class=\"dictionary\"><\/span> <span class=\"dictionary\"><\/span>make<span class=\"dictionary\"><\/span> <span class=\"dictionary\"><\/span>financial<span class=\"dictionary\"><\/span> <span class=\"dictionary\"><\/span>loans<span class=\"dictionary\"><\/span> <span class=\"dictionary\"><\/span>to<span class=\"dictionary\"><\/span> <span class=\"dictionary\"><\/span>any<span class=\"dictionary\"><\/span> <span class=\"dictionary\"><\/span>person<span class=\"dictionary\"><\/span> <span class=\"dictionary\"><\/span>or<span class=\"dictionary\"><\/span> <span class=\"dictionary\"><\/span>other<span class=\"dictionary\"><\/span> <span class=\"dictionary\"><\/span>legal<span class=\"dictionary\"><\/span> <span class=\"dictionary\"><\/span>entity<span class=\"dictionary\"><\/span> <span class=\"dictionary\"><\/span>to<span class=\"dictionary\"><\/span> <span class=\"dictionary\"><\/span>be<span class=\"dictionary\"><\/span> <span class=\"dictionary\"><\/span>used<span class=\"dictionary\"><\/span> <span class=\"dictionary\"><\/span>for<span class=\"dictionary\"><\/span><br \/>\n<span class=\"dictionary\"><\/span>or<span class=\"dictionary\"><\/span> <span class=\"dictionary\"><\/span>in<span class=\"dictionary\"><\/span> <span class=\"dictionary\"><\/span>connection<span class=\"dictionary\"><\/span> <span class=\"dictionary\"><\/span>with<span class=\"dictionary\"><\/span> <span class=\"dictionary\"><\/span>the<span class=\"dictionary\"><\/span> <span class=\"dictionary\"><\/span>purchase<span class=\"dictionary\"><\/span>, <span class=\"dictionary\"><\/span>acquisition<span class=\"dictionary\"><\/span>, <span class=\"dictionary\"><\/span>construction<span class=\"dictionary\"><\/span>, <span class=\"dictionary\"><\/span>erection<span class=\"dictionary\"><\/span>, <span class=\"dictionary\"><\/span>or<span class=\"dictionary\"><\/span> <span class=\"dictionary\"><\/span>development<span class=\"dictionary\"><\/span> <span class=\"dictionary\"><\/span>of<span class=\"dictionary\"><\/span><br \/>\n<span class=\"dictionary\"><\/span>buildings<span class=\"dictionary\"><\/span> <span class=\"dictionary\"><\/span>or<span class=\"dictionary\"><\/span> <span class=\"dictionary\"><\/span>structures<span class=\"dictionary\"><\/span>, <span class=\"dictionary\"><\/span>including<span class=\"dictionary\"><\/span> <span class=\"dictionary\"><\/span>any<span class=\"dictionary\"><\/span> <span class=\"dictionary\"><\/span>land<span class=\"dictionary\"><\/span> <span class=\"dictionary\"><\/span>necessary<span class=\"dictionary\"><\/span> <span class=\"dictionary\"><\/span>therefor<span class=\"dictionary\"><\/span>, <span class=\"dictionary\"><\/span>within<span class=\"dictionary\"><\/span> <span class=\"dictionary\"><\/span>the<span class=\"dictionary\"><\/span> <span class=\"dictionary\"><\/span>boundaries<span class=\"dictionary\"><\/span> <span class=\"dictionary\"><\/span>of<span class=\"dictionary\"><\/span><br \/>\n<span class=\"dictionary\"><\/span>Baltimore<span class=\"dictionary\"><\/span> <span class=\"dictionary\"><\/span>City<span class=\"dictionary\"><\/span>, <span class=\"dictionary\"><\/span>which<span class=\"dictionary\"><\/span> <span class=\"dictionary\"><\/span>buildings<span class=\"dictionary\"><\/span> <span class=\"dictionary\"><\/span>or<span class=\"dictionary\"><\/span> <span class=\"dictionary\"><\/span>structures<span class=\"dictionary\"><\/span> <span class=\"dictionary\"><\/span>are<span class=\"dictionary\"><\/span> <span class=\"dictionary\"><\/span>to<span class=\"dictionary\"><\/span> <span class=\"dictionary\"><\/span>be<span class=\"dictionary\"><\/span> <span class=\"dictionary\"><\/span>used<span class=\"dictionary\"><\/span> <span class=\"dictionary\"><\/span>or<span class=\"dictionary\"><\/span> <span class=\"dictionary\"><\/span>occupied<span class=\"dictionary\"><\/span> <span class=\"dictionary\"><\/span>for<span class=\"dictionary\"><\/span> <span class=\"dictionary\"><\/span>residential<span class=\"dictionary\"><\/span><br \/>\n<span class=\"dictionary\"><\/span>purposes<span class=\"dictionary\"><\/span>;<\/p>\n<p>  (<span class=\"dictionary\"><\/span>f<span class=\"dictionary\"><\/span>)<span class=\"dictionary\"><\/span>to<span class=\"dictionary\"><\/span> <span class=\"dictionary\"><\/span>guarantee<span class=\"dictionary\"><\/span> <span class=\"dictionary\"><\/span>or<span class=\"dictionary\"><\/span> <span class=\"dictionary\"><\/span>insure<span class=\"dictionary\"><\/span> <span class=\"dictionary\"><\/span>financial<span class=\"dictionary\"><\/span> <span class=\"dictionary\"><\/span>loans<span class=\"dictionary\"><\/span> <span class=\"dictionary\"><\/span>made<span class=\"dictionary\"><\/span> <span class=\"dictionary\"><\/span>by<span class=\"dictionary\"><\/span> <span class=\"dictionary\"><\/span>third<span class=\"dictionary\"><\/span> <span class=\"dictionary\"><\/span>parties<span class=\"dictionary\"><\/span> <span class=\"dictionary\"><\/span>to<span class=\"dictionary\"><\/span> <span class=\"dictionary\"><\/span>any<span class=\"dictionary\"><\/span> <span class=\"dictionary\"><\/span>person<span class=\"dictionary\"><\/span> <span class=\"dictionary\"><\/span>or<span class=\"dictionary\"><\/span> <span class=\"dictionary\"><\/span>other<span class=\"dictionary\"><\/span> <span class=\"dictionary\"><\/span>legal<span class=\"dictionary\"><\/span> <span class=\"dictionary\"><\/span>entity<span class=\"dictionary\"><\/span><br \/>\n<span class=\"dictionary\"><\/span>which<span class=\"dictionary\"><\/span> <span class=\"dictionary\"><\/span>are<span class=\"dictionary\"><\/span> <span class=\"dictionary\"><\/span>to<span class=\"dictionary\"><\/span> <span class=\"dictionary\"><\/span>be<span class=\"dictionary\"><\/span> <span class=\"dictionary\"><\/span>used<span class=\"dictionary\"><\/span> <span class=\"dictionary\"><\/span>for<span class=\"dictionary\"><\/span> <span class=\"dictionary\"><\/span>or<span class=\"dictionary\"><\/span> <span class=\"dictionary\"><\/span>in<span class=\"dictionary\"><\/span> <span class=\"dictionary\"><\/span>connection<span class=\"dictionary\"><\/span> <span class=\"dictionary\"><\/span>with<span class=\"dictionary\"><\/span> <span class=\"dictionary\"><\/span>the<span class=\"dictionary\"><\/span> <span class=\"dictionary\"><\/span>purchase<span class=\"dictionary\"><\/span>, <span class=\"dictionary\"><\/span>acquisition<span class=\"dictionary\"><\/span>, <span class=\"dictionary\"><\/span>construction<span class=\"dictionary\"><\/span>,<br \/>\n<span class=\"dictionary\"><\/span>erection<span class=\"dictionary\"><\/span>, <span class=\"dictionary\"><\/span>or<span class=\"dictionary\"><\/span> <span class=\"dictionary\"><\/span>development<span class=\"dictionary\"><\/span> <span class=\"dictionary\"><\/span>of<span class=\"dictionary\"><\/span> <span class=\"dictionary\"><\/span>buildings<span class=\"dictionary\"><\/span> <span class=\"dictionary\"><\/span>or<span class=\"dictionary\"><\/span> <span class=\"dictionary\"><\/span>structures<span class=\"dictionary\"><\/span>, <span class=\"dictionary\"><\/span>including<span class=\"dictionary\"><\/span> <span class=\"dictionary\"><\/span>any<span class=\"dictionary\"><\/span> <span class=\"dictionary\"><\/span>land<span class=\"dictionary\"><\/span> <span class=\"dictionary\"><\/span>necessary<span class=\"dictionary\"><\/span> <span class=\"dictionary\"><\/span>therefor<span class=\"dictionary\"><\/span>,<br \/>\n<span class=\"dictionary\"><\/span>within<span class=\"dictionary\"><\/span> <span class=\"dictionary\"><\/span>the<span class=\"dictionary\"><\/span> <span class=\"dictionary\"><\/span>boundaries<span class=\"dictionary\"><\/span> <span class=\"dictionary\"><\/span>of<span class=\"dictionary\"><\/span> <span class=\"dictionary\"><\/span>Baltimore<span class=\"dictionary\"><\/span> <span class=\"dictionary\"><\/span>City<span class=\"dictionary\"><\/span>, <span class=\"dictionary\"><\/span>which<span class=\"dictionary\"><\/span> <span class=\"dictionary\"><\/span>buildings<span class=\"dictionary\"><\/span> <span class=\"dictionary\"><\/span>or<span class=\"dictionary\"><\/span> <span class=\"dictionary\"><\/span>structures<span class=\"dictionary\"><\/span> <span class=\"dictionary\"><\/span>are<span class=\"dictionary\"><\/span> <span class=\"dictionary\"><\/span>to<span class=\"dictionary\"><\/span> <span class=\"dictionary\"><\/span>be<span class=\"dictionary\"><\/span> <span class=\"dictionary\"><\/span>used<span class=\"dictionary\"><\/span> <span class=\"dictionary\"><\/span>or<span class=\"dictionary\"><\/span><br \/>\n<span class=\"dictionary\"><\/span>occupied<span class=\"dictionary\"><\/span> <span class=\"dictionary\"><\/span>for<span class=\"dictionary\"><\/span> <span class=\"dictionary\"><\/span>residential<span class=\"dictionary\"><\/span> <span class=\"dictionary\"><\/span>purposes<span class=\"dictionary\"><\/span>;<\/p>\n<p>  (<span class=\"dictionary\"><\/span>g<span class=\"dictionary\"><\/span>)<span class=\"dictionary\"><\/span>to<span class=\"dictionary\"><\/span> <span class=\"dictionary\"><\/span>make<span class=\"dictionary\"><\/span> <span class=\"dictionary\"><\/span>or<span class=\"dictionary\"><\/span> <span class=\"dictionary\"><\/span>contract<span class=\"dictionary\"><\/span> <span class=\"dictionary\"><\/span>to<span class=\"dictionary\"><\/span> <span class=\"dictionary\"><\/span>make<span class=\"dictionary\"><\/span> <span class=\"dictionary\"><\/span>financial<span class=\"dictionary\"><\/span> <span class=\"dictionary\"><\/span>loans<span class=\"dictionary\"><\/span> <span class=\"dictionary\"><\/span>to<span class=\"dictionary\"><\/span> <span class=\"dictionary\"><\/span>any<span class=\"dictionary\"><\/span> <span class=\"dictionary\"><\/span>person<span class=\"dictionary\"><\/span> <span class=\"dictionary\"><\/span>or<span class=\"dictionary\"><\/span> <span class=\"dictionary\"><\/span>other<span class=\"dictionary\"><\/span> <span class=\"dictionary\"><\/span>legal<span class=\"dictionary\"><\/span> <span class=\"dictionary\"><\/span>entity<span class=\"dictionary\"><\/span> <span class=\"dictionary\"><\/span>to<span class=\"dictionary\"><\/span> <span class=\"dictionary\"><\/span>be<span class=\"dictionary\"><\/span> <span class=\"dictionary\"><\/span>used<span class=\"dictionary\"><\/span> <span class=\"dictionary\"><\/span>for<span class=\"dictionary\"><\/span><br \/>\n<span class=\"dictionary\"><\/span>or<span class=\"dictionary\"><\/span> <span class=\"dictionary\"><\/span>in<span class=\"dictionary\"><\/span> <span class=\"dictionary\"><\/span>connection<span class=\"dictionary\"><\/span> <span class=\"dictionary\"><\/span>with<span class=\"dictionary\"><\/span> <span class=\"dictionary\"><\/span>the<span class=\"dictionary\"><\/span> <span class=\"dictionary\"><\/span>purchase<span class=\"dictionary\"><\/span>, <span class=\"dictionary\"><\/span>acquisition<span class=\"dictionary\"><\/span>, <span class=\"dictionary\"><\/span>construction<span class=\"dictionary\"><\/span>, <span class=\"dictionary\"><\/span>reconstruction<span class=\"dictionary\"><\/span>, <span class=\"dictionary\"><\/span>erection<span class=\"dictionary\"><\/span>,<br \/>\n<span class=\"dictionary\"><\/span>development<span class=\"dictionary\"><\/span>, <span class=\"dictionary\"><\/span>redevelopment<span class=\"dictionary\"><\/span>, <span class=\"dictionary\"><\/span>rehabilitation<span class=\"dictionary\"><\/span>, <span class=\"dictionary\"><\/span>renovation<span class=\"dictionary\"><\/span>, <span class=\"dictionary\"><\/span>modernization<span class=\"dictionary\"><\/span>, <span class=\"dictionary\"><\/span>or<span class=\"dictionary\"><\/span> <span class=\"dictionary\"><\/span>improvement<span class=\"dictionary\"><\/span> <span class=\"dictionary\"><\/span>of<span class=\"dictionary\"><\/span><br \/>\n<span class=\"dictionary\"><\/span>buildings<span class=\"dictionary\"><\/span> <span class=\"dictionary\"><\/span>or<span class=\"dictionary\"><\/span> <span class=\"dictionary\"><\/span>structures<span class=\"dictionary\"><\/span>, <span class=\"dictionary\"><\/span>including<span class=\"dictionary\"><\/span> <span class=\"dictionary\"><\/span>any<span class=\"dictionary\"><\/span> <span class=\"dictionary\"><\/span>land<span class=\"dictionary\"><\/span> <span class=\"dictionary\"><\/span>necessary<span class=\"dictionary\"><\/span> <span class=\"dictionary\"><\/span>therefor<span class=\"dictionary\"><\/span>, <span class=\"dictionary\"><\/span>within<span class=\"dictionary\"><\/span> <span class=\"dictionary\"><\/span>the<span class=\"dictionary\"><\/span> <span class=\"dictionary\"><\/span>boundaries<span class=\"dictionary\"><\/span> <span class=\"dictionary\"><\/span>of<span class=\"dictionary\"><\/span><br \/>\n<span class=\"dictionary\"><\/span>Baltimore<span class=\"dictionary\"><\/span> <span class=\"dictionary\"><\/span>City<span class=\"dictionary\"><\/span>, <span class=\"dictionary\"><\/span>which<span class=\"dictionary\"><\/span> <span class=\"dictionary\"><\/span>buildings<span class=\"dictionary\"><\/span> <span class=\"dictionary\"><\/span>or<span class=\"dictionary\"><\/span> <span class=\"dictionary\"><\/span>structures<span class=\"dictionary\"><\/span> <span class=\"dictionary\"><\/span>are<span class=\"dictionary\"><\/span> <span class=\"dictionary\"><\/span>to<span class=\"dictionary\"><\/span> <span class=\"dictionary\"><\/span>be<span class=\"dictionary\"><\/span> <span class=\"dictionary\"><\/span>used<span class=\"dictionary\"><\/span> <span class=\"dictionary\"><\/span>or<span class=\"dictionary\"><\/span> <span class=\"dictionary\"><\/span>occupied<span class=\"dictionary\"><\/span> <span class=\"dictionary\"><\/span>for<span class=\"dictionary\"><\/span> <span class=\"dictionary\"><\/span>industrial<span class=\"dictionary\"><\/span><br \/>\n<span class=\"dictionary\"><\/span>purposes<span class=\"dictionary\"><\/span>; <span class=\"dictionary\"><\/span>and<span class=\"dictionary\"><\/span><\/p>\n<p>  (<span class=\"dictionary\"><\/span>h<span class=\"dictionary\"><\/span>)<span class=\"dictionary\"><\/span>to<span class=\"dictionary\"><\/span> <span class=\"dictionary\"><\/span>guarantee<span class=\"dictionary\"><\/span> <span class=\"dictionary\"><\/span>or<span class=\"dictionary\"><\/span> <span class=\"dictionary\"><\/span>insure<span class=\"dictionary\"><\/span> <span class=\"dictionary\"><\/span>financial<span class=\"dictionary\"><\/span> <span class=\"dictionary\"><\/span>loans<span class=\"dictionary\"><\/span> <span class=\"dictionary\"><\/span>made<span class=\"dictionary\"><\/span> <span class=\"dictionary\"><\/span>by<span class=\"dictionary\"><\/span> <span class=\"dictionary\"><\/span>third<span class=\"dictionary\"><\/span> <span class=\"dictionary\"><\/span>parties<span class=\"dictionary\"><\/span> <span class=\"dictionary\"><\/span>to<span class=\"dictionary\"><\/span> <span class=\"dictionary\"><\/span>any<span class=\"dictionary\"><\/span> <span class=\"dictionary\"><\/span>person<span class=\"dictionary\"><\/span> <span class=\"dictionary\"><\/span>or<span class=\"dictionary\"><\/span> <span class=\"dictionary\"><\/span>other<span class=\"dictionary\"><\/span> <span class=\"dictionary\"><\/span>legal<span class=\"dictionary\"><\/span> <span class=\"dictionary\"><\/span>entity<span class=\"dictionary\"><\/span><br \/>\n<span class=\"dictionary\"><\/span>which<span class=\"dictionary\"><\/span> <span class=\"dictionary\"><\/span>are<span class=\"dictionary\"><\/span> <span class=\"dictionary\"><\/span>to<span class=\"dictionary\"><\/span> <span class=\"dictionary\"><\/span>be<span class=\"dictionary\"><\/span> <span class=\"dictionary\"><\/span>used<span class=\"dictionary\"><\/span> <span class=\"dictionary\"><\/span>for<span class=\"dictionary\"><\/span> <span class=\"dictionary\"><\/span>or<span class=\"dictionary\"><\/span> <span class=\"dictionary\"><\/span>in<span class=\"dictionary\"><\/span> <span class=\"dictionary\"><\/span>connection<span class=\"dictionary\"><\/span> <span class=\"dictionary\"><\/span>with<span class=\"dictionary\"><\/span> <span class=\"dictionary\"><\/span>the<span class=\"dictionary\"><\/span> <span class=\"dictionary\"><\/span>purchase<span class=\"dictionary\"><\/span>, <span class=\"dictionary\"><\/span>acquisition<span class=\"dictionary\"><\/span>, <span class=\"dictionary\"><\/span>construction<span class=\"dictionary\"><\/span>,<br \/>\n<span class=\"dictionary\"><\/span>reconstruction<span class=\"dictionary\"><\/span>, <span class=\"dictionary\"><\/span>erection<span class=\"dictionary\"><\/span>, <span class=\"dictionary\"><\/span>development<span class=\"dictionary\"><\/span>, <span class=\"dictionary\"><\/span>redevelopment<span class=\"dictionary\"><\/span>, <span class=\"dictionary\"><\/span>rehabilitation<span class=\"dictionary\"><\/span>, <span class=\"dictionary\"><\/span>renovation<span class=\"dictionary\"><\/span>,<br \/>\n<span class=\"dictionary\"><\/span>modernization<span class=\"dictionary\"><\/span>, <span class=\"dictionary\"><\/span>or<span class=\"dictionary\"><\/span> <span class=\"dictionary\"><\/span>improvement<span class=\"dictionary\"><\/span> <span class=\"dictionary\"><\/span>of<span class=\"dictionary\"><\/span> <span class=\"dictionary\"><\/span>buildings<span class=\"dictionary\"><\/span> <span class=\"dictionary\"><\/span>or<span class=\"dictionary\"><\/span> <span class=\"dictionary\"><\/span>structures<span class=\"dictionary\"><\/span>, <span class=\"dictionary\"><\/span>including<span class=\"dictionary\"><\/span> <span class=\"dictionary\"><\/span>any<span class=\"dictionary\"><\/span> <span class=\"dictionary\"><\/span>land<span class=\"dictionary\"><\/span> <span class=\"dictionary\"><\/span>necessary<span class=\"dictionary\"><\/span><br \/>\n<span class=\"dictionary\"><\/span>therefor<span class=\"dictionary\"><\/span>, <span class=\"dictionary\"><\/span>within<span class=\"dictionary\"><\/span> <span class=\"dictionary\"><\/span>the<span class=\"dictionary\"><\/span> <span class=\"dictionary\"><\/span>boundaries<span class=\"dictionary\"><\/span> <span class=\"dictionary\"><\/span>of<span class=\"dictionary\"><\/span> <span class=\"dictionary\"><\/span>Baltimore<span class=\"dictionary\"><\/span> <span class=\"dictionary\"><\/span>City<span class=\"dictionary\"><\/span>, <span class=\"dictionary\"><\/span>which<span class=\"dictionary\"><\/span> <span class=\"dictionary\"><\/span>buildings<span class=\"dictionary\"><\/span> <span class=\"dictionary\"><\/span>or<span class=\"dictionary\"><\/span> <span class=\"dictionary\"><\/span>structures<span class=\"dictionary\"><\/span> <span class=\"dictionary\"><\/span>are<span class=\"dictionary\"><\/span> <span class=\"dictionary\"><\/span>to<span class=\"dictionary\"><\/span> <span class=\"dictionary\"><\/span>be<span class=\"dictionary\"><\/span> <span class=\"dictionary\"><\/span>used<span class=\"dictionary\"><\/span><br \/>\n<span class=\"dictionary\"><\/span>or<span class=\"dictionary\"><\/span> <span class=\"dictionary\"><\/span>occupied<span class=\"dictionary\"><\/span> <span class=\"dictionary\"><\/span>for<span class=\"dictionary\"><\/span> <span class=\"dictionary\"><\/span>industrial<span class=\"dictionary\"><\/span> <span class=\"dictionary\"><\/span>purposes<span class=\"dictionary\"><\/span>.<br \/>\n(<span class=\"dictionary\"><\/span>Ch<span class=\"dictionary\"><\/span>. <span class=\"dictionary\"><\/span>645<span class=\"dictionary\"><\/span>, <span class=\"dictionary\"><\/span>Acts<span class=\"dictionary\"><\/span> <span class=\"dictionary\"><\/span>of<span class=\"dictionary\"><\/span> <span class=\"dictionary\"><\/span>1984<span class=\"dictionary\"><\/span>.)<\/p>\n<\/p><\/section>","plain_text":"                              BALTIMORE CITY CHARTER\n\nLOANS AND LOAN GUARANTEES. (\u00a7 II-59)\n\nTo use the proceeds of any debt of the Mayor and City Council of Baltimore,\ncreated pursuant to\nArticle XI, Section 7 of the Constitution of Maryland, in order to effectuate\nany purpose which the\nGeneral Assembly of Maryland has or may hereafter authorize pursuant to Articles\nXI-G, XI-H, or\nXI-I of the Constitution of Maryland, as follows:\n  (a)to make or contract to make financial loans to any person or other legal\nentity to be used for\nor in connection with the rehabilitation, renovation, redevelopment, or\nimprovement of\nbuildings or structures located within the boundaries of Baltimore City, which\nbuildings or\nstructures are to be used or occupied for residential purposes;\n  (b)to guarantee or insure financial loans made by third parties to any person\nor other legal entity\nto be used for or in connection with the rehabilitation, renovation,\nredevelopment, or\nimprovement of buildings or structures located within the boundaries of\nBaltimore City,\nwhich buildings or structures are to be used or occupied for residential\npurposes;\n  (c)to make or contract to make financial loans to any person or other legal\nentity to be used for\nor in connection with the purchase or acquisition of leasehold or fee simple\ninterests in\nbuildings or structures, and for construction, reconstruction, erection,\ndevelopment,\nrehabilitation, renovation, redevelopment, or improvement of buildings or\nstructures, located\nwithin the boundaries of Baltimore City, which buildings or structures are to be\nused or\noccupied for commercial purposes;\n  (d)to guarantee or insure financial loans made by third parties to any person\nor other legal entity\nto be used for or in connection with the purchase or acquisition of leasehold or\nfee simple\ninterests in buildings or structures, and for construction, reconstruction,\nerection,\ndevelopment, rehabilitation, renovation, redevelopment, or improvement of\nbuildings or\nstructures, located within the boundaries of Baltimore City, which buildings or\nstructures are\nto be used or occupied for commercial purposes;\n  (e)to make or contract to make financial loans to any person or other legal\nentity to be used for\nor in connection with the purchase, acquisition, construction, erection, or\ndevelopment of\nbuildings or structures, including any land necessary therefor, within the\nboundaries of\nBaltimore City, which buildings or structures are to be used or occupied for\nresidential\npurposes;\n  (f)to guarantee or insure financial loans made by third parties to any person\nor other legal entity\nwhich are to be used for or in connection with the purchase, acquisition,\nconstruction,\nerection, or development of buildings or structures, including any land\nnecessary therefor,\nwithin the boundaries of Baltimore City, which buildings or structures are to be\nused or\noccupied for residential purposes;\n  (g)to make or contract to make financial loans to any person or other legal\nentity to be used for\nor in connection with the purchase, acquisition, construction, reconstruction,\nerection,\ndevelopment, redevelopment, rehabilitation, renovation, modernization, or\nimprovement of\nbuildings or structures, including any land necessary therefor, within the\nboundaries of\nBaltimore City, which buildings or structures are to be used or occupied for\nindustrial\npurposes; and\n  (h)to guarantee or insure financial loans made by third parties to any person\nor other legal entity\nwhich are to be used for or in connection with the purchase, acquisition,\nconstruction,\nreconstruction, erection, development, redevelopment, rehabilitation,\nrenovation,\nmodernization, or improvement of buildings or structures, including any land\nnecessary\ntherefor, within the boundaries of Baltimore City, which buildings or structures\nare to be used\nor occupied for industrial purposes.\n(Ch. 645, Acts of 1984.)\n","previous_section":{"id":"70","structure_id":"19","section_number":"II-58","catch_line":"Limitations on competition.","url":"http:\/\/charter.baltimorecode\/II-58\/","api_url":"http:\/\/charter.baltimorecode\/api\/law\/II-58\/"},"text":{"0":{"id":"71","text":"To use the proceeds of any debt of the Mayor and City Council of Baltimore, created pursuant to\nArticle XI, Section 7 of the Constitution of Maryland, in order to effectuate any purpose which the\nGeneral Assembly of Maryland has or may hereafter authorize pursuant to Articles XI-G, XI-H, or\nXI-I of the Constitution of Maryland, as follows:\n  (a)to make or contract to make financial loans to any person or other legal entity to be used for\nor in connection with the rehabilitation, renovation, redevelopment, or improvement of\nbuildings or structures located within the boundaries of Baltimore City, which buildings or\nstructures are to be used or occupied for residential purposes;\n  (b)to guarantee or insure financial loans made by third parties to any person or other legal entity\nto be used for or in connection with the rehabilitation, renovation, redevelopment, or\nimprovement of buildings or structures located within the boundaries of Baltimore City,\nwhich buildings or structures are to be used or occupied for residential purposes;\n  (c)to make or contract to make financial loans to any person or other legal entity to be used for\nor in connection with the purchase or acquisition of leasehold or fee simple interests in\nbuildings or structures, and for construction, reconstruction, erection, development,\nrehabilitation, renovation, redevelopment, or improvement of buildings or structures, located\nwithin the boundaries of Baltimore City, which buildings or structures are to be used or\noccupied for commercial purposes;\n  (d)to guarantee or insure financial loans made by third parties to any person or other legal entity\nto be used for or in connection with the purchase or acquisition of leasehold or fee simple\ninterests in buildings or structures, and for construction, reconstruction, erection,\ndevelopment, rehabilitation, renovation, redevelopment, or improvement of buildings or\nstructures, located within the boundaries of Baltimore City, which buildings or structures are\nto be used or occupied for commercial purposes;\n  (e)to make or contract to make financial loans to any person or other legal entity to be used for\nor in connection with the purchase, acquisition, construction, erection, or development of\nbuildings or structures, including any land necessary therefor, within the boundaries of\nBaltimore City, which buildings or structures are to be used or occupied for residential\npurposes;\n  (f)to guarantee or insure financial loans made by third parties to any person or other legal entity\nwhich are to be used for or in connection with the purchase, acquisition, construction,\nerection, or development of buildings or structures, including any land necessary therefor,\nwithin the boundaries of Baltimore City, which buildings or structures are to be used or\noccupied for residential purposes;\n  (g)to make or contract to make financial loans to any person or other legal entity to be used for\nor in connection with the purchase, acquisition, construction, reconstruction, erection,\ndevelopment, redevelopment, rehabilitation, renovation, modernization, or improvement of\nbuildings or structures, including any land necessary therefor, within the boundaries of\nBaltimore City, which buildings or structures are to be used or occupied for industrial\npurposes; and\n  (h)to guarantee or insure financial loans made by third parties to any person or other legal entity\nwhich are to be used for or in connection with the purchase, acquisition, construction,\nreconstruction, erection, development, redevelopment, rehabilitation, renovation,\nmodernization, or improvement of buildings or structures, including any land necessary\ntherefor, within the boundaries of Baltimore City, which buildings or structures are to be used\nor occupied for industrial purposes.\n(Ch. 645, Acts of 1984.)\n","type":"section","prefixes":[""],"prefix":"","entire_prefix":"","prefix_anchor":"","level":1}}}