{"section_number":"II-51","section_id":"63","structure_id":"19","catch_line":"Residential mortgage loan program.","history":"","full_text":" (a)  In general.\n\nTo develop a residential mortgage loan program in Baltimore City to serve a public purpose and\nneed which is expressly found and determined to be the development and perpetuation of readily\navailable sources of money at low and moderate cost for residential mortgage loans within\nBaltimore City which purpose is essential\n\n   (1)to preserve a healthy and viable economy within Baltimore City,\n\n   (2)to encourage and facilitate the creation or maintenance of a healthy and ready market for\nresidential real estate in Baltimore City including (without limitation) the ready sale and\npurchase of existing residential real estate and the purchase, acquisition, construction,\nerection or development of buildings or structures for residential purposes, including any\nland necessary therefor, within the boundaries of Baltimore City,\n\n   (3)to encourage and facilitate the purchase of such residential real property in order to\nmaintain and encourage growth in real property assessments in Baltimore City, and\n\n   (4)to preserve the public health, safety and welfare of the residents of Baltimore City by\nenabling residents of Baltimore City of all income levels to finance readily their housing\nneeds in Baltimore City, thus discouraging the proliferation of vacant and substandard\nhousing in Baltimore City and retarding or reversing the movement of financially\nself-sufficient taxpayers to surrounding subdivisions; and\n\n (b)  Loan acquisitions.\n\nTo purchase or contract to purchase or otherwise acquire mortgage loans\n\n   (1)bearing interest rates below those generally prevailing (at the time of purchase or contract\nto purchase) in the private mortgage market (to the extent such a market exists at that\ntime) for loans of comparable quality and term in Baltimore City and\n\n   (2)having whatever other terms and characteristics as may be determined by the Mayor and\nCity Council of Baltimore to be appropriate or necessary to accomplish the public\npurpose set forth in paragraph (a) of this subsection which terms shall require, to the\nextent deemed practicable by the Mayor and City Council of Baltimore, that the\nresidences securing such mortgage loans be owner occupied;\n\n (c)  Revenue bonds.\n\nWithout in any way limiting the generality of any other provisions of the Charter of the Mayor\nand City Council of Baltimore, to borrow money by the issuance of its revenue bonds and limited\nobligations pursuant to Article II, subsection (50), of this Charter in order to obtain the moneys\nnecessary to effect the residential mortgage loan program hereby authorized.\r\r","ancestry":{"1":{"id":"19","name":"General Powers","identifier":"II","label":"article","url":"http:\/\/charter.baltimorecode\/II\/"}},"structure_contents":{"0":{"id":"13","structure_id":"19","section_number":"II-1","catch_line":"Buildings.","url":"http:\/\/charter.baltimorecode\/II-1\/","api_url":"http:\/\/charter.baltimorecode\/api\/law\/II-1\/"},"1":{"id":"25","structure_id":"19","section_number":"II-2","catch_line":"Condemnation.","url":"http:\/\/charter.baltimorecode\/II-2\/","api_url":"http:\/\/charter.baltimorecode\/api\/law\/II-2\/"},"2":{"id":"36","structure_id":"19","section_number":"II-3","catch_line":"Federal grants and contracts.","url":"http:\/\/charter.baltimorecode\/II-3\/","api_url":"http:\/\/charter.baltimorecode\/api\/law\/II-3\/"},"3":{"id":"49","structure_id":"19","section_number":"II-4","catch_line":"Wage and hour requirements for public contracts.","url":"http:\/\/charter.baltimorecode\/II-4\/","api_url":"http:\/\/charter.baltimorecode\/api\/law\/II-4\/"},"4":{"id":"60","structure_id":"19","section_number":"II-4A","catch_line":"Contract disputes.","url":"http:\/\/charter.baltimorecode\/II-4A\/","api_url":"http:\/\/charter.baltimorecode\/api\/law\/II-4A\/"},"5":{"id":"61","structure_id":"19","section_number":"II-5","catch_line":"Entry on private property.","url":"http:\/\/charter.baltimorecode\/II-5\/","api_url":"http:\/\/charter.baltimorecode\/api\/law\/II-5\/"},"6":{"id":"72","structure_id":"19","section_number":"II-6","catch_line":"Ferries.","url":"http:\/\/charter.baltimorecode\/II-6\/","api_url":"http:\/\/charter.baltimorecode\/api\/law\/II-6\/"},"7":{"id":"82","structure_id":"19","section_number":"II-7","catch_line":"Fire.","url":"http:\/\/charter.baltimorecode\/II-7\/","api_url":"http:\/\/charter.baltimorecode\/api\/law\/II-7\/"},"8":{"id":"83","structure_id":"19","section_number":"II-8","catch_line":"Food.","url":"http:\/\/charter.baltimorecode\/II-8\/","api_url":"http:\/\/charter.baltimorecode\/api\/law\/II-8\/"},"9":{"id":"84","structure_id":"19","section_number":"II-9","catch_line":"Foreign trade zones.","url":"http:\/\/charter.baltimorecode\/II-9\/","api_url":"http:\/\/charter.baltimorecode\/api\/law\/II-9\/"},"10":{"id":"14","structure_id":"19","section_number":"II-10","catch_line":"Harbor, docks, and wharves.","url":"http:\/\/charter.baltimorecode\/II-10\/","api_url":"http:\/\/charter.baltimorecode\/api\/law\/II-10\/"},"11":{"id":"15","structure_id":"19","section_number":"II-11","catch_line":"Health and nuisances.","url":"http:\/\/charter.baltimorecode\/II-11\/","api_url":"http:\/\/charter.baltimorecode\/api\/law\/II-11\/"},"12":{"id":"16","structure_id":"19","section_number":"II-12","catch_line":"Hospitals, etc.","url":"http:\/\/charter.baltimorecode\/II-12\/","api_url":"http:\/\/charter.baltimorecode\/api\/law\/II-12\/"},"13":{"id":"17","structure_id":"19","section_number":"II-13","catch_line":"Jail.","url":"http:\/\/charter.baltimorecode\/II-13\/","api_url":"http:\/\/charter.baltimorecode\/api\/law\/II-13\/"},"14":{"id":"18","structure_id":"19","section_number":"II-14","catch_line":"Jones\u2019 Falls.","url":"http:\/\/charter.baltimorecode\/II-14\/","api_url":"http:\/\/charter.baltimorecode\/api\/law\/II-14\/"},"15":{"id":"19","structure_id":"19","section_number":"II-15","catch_line":"Land development and redevelopment.","url":"http:\/\/charter.baltimorecode\/II-15\/","api_url":"http:\/\/charter.baltimorecode\/api\/law\/II-15\/"},"16":{"id":"20","structure_id":"19","section_number":"II-15A","catch_line":"Industrial and economic development.","url":"http:\/\/charter.baltimorecode\/II-15A\/","api_url":"http:\/\/charter.baltimorecode\/api\/law\/II-15A\/"},"17":{"id":"21","structure_id":"19","section_number":"II-16","catch_line":"Libraries, art galleries, and museums.","url":"http:\/\/charter.baltimorecode\/II-16\/","api_url":"http:\/\/charter.baltimorecode\/api\/law\/II-16\/"},"18":{"id":"22","structure_id":"19","section_number":"II-17","catch_line":"Licences.","url":"http:\/\/charter.baltimorecode\/II-17\/","api_url":"http:\/\/charter.baltimorecode\/api\/law\/II-17\/"},"19":{"id":"23","structure_id":"19","section_number":"II-18","catch_line":"Markets.","url":"http:\/\/charter.baltimorecode\/II-18\/","api_url":"http:\/\/charter.baltimorecode\/api\/law\/II-18\/"},"20":{"id":"24","structure_id":"19","section_number":"II-19","catch_line":"Municipal liens.","url":"http:\/\/charter.baltimorecode\/II-19\/","api_url":"http:\/\/charter.baltimorecode\/api\/law\/II-19\/"},"21":{"id":"26","structure_id":"19","section_number":"II-20","catch_line":"Parking facilities.","url":"http:\/\/charter.baltimorecode\/II-20\/","api_url":"http:\/\/charter.baltimorecode\/api\/law\/II-20\/"},"22":{"id":"27","structure_id":"19","section_number":"II-21","catch_line":"Parks, recreational facilities, etc.","url":"http:\/\/charter.baltimorecode\/II-21\/","api_url":"http:\/\/charter.baltimorecode\/api\/law\/II-21\/"},"23":{"id":"28","structure_id":"19","section_number":"II-22","catch_line":"of the Annotated Code, as amended, replaced or supplemented from time to time, and","url":"http:\/\/charter.baltimorecode\/II-22\/","api_url":"http:\/\/charter.baltimorecode\/api\/law\/II-22\/"},"24":{"id":"29","structure_id":"19","section_number":"II-23","catch_line":"Peddlers.","url":"http:\/\/charter.baltimorecode\/II-23\/","api_url":"http:\/\/charter.baltimorecode\/api\/law\/II-23\/"},"25":{"id":"30","structure_id":"19","section_number":"II-24","catch_line":"Pensions.","url":"http:\/\/charter.baltimorecode\/II-24\/","api_url":"http:\/\/charter.baltimorecode\/api\/law\/II-24\/"},"26":{"id":"31","structure_id":"19","section_number":"II-25","catch_line":"Pensions for school cafeteria employees.","url":"http:\/\/charter.baltimorecode\/II-25\/","api_url":"http:\/\/charter.baltimorecode\/api\/law\/II-25\/"},"27":{"id":"32","structure_id":"19","section_number":"II-26","catch_line":"Pensions for police and fire employees.","url":"http:\/\/charter.baltimorecode\/II-26\/","api_url":"http:\/\/charter.baltimorecode\/api\/law\/II-26\/"},"28":{"id":"33","structure_id":"19","section_number":"II-27","catch_line":"Police power.","url":"http:\/\/charter.baltimorecode\/II-27\/","api_url":"http:\/\/charter.baltimorecode\/api\/law\/II-27\/"},"29":{"id":"34","structure_id":"19","section_number":"II-28","catch_line":"Port development.","url":"http:\/\/charter.baltimorecode\/II-28\/","api_url":"http:\/\/charter.baltimorecode\/api\/law\/II-28\/"},"30":{"id":"35","structure_id":"19","section_number":"II-29","catch_line":"Railroads.","url":"http:\/\/charter.baltimorecode\/II-29\/","api_url":"http:\/\/charter.baltimorecode\/api\/law\/II-29\/"},"31":{"id":"37","structure_id":"19","section_number":"II-30","catch_line":"Schools.","url":"http:\/\/charter.baltimorecode\/II-30\/","api_url":"http:\/\/charter.baltimorecode\/api\/law\/II-30\/"},"32":{"id":"38","structure_id":"19","section_number":"II-31","catch_line":"Sewers.","url":"http:\/\/charter.baltimorecode\/II-31\/","api_url":"http:\/\/charter.baltimorecode\/api\/law\/II-31\/"},"33":{"id":"39","structure_id":"19","section_number":"II-32","catch_line":"Storm water courses and flood areas.","url":"http:\/\/charter.baltimorecode\/II-32\/","api_url":"http:\/\/charter.baltimorecode\/api\/law\/II-32\/"},"34":{"id":"40","structure_id":"19","section_number":"II-33","catch_line":"Stocks, loans, and finance.","url":"http:\/\/charter.baltimorecode\/II-33\/","api_url":"http:\/\/charter.baltimorecode\/api\/law\/II-33\/"},"35":{"id":"41","structure_id":"19","section_number":"II-34","catch_line":"Streets, bridges, and tunnels.","url":"http:\/\/charter.baltimorecode\/II-34\/","api_url":"http:\/\/charter.baltimorecode\/api\/law\/II-34\/"},"36":{"id":"42","structure_id":"19","section_number":"II-34A","catch_line":"Parking at intersections.","url":"http:\/\/charter.baltimorecode\/II-34A\/","api_url":"http:\/\/charter.baltimorecode\/api\/law\/II-34A\/"},"37":{"id":"43","structure_id":"19","section_number":"II-35","catch_line":"Streets, lanes, and alleys.","url":"http:\/\/charter.baltimorecode\/II-35\/","api_url":"http:\/\/charter.baltimorecode\/api\/law\/II-35\/"},"38":{"id":"44","structure_id":"19","section_number":"II-35A","catch_line":"Cable television franchises.","url":"http:\/\/charter.baltimorecode\/II-35A\/","api_url":"http:\/\/charter.baltimorecode\/api\/law\/II-35A\/"},"39":{"id":"45","structure_id":"19","section_number":"II-36","catch_line":"Public or private alley.","url":"http:\/\/charter.baltimorecode\/II-36\/","api_url":"http:\/\/charter.baltimorecode\/api\/law\/II-36\/"},"40":{"id":"46","structure_id":"19","section_number":"II-37","catch_line":"Sundays.","url":"http:\/\/charter.baltimorecode\/II-37\/","api_url":"http:\/\/charter.baltimorecode\/api\/law\/II-37\/"},"41":{"id":"47","structure_id":"19","section_number":"II-38","catch_line":"Surveyor.","url":"http:\/\/charter.baltimorecode\/II-38\/","api_url":"http:\/\/charter.baltimorecode\/api\/law\/II-38\/"},"42":{"id":"48","structure_id":"19","section_number":"II-39","catch_line":"Property taxes.","url":"http:\/\/charter.baltimorecode\/II-39\/","api_url":"http:\/\/charter.baltimorecode\/api\/law\/II-39\/"},"43":{"id":"50","structure_id":"19","section_number":"II-40","catch_line":"Additional taxing powers.","url":"http:\/\/charter.baltimorecode\/II-40\/","api_url":"http:\/\/charter.baltimorecode\/api\/law\/II-40\/"},"44":{"id":"51","structure_id":"19","section_number":"II-41","catch_line":"Theatrical and public amusements.","url":"http:\/\/charter.baltimorecode\/II-41\/","api_url":"http:\/\/charter.baltimorecode\/api\/law\/II-41\/"},"45":{"id":"52","structure_id":"19","section_number":"II-42","catch_line":"Traffic.","url":"http:\/\/charter.baltimorecode\/II-42\/","api_url":"http:\/\/charter.baltimorecode\/api\/law\/II-42\/"},"46":{"id":"53","structure_id":"19","section_number":"II-43","catch_line":"Vehicles.","url":"http:\/\/charter.baltimorecode\/II-43\/","api_url":"http:\/\/charter.baltimorecode\/api\/law\/II-43\/"},"47":{"id":"54","structure_id":"19","section_number":"II-44","catch_line":"Veterans.","url":"http:\/\/charter.baltimorecode\/II-44\/","api_url":"http:\/\/charter.baltimorecode\/api\/law\/II-44\/"},"48":{"id":"55","structure_id":"19","section_number":"II-45","catch_line":"Water.","url":"http:\/\/charter.baltimorecode\/II-45\/","api_url":"http:\/\/charter.baltimorecode\/api\/law\/II-45\/"},"49":{"id":"56","structure_id":"19","section_number":"II-46","catch_line":"Weights and measures.","url":"http:\/\/charter.baltimorecode\/II-46\/","api_url":"http:\/\/charter.baltimorecode\/api\/law\/II-46\/"},"50":{"id":"57","structure_id":"19","section_number":"II-47","catch_line":"General welfare.","url":"http:\/\/charter.baltimorecode\/II-47\/","api_url":"http:\/\/charter.baltimorecode\/api\/law\/II-47\/"},"51":{"id":"58","structure_id":"19","section_number":"II-48","catch_line":"Fines and penalties.","url":"http:\/\/charter.baltimorecode\/II-48\/","api_url":"http:\/\/charter.baltimorecode\/api\/law\/II-48\/"},"52":{"id":"59","structure_id":"19","section_number":"II-49","catch_line":"Constitutional and other powers.","url":"http:\/\/charter.baltimorecode\/II-49\/","api_url":"http:\/\/charter.baltimorecode\/api\/law\/II-49\/"},"53":{"id":"62","structure_id":"19","section_number":"II-50","catch_line":"Revenue bonds and obligations.","url":"http:\/\/charter.baltimorecode\/II-50\/","api_url":"http:\/\/charter.baltimorecode\/api\/law\/II-50\/"},"54":{"id":"63","structure_id":"19","section_number":"II-51","catch_line":"Residential mortgage loan program.","url":"http:\/\/charter.baltimorecode\/II-51\/","api_url":"http:\/\/charter.baltimorecode\/api\/law\/II-51\/"},"55":{"id":"64","structure_id":"19","section_number":"II-52","catch_line":"Owner-occupancy residential mortgage loan program.","url":"http:\/\/charter.baltimorecode\/II-52\/","api_url":"http:\/\/charter.baltimorecode\/api\/law\/II-52\/"},"56":{"id":"65","structure_id":"19","section_number":"II-53","catch_line":"Nonresident owners, notice of violation and appointment of receiver.","url":"http:\/\/charter.baltimorecode\/II-53\/","api_url":"http:\/\/charter.baltimorecode\/api\/law\/II-53\/"},"57":{"id":"66","structure_id":"19","section_number":"II-54","catch_line":"Nonresident owners, notice of code violation and appointment of receiver.","url":"http:\/\/charter.baltimorecode\/II-54\/","api_url":"http:\/\/charter.baltimorecode\/api\/law\/II-54\/"},"58":{"id":"67","structure_id":"19","section_number":"II-55","catch_line":"Municipal employee relations.","url":"http:\/\/charter.baltimorecode\/II-55\/","api_url":"http:\/\/charter.baltimorecode\/api\/law\/II-55\/"},"59":{"id":"68","structure_id":"19","section_number":"II-56","catch_line":"Volunteer workers.","url":"http:\/\/charter.baltimorecode\/II-56\/","api_url":"http:\/\/charter.baltimorecode\/api\/law\/II-56\/"},"60":{"id":"69","structure_id":"19","section_number":"II-57","catch_line":"Loans for industrial purposes.","url":"http:\/\/charter.baltimorecode\/II-57\/","api_url":"http:\/\/charter.baltimorecode\/api\/law\/II-57\/"},"61":{"id":"70","structure_id":"19","section_number":"II-58","catch_line":"Limitations on competition.","url":"http:\/\/charter.baltimorecode\/II-58\/","api_url":"http:\/\/charter.baltimorecode\/api\/law\/II-58\/"},"62":{"id":"71","structure_id":"19","section_number":"II-59","catch_line":"Loans and loan guarantees.","url":"http:\/\/charter.baltimorecode\/II-59\/","api_url":"http:\/\/charter.baltimorecode\/api\/law\/II-59\/"},"63":{"id":"73","structure_id":"19","section_number":"II-60","catch_line":"Reports of loans, loan guarantees, and loan insurance.","url":"http:\/\/charter.baltimorecode\/II-60\/","api_url":"http:\/\/charter.baltimorecode\/api\/law\/II-60\/"},"64":{"id":"74","structure_id":"19","section_number":"II-61","catch_line":"Downtown Commercial District Management Authority.","url":"http:\/\/charter.baltimorecode\/II-61\/","api_url":"http:\/\/charter.baltimorecode\/api\/law\/II-61\/"},"65":{"id":"75","structure_id":"19","section_number":"II-62","catch_line":"Tax increment financing.","url":"http:\/\/charter.baltimorecode\/II-62\/","api_url":"http:\/\/charter.baltimorecode\/api\/law\/II-62\/"},"66":{"id":"76","structure_id":"19","section_number":"II-62A","catch_line":"Special Tax Districts.","url":"http:\/\/charter.baltimorecode\/II-62A\/","api_url":"http:\/\/charter.baltimorecode\/api\/law\/II-62A\/"},"67":{"id":"77","structure_id":"19","section_number":"II-63","catch_line":"Community Benefits District Authorities.","url":"http:\/\/charter.baltimorecode\/II-63\/","api_url":"http:\/\/charter.baltimorecode\/api\/law\/II-63\/"},"68":{"id":"78","structure_id":"19","section_number":"II-64","catch_line":"\u201cChild First\u201d Authority.","url":"http:\/\/charter.baltimorecode\/II-64\/","api_url":"http:\/\/charter.baltimorecode\/api\/law\/II-64\/"},"69":{"id":"79","structure_id":"19","section_number":"II-65","catch_line":"Land Bank Authority.","url":"http:\/\/charter.baltimorecode\/II-65\/","api_url":"http:\/\/charter.baltimorecode\/api\/law\/II-65\/"},"70":{"id":"80","structure_id":"19","section_number":"II-66","catch_line":"Community Benefits District Authority \u2013 East Baltimore.","url":"http:\/\/charter.baltimorecode\/II-66\/","api_url":"http:\/\/charter.baltimorecode\/api\/law\/II-66\/"},"71":{"id":"81","structure_id":"19","section_number":"II-67","catch_line":"Investment in Our Youth (IO-YOUth) Pilot Program.","url":"http:\/\/charter.baltimorecode\/II-67\/","api_url":"http:\/\/charter.baltimorecode\/api\/law\/II-67\/"}},"next_section":{"id":"64","structure_id":"19","section_number":"II-52","catch_line":"Owner-occupancy residential mortgage loan program.","url":"http:\/\/charter.baltimorecode\/II-52\/","api_url":"http:\/\/charter.baltimorecode\/api\/law\/II-52\/"},"references":false,"url":"http:\/\/charter.baltimorecode\/II-51\/","dublin_core":{"Title":"Residential mortgage loan program.","Type":"Text","Format":"text\/html","Identifier":"\u00a7 II-51","Relation":"Baltimore City Charter"},"html":"\n\t\t\t\t\t<section><p><p>(<span class=\"dictionary\"><\/span>a<span class=\"dictionary\"><\/span>)  <span class=\"dictionary\"><\/span>In<span class=\"dictionary\"><\/span> <span class=\"dictionary\"><\/span>general<span class=\"dictionary\"><\/span>.<\/p>\n<p><span class=\"dictionary\"><\/span>To<span class=\"dictionary\"><\/span> <span class=\"dictionary\"><\/span>develop<span class=\"dictionary\"><\/span> <span class=\"dictionary\"><\/span>a<span class=\"dictionary\"><\/span> <span class=\"dictionary\"><\/span>residential<span class=\"dictionary\"><\/span> <span class=\"dictionary\"><\/span>mortgage<span class=\"dictionary\"><\/span> <span class=\"dictionary\"><\/span>loan<span class=\"dictionary\"><\/span> <span class=\"dictionary\"><\/span>program<span class=\"dictionary\"><\/span> <span class=\"dictionary\"><\/span>in<span class=\"dictionary\"><\/span> <span class=\"dictionary\"><\/span>Baltimore<span class=\"dictionary\"><\/span> <span class=\"dictionary\"><\/span>City<span class=\"dictionary\"><\/span> <span class=\"dictionary\"><\/span>to<span class=\"dictionary\"><\/span> <span class=\"dictionary\"><\/span>serve<span class=\"dictionary\"><\/span> <span class=\"dictionary\"><\/span>a<span class=\"dictionary\"><\/span> <span class=\"dictionary\"><\/span>public<span class=\"dictionary\"><\/span> <span class=\"dictionary\"><\/span>purpose<span class=\"dictionary\"><\/span> <span class=\"dictionary\"><\/span>and<span class=\"dictionary\"><\/span><br \/>\n<span class=\"dictionary\"><\/span>need<span class=\"dictionary\"><\/span> <span class=\"dictionary\"><\/span>which<span class=\"dictionary\"><\/span> <span class=\"dictionary\"><\/span>is<span class=\"dictionary\"><\/span> <span class=\"dictionary\"><\/span>expressly<span class=\"dictionary\"><\/span> <span class=\"dictionary\"><\/span>found<span class=\"dictionary\"><\/span> <span class=\"dictionary\"><\/span>and<span class=\"dictionary\"><\/span> <span class=\"dictionary\"><\/span>determined<span class=\"dictionary\"><\/span> <span class=\"dictionary\"><\/span>to<span class=\"dictionary\"><\/span> <span class=\"dictionary\"><\/span>be<span class=\"dictionary\"><\/span> <span class=\"dictionary\"><\/span>the<span class=\"dictionary\"><\/span> <span class=\"dictionary\"><\/span>development<span class=\"dictionary\"><\/span> <span class=\"dictionary\"><\/span>and<span class=\"dictionary\"><\/span> <span class=\"dictionary\"><\/span>perpetuation<span class=\"dictionary\"><\/span> <span class=\"dictionary\"><\/span>of<span class=\"dictionary\"><\/span> <span class=\"dictionary\"><\/span>readily<span class=\"dictionary\"><\/span><br \/>\n<span class=\"dictionary\"><\/span>available<span class=\"dictionary\"><\/span> <span class=\"dictionary\"><\/span>sources<span class=\"dictionary\"><\/span> <span class=\"dictionary\"><\/span>of<span class=\"dictionary\"><\/span> <span class=\"dictionary\"><\/span>money<span class=\"dictionary\"><\/span> <span class=\"dictionary\"><\/span>at<span class=\"dictionary\"><\/span> <span class=\"dictionary\"><\/span>low<span class=\"dictionary\"><\/span> <span class=\"dictionary\"><\/span>and<span class=\"dictionary\"><\/span> <span class=\"dictionary\"><\/span>moderate<span class=\"dictionary\"><\/span> <span class=\"dictionary\"><\/span>cost<span class=\"dictionary\"><\/span> <span class=\"dictionary\"><\/span>for<span class=\"dictionary\"><\/span> <span class=\"dictionary\"><\/span>residential<span class=\"dictionary\"><\/span> <span class=\"dictionary\"><\/span>mortgage<span class=\"dictionary\"><\/span> <span class=\"dictionary\"><\/span>loans<span class=\"dictionary\"><\/span> <span class=\"dictionary\"><\/span>within<span class=\"dictionary\"><\/span><br \/>\n<span class=\"dictionary\"><\/span>Baltimore<span class=\"dictionary\"><\/span> <span class=\"dictionary\"><\/span>City<span class=\"dictionary\"><\/span> <span class=\"dictionary\"><\/span>which<span class=\"dictionary\"><\/span> <span class=\"dictionary\"><\/span>purpose<span class=\"dictionary\"><\/span> <span class=\"dictionary\"><\/span>is<span class=\"dictionary\"><\/span> <span class=\"dictionary\"><\/span>essential<span class=\"dictionary\"><\/span><\/p>\n<p>   (<span class=\"dictionary\"><\/span>1<span class=\"dictionary\"><\/span>)<span class=\"dictionary\"><\/span>to<span class=\"dictionary\"><\/span> <span class=\"dictionary\"><\/span>preserve<span class=\"dictionary\"><\/span> <span class=\"dictionary\"><\/span>a<span class=\"dictionary\"><\/span> <span class=\"dictionary\"><\/span>healthy<span class=\"dictionary\"><\/span> <span class=\"dictionary\"><\/span>and<span class=\"dictionary\"><\/span> <span class=\"dictionary\"><\/span>viable<span class=\"dictionary\"><\/span> <span class=\"dictionary\"><\/span>economy<span class=\"dictionary\"><\/span> <span class=\"dictionary\"><\/span>within<span class=\"dictionary\"><\/span> <span class=\"dictionary\"><\/span>Baltimore<span class=\"dictionary\"><\/span> <span class=\"dictionary\"><\/span>City<span class=\"dictionary\"><\/span>,<\/p>\n<p>   (<span class=\"dictionary\"><\/span>2<span class=\"dictionary\"><\/span>)<span class=\"dictionary\"><\/span>to<span class=\"dictionary\"><\/span> <span class=\"dictionary\"><\/span>encourage<span class=\"dictionary\"><\/span> <span class=\"dictionary\"><\/span>and<span class=\"dictionary\"><\/span> <span class=\"dictionary\"><\/span>facilitate<span class=\"dictionary\"><\/span> <span class=\"dictionary\"><\/span>the<span class=\"dictionary\"><\/span> <span class=\"dictionary\"><\/span>creation<span class=\"dictionary\"><\/span> <span class=\"dictionary\"><\/span>or<span class=\"dictionary\"><\/span> <span class=\"dictionary\"><\/span>maintenance<span class=\"dictionary\"><\/span> <span class=\"dictionary\"><\/span>of<span class=\"dictionary\"><\/span> <span class=\"dictionary\"><\/span>a<span class=\"dictionary\"><\/span> <span class=\"dictionary\"><\/span>healthy<span class=\"dictionary\"><\/span> <span class=\"dictionary\"><\/span>and<span class=\"dictionary\"><\/span> <span class=\"dictionary\"><\/span>ready<span class=\"dictionary\"><\/span> <span class=\"dictionary\"><\/span>market<span class=\"dictionary\"><\/span> <span class=\"dictionary\"><\/span>for<span class=\"dictionary\"><\/span><br \/>\n<span class=\"dictionary\"><\/span>residential<span class=\"dictionary\"><\/span> <span class=\"dictionary\"><\/span>real<span class=\"dictionary\"><\/span> <span class=\"dictionary\"><\/span>estate<span class=\"dictionary\"><\/span> <span class=\"dictionary\"><\/span>in<span class=\"dictionary\"><\/span> <span class=\"dictionary\"><\/span>Baltimore<span class=\"dictionary\"><\/span> <span class=\"dictionary\"><\/span>City<span class=\"dictionary\"><\/span> <span class=\"dictionary\"><\/span>including<span class=\"dictionary\"><\/span> (<span class=\"dictionary\"><\/span>without<span class=\"dictionary\"><\/span> <span class=\"dictionary\"><\/span>limitation<span class=\"dictionary\"><\/span>) <span class=\"dictionary\"><\/span>the<span class=\"dictionary\"><\/span> <span class=\"dictionary\"><\/span>ready<span class=\"dictionary\"><\/span> <span class=\"dictionary\"><\/span>sale<span class=\"dictionary\"><\/span> <span class=\"dictionary\"><\/span>and<span class=\"dictionary\"><\/span><br \/>\n<span class=\"dictionary\"><\/span>purchase<span class=\"dictionary\"><\/span> <span class=\"dictionary\"><\/span>of<span class=\"dictionary\"><\/span> <span class=\"dictionary\"><\/span>existing<span class=\"dictionary\"><\/span> <span class=\"dictionary\"><\/span>residential<span class=\"dictionary\"><\/span> <span class=\"dictionary\"><\/span>real<span class=\"dictionary\"><\/span> <span class=\"dictionary\"><\/span>estate<span class=\"dictionary\"><\/span> <span class=\"dictionary\"><\/span>and<span class=\"dictionary\"><\/span> <span class=\"dictionary\"><\/span>the<span class=\"dictionary\"><\/span> <span class=\"dictionary\"><\/span>purchase<span class=\"dictionary\"><\/span>, <span class=\"dictionary\"><\/span>acquisition<span class=\"dictionary\"><\/span>, <span class=\"dictionary\"><\/span>construction<span class=\"dictionary\"><\/span>,<br \/>\n<span class=\"dictionary\"><\/span>erection<span class=\"dictionary\"><\/span> <span class=\"dictionary\"><\/span>or<span class=\"dictionary\"><\/span> <span class=\"dictionary\"><\/span>development<span class=\"dictionary\"><\/span> <span class=\"dictionary\"><\/span>of<span class=\"dictionary\"><\/span> <span class=\"dictionary\"><\/span>buildings<span class=\"dictionary\"><\/span> <span class=\"dictionary\"><\/span>or<span class=\"dictionary\"><\/span> <span class=\"dictionary\"><\/span>structures<span class=\"dictionary\"><\/span> <span class=\"dictionary\"><\/span>for<span class=\"dictionary\"><\/span> <span class=\"dictionary\"><\/span>residential<span class=\"dictionary\"><\/span> <span class=\"dictionary\"><\/span>purposes<span class=\"dictionary\"><\/span>, <span class=\"dictionary\"><\/span>including<span class=\"dictionary\"><\/span> <span class=\"dictionary\"><\/span>any<span class=\"dictionary\"><\/span><br \/>\n<span class=\"dictionary\"><\/span>land<span class=\"dictionary\"><\/span> <span class=\"dictionary\"><\/span>necessary<span class=\"dictionary\"><\/span> <span class=\"dictionary\"><\/span>therefor<span class=\"dictionary\"><\/span>, <span class=\"dictionary\"><\/span>within<span class=\"dictionary\"><\/span> <span class=\"dictionary\"><\/span>the<span class=\"dictionary\"><\/span> <span class=\"dictionary\"><\/span>boundaries<span class=\"dictionary\"><\/span> <span class=\"dictionary\"><\/span>of<span class=\"dictionary\"><\/span> <span class=\"dictionary\"><\/span>Baltimore<span class=\"dictionary\"><\/span> <span class=\"dictionary\"><\/span>City<span class=\"dictionary\"><\/span>,<\/p>\n<p>   (<span class=\"dictionary\"><\/span>3<span class=\"dictionary\"><\/span>)<span class=\"dictionary\"><\/span>to<span class=\"dictionary\"><\/span> <span class=\"dictionary\"><\/span>encourage<span class=\"dictionary\"><\/span> <span class=\"dictionary\"><\/span>and<span class=\"dictionary\"><\/span> <span class=\"dictionary\"><\/span>facilitate<span class=\"dictionary\"><\/span> <span class=\"dictionary\"><\/span>the<span class=\"dictionary\"><\/span> <span class=\"dictionary\"><\/span>purchase<span class=\"dictionary\"><\/span> <span class=\"dictionary\"><\/span>of<span class=\"dictionary\"><\/span> <span class=\"dictionary\"><\/span>such<span class=\"dictionary\"><\/span> <span class=\"dictionary\"><\/span>residential<span class=\"dictionary\"><\/span> <span class=\"dictionary\"><\/span>real<span class=\"dictionary\"><\/span> <span class=\"dictionary\"><\/span>property<span class=\"dictionary\"><\/span> <span class=\"dictionary\"><\/span>in<span class=\"dictionary\"><\/span> <span class=\"dictionary\"><\/span>order<span class=\"dictionary\"><\/span> <span class=\"dictionary\"><\/span>to<span class=\"dictionary\"><\/span><br \/>\n<span class=\"dictionary\"><\/span>maintain<span class=\"dictionary\"><\/span> <span class=\"dictionary\"><\/span>and<span class=\"dictionary\"><\/span> <span class=\"dictionary\"><\/span>encourage<span class=\"dictionary\"><\/span> <span class=\"dictionary\"><\/span>growth<span class=\"dictionary\"><\/span> <span class=\"dictionary\"><\/span>in<span class=\"dictionary\"><\/span> <span class=\"dictionary\"><\/span>real<span class=\"dictionary\"><\/span> <span class=\"dictionary\"><\/span>property<span class=\"dictionary\"><\/span> <span class=\"dictionary\"><\/span>assessments<span class=\"dictionary\"><\/span> <span class=\"dictionary\"><\/span>in<span class=\"dictionary\"><\/span> <span class=\"dictionary\"><\/span>Baltimore<span class=\"dictionary\"><\/span> <span class=\"dictionary\"><\/span>City<span class=\"dictionary\"><\/span>, <span class=\"dictionary\"><\/span>and<span class=\"dictionary\"><\/span><\/p>\n<p>   (<span class=\"dictionary\"><\/span>4<span class=\"dictionary\"><\/span>)<span class=\"dictionary\"><\/span>to<span class=\"dictionary\"><\/span> <span class=\"dictionary\"><\/span>preserve<span class=\"dictionary\"><\/span> <span class=\"dictionary\"><\/span>the<span class=\"dictionary\"><\/span> <span class=\"dictionary\"><\/span>public<span class=\"dictionary\"><\/span> <span class=\"dictionary\"><\/span>health<span class=\"dictionary\"><\/span>, <span class=\"dictionary\"><\/span>safety<span class=\"dictionary\"><\/span> <span class=\"dictionary\"><\/span>and<span class=\"dictionary\"><\/span> <span class=\"dictionary\"><\/span>welfare<span class=\"dictionary\"><\/span> <span class=\"dictionary\"><\/span>of<span class=\"dictionary\"><\/span> <span class=\"dictionary\"><\/span>the<span class=\"dictionary\"><\/span> <span class=\"dictionary\"><\/span>residents<span class=\"dictionary\"><\/span> <span class=\"dictionary\"><\/span>of<span class=\"dictionary\"><\/span> <span class=\"dictionary\"><\/span>Baltimore<span class=\"dictionary\"><\/span> <span class=\"dictionary\"><\/span>City<span class=\"dictionary\"><\/span> <span class=\"dictionary\"><\/span>by<span class=\"dictionary\"><\/span><br \/>\n<span class=\"dictionary\"><\/span>enabling<span class=\"dictionary\"><\/span> <span class=\"dictionary\"><\/span>residents<span class=\"dictionary\"><\/span> <span class=\"dictionary\"><\/span>of<span class=\"dictionary\"><\/span> <span class=\"dictionary\"><\/span>Baltimore<span class=\"dictionary\"><\/span> <span class=\"dictionary\"><\/span>City<span class=\"dictionary\"><\/span> <span class=\"dictionary\"><\/span>of<span class=\"dictionary\"><\/span> <span class=\"dictionary\"><\/span>all<span class=\"dictionary\"><\/span> <span class=\"dictionary\"><\/span>income<span class=\"dictionary\"><\/span> <span class=\"dictionary\"><\/span>levels<span class=\"dictionary\"><\/span> <span class=\"dictionary\"><\/span>to<span class=\"dictionary\"><\/span> <span class=\"dictionary\"><\/span>finance<span class=\"dictionary\"><\/span> <span class=\"dictionary\"><\/span>readily<span class=\"dictionary\"><\/span> <span class=\"dictionary\"><\/span>their<span class=\"dictionary\"><\/span> <span class=\"dictionary\"><\/span>housing<span class=\"dictionary\"><\/span><br \/>\n<span class=\"dictionary\"><\/span>needs<span class=\"dictionary\"><\/span> <span class=\"dictionary\"><\/span>in<span class=\"dictionary\"><\/span> <span class=\"dictionary\"><\/span>Baltimore<span class=\"dictionary\"><\/span> <span class=\"dictionary\"><\/span>City<span class=\"dictionary\"><\/span>, <span class=\"dictionary\"><\/span>thus<span class=\"dictionary\"><\/span> <span class=\"dictionary\"><\/span>discouraging<span class=\"dictionary\"><\/span> <span class=\"dictionary\"><\/span>the<span class=\"dictionary\"><\/span> <span class=\"dictionary\"><\/span>proliferation<span class=\"dictionary\"><\/span> <span class=\"dictionary\"><\/span>of<span class=\"dictionary\"><\/span> <span class=\"dictionary\"><\/span>vacant<span class=\"dictionary\"><\/span> <span class=\"dictionary\"><\/span>and<span class=\"dictionary\"><\/span> <span class=\"dictionary\"><\/span>substandard<span class=\"dictionary\"><\/span><br \/>\n<span class=\"dictionary\"><\/span>housing<span class=\"dictionary\"><\/span> <span class=\"dictionary\"><\/span>in<span class=\"dictionary\"><\/span> <span class=\"dictionary\"><\/span>Baltimore<span class=\"dictionary\"><\/span> <span class=\"dictionary\"><\/span>City<span class=\"dictionary\"><\/span> <span class=\"dictionary\"><\/span>and<span class=\"dictionary\"><\/span> <span class=\"dictionary\"><\/span>retarding<span class=\"dictionary\"><\/span> <span class=\"dictionary\"><\/span>or<span class=\"dictionary\"><\/span> <span class=\"dictionary\"><\/span>reversing<span class=\"dictionary\"><\/span> <span class=\"dictionary\"><\/span>the<span class=\"dictionary\"><\/span> <span class=\"dictionary\"><\/span>movement<span class=\"dictionary\"><\/span> <span class=\"dictionary\"><\/span>of<span class=\"dictionary\"><\/span> <span class=\"dictionary\"><\/span>financially<span class=\"dictionary\"><\/span><br \/>\n<span class=\"dictionary\"><\/span>self<span class=\"dictionary\"><\/span>-<span class=\"dictionary\"><\/span>sufficient<span class=\"dictionary\"><\/span> <span class=\"dictionary\"><\/span>taxpayers<span class=\"dictionary\"><\/span> <span class=\"dictionary\"><\/span>to<span class=\"dictionary\"><\/span> <span class=\"dictionary\"><\/span>surrounding<span class=\"dictionary\"><\/span> <span class=\"dictionary\"><\/span>subdivisions<span class=\"dictionary\"><\/span>; <span class=\"dictionary\"><\/span>and<span class=\"dictionary\"><\/span><\/p>\n<p> (<span class=\"dictionary\"><\/span>b<span class=\"dictionary\"><\/span>)  <span class=\"dictionary\"><\/span>Loan<span class=\"dictionary\"><\/span> <span class=\"dictionary\"><\/span>acquisitions<span class=\"dictionary\"><\/span>.<\/p>\n<p><span class=\"dictionary\"><\/span>To<span class=\"dictionary\"><\/span> <span class=\"dictionary\"><\/span>purchase<span class=\"dictionary\"><\/span> <span class=\"dictionary\"><\/span>or<span class=\"dictionary\"><\/span> <span class=\"dictionary\"><\/span>contract<span class=\"dictionary\"><\/span> <span class=\"dictionary\"><\/span>to<span class=\"dictionary\"><\/span> <span class=\"dictionary\"><\/span>purchase<span class=\"dictionary\"><\/span> <span class=\"dictionary\"><\/span>or<span class=\"dictionary\"><\/span> <span class=\"dictionary\"><\/span>otherwise<span class=\"dictionary\"><\/span> <span class=\"dictionary\"><\/span>acquire<span class=\"dictionary\"><\/span> <span class=\"dictionary\"><\/span>mortgage<span class=\"dictionary\"><\/span> <span class=\"dictionary\"><\/span>loans<span class=\"dictionary\"><\/span><\/p>\n<p>   (<span class=\"dictionary\"><\/span>1<span class=\"dictionary\"><\/span>)<span class=\"dictionary\"><\/span>bearing<span class=\"dictionary\"><\/span> <span class=\"dictionary\"><\/span>interest<span class=\"dictionary\"><\/span> <span class=\"dictionary\"><\/span>rates<span class=\"dictionary\"><\/span> <span class=\"dictionary\"><\/span>below<span class=\"dictionary\"><\/span> <span class=\"dictionary\"><\/span>those<span class=\"dictionary\"><\/span> <span class=\"dictionary\"><\/span>generally<span class=\"dictionary\"><\/span> <span class=\"dictionary\"><\/span>prevailing<span class=\"dictionary\"><\/span> (<span class=\"dictionary\"><\/span>at<span class=\"dictionary\"><\/span> <span class=\"dictionary\"><\/span>the<span class=\"dictionary\"><\/span> <span class=\"dictionary\"><\/span>time<span class=\"dictionary\"><\/span> <span class=\"dictionary\"><\/span>of<span class=\"dictionary\"><\/span> <span class=\"dictionary\"><\/span>purchase<span class=\"dictionary\"><\/span> <span class=\"dictionary\"><\/span>or<span class=\"dictionary\"><\/span> <span class=\"dictionary\"><\/span>contract<span class=\"dictionary\"><\/span><br \/>\n<span class=\"dictionary\"><\/span>to<span class=\"dictionary\"><\/span> <span class=\"dictionary\"><\/span>purchase<span class=\"dictionary\"><\/span>) <span class=\"dictionary\"><\/span>in<span class=\"dictionary\"><\/span> <span class=\"dictionary\"><\/span>the<span class=\"dictionary\"><\/span> <span class=\"dictionary\"><\/span>private<span class=\"dictionary\"><\/span> <span class=\"dictionary\"><\/span>mortgage<span class=\"dictionary\"><\/span> <span class=\"dictionary\"><\/span>market<span class=\"dictionary\"><\/span> (<span class=\"dictionary\"><\/span>to<span class=\"dictionary\"><\/span> <span class=\"dictionary\"><\/span>the<span class=\"dictionary\"><\/span> <span class=\"dictionary\"><\/span>extent<span class=\"dictionary\"><\/span> <span class=\"dictionary\"><\/span>such<span class=\"dictionary\"><\/span> <span class=\"dictionary\"><\/span>a<span class=\"dictionary\"><\/span> <span class=\"dictionary\"><\/span>market<span class=\"dictionary\"><\/span> <span class=\"dictionary\"><\/span>exists<span class=\"dictionary\"><\/span> <span class=\"dictionary\"><\/span>at<span class=\"dictionary\"><\/span> <span class=\"dictionary\"><\/span>that<span class=\"dictionary\"><\/span><br \/>\n<span class=\"dictionary\"><\/span>time<span class=\"dictionary\"><\/span>) <span class=\"dictionary\"><\/span>for<span class=\"dictionary\"><\/span> <span class=\"dictionary\"><\/span>loans<span class=\"dictionary\"><\/span> <span class=\"dictionary\"><\/span>of<span class=\"dictionary\"><\/span> <span class=\"dictionary\"><\/span>comparable<span class=\"dictionary\"><\/span> <span class=\"dictionary\"><\/span>quality<span class=\"dictionary\"><\/span> <span class=\"dictionary\"><\/span>and<span class=\"dictionary\"><\/span> <span class=\"dictionary\"><\/span>term<span class=\"dictionary\"><\/span> <span class=\"dictionary\"><\/span>in<span class=\"dictionary\"><\/span> <span class=\"dictionary\"><\/span>Baltimore<span class=\"dictionary\"><\/span> <span class=\"dictionary\"><\/span>City<span class=\"dictionary\"><\/span> <span class=\"dictionary\"><\/span>and<span class=\"dictionary\"><\/span><\/p>\n<p>   (<span class=\"dictionary\"><\/span>2<span class=\"dictionary\"><\/span>)<span class=\"dictionary\"><\/span>having<span class=\"dictionary\"><\/span> <span class=\"dictionary\"><\/span>whatever<span class=\"dictionary\"><\/span> <span class=\"dictionary\"><\/span>other<span class=\"dictionary\"><\/span> <span class=\"dictionary\"><\/span>terms<span class=\"dictionary\"><\/span> <span class=\"dictionary\"><\/span>and<span class=\"dictionary\"><\/span> <span class=\"dictionary\"><\/span>characteristics<span class=\"dictionary\"><\/span> <span class=\"dictionary\"><\/span>as<span class=\"dictionary\"><\/span> <span class=\"dictionary\"><\/span>may<span class=\"dictionary\"><\/span> <span class=\"dictionary\"><\/span>be<span class=\"dictionary\"><\/span> <span class=\"dictionary\"><\/span>determined<span class=\"dictionary\"><\/span> <span class=\"dictionary\"><\/span>by<span class=\"dictionary\"><\/span> <span class=\"dictionary\"><\/span>the<span class=\"dictionary\"><\/span> <span class=\"dictionary\"><\/span>Mayor<span class=\"dictionary\"><\/span> <span class=\"dictionary\"><\/span>and<span class=\"dictionary\"><\/span><br \/>\n<span class=\"dictionary\"><\/span>City<span class=\"dictionary\"><\/span> <span class=\"dictionary\"><\/span>Council<span class=\"dictionary\"><\/span> <span class=\"dictionary\"><\/span>of<span class=\"dictionary\"><\/span> <span class=\"dictionary\"><\/span>Baltimore<span class=\"dictionary\"><\/span> <span class=\"dictionary\"><\/span>to<span class=\"dictionary\"><\/span> <span class=\"dictionary\"><\/span>be<span class=\"dictionary\"><\/span> <span class=\"dictionary\"><\/span>appropriate<span class=\"dictionary\"><\/span> <span class=\"dictionary\"><\/span>or<span class=\"dictionary\"><\/span> <span class=\"dictionary\"><\/span>necessary<span class=\"dictionary\"><\/span> <span class=\"dictionary\"><\/span>to<span class=\"dictionary\"><\/span> <span class=\"dictionary\"><\/span>accomplish<span class=\"dictionary\"><\/span> <span class=\"dictionary\"><\/span>the<span class=\"dictionary\"><\/span> <span class=\"dictionary\"><\/span>public<span class=\"dictionary\"><\/span><br \/>\n<span class=\"dictionary\"><\/span>purpose<span class=\"dictionary\"><\/span> <span class=\"dictionary\"><\/span>set<span class=\"dictionary\"><\/span> <span class=\"dictionary\"><\/span>forth<span class=\"dictionary\"><\/span> <span class=\"dictionary\"><\/span>in<span class=\"dictionary\"><\/span> <span class=\"dictionary\"><\/span>paragraph<span class=\"dictionary\"><\/span> (<span class=\"dictionary\"><\/span>a<span class=\"dictionary\"><\/span>) <span class=\"dictionary\"><\/span>of<span class=\"dictionary\"><\/span> <span class=\"dictionary\"><\/span>this<span class=\"dictionary\"><\/span> <span class=\"dictionary\"><\/span>subsection<span class=\"dictionary\"><\/span> <span class=\"dictionary\"><\/span>which<span class=\"dictionary\"><\/span> <span class=\"dictionary\"><\/span>terms<span class=\"dictionary\"><\/span> <span class=\"dictionary\"><\/span>shall<span class=\"dictionary\"><\/span> <span class=\"dictionary\"><\/span>require<span class=\"dictionary\"><\/span>, <span class=\"dictionary\"><\/span>to<span class=\"dictionary\"><\/span> <span class=\"dictionary\"><\/span>the<span class=\"dictionary\"><\/span><br \/>\n<span class=\"dictionary\"><\/span>extent<span class=\"dictionary\"><\/span> <span class=\"dictionary\"><\/span>deemed<span class=\"dictionary\"><\/span> <span class=\"dictionary\"><\/span>practicable<span class=\"dictionary\"><\/span> <span class=\"dictionary\"><\/span>by<span class=\"dictionary\"><\/span> <span class=\"dictionary\"><\/span>the<span class=\"dictionary\"><\/span> <span class=\"dictionary\"><\/span>Mayor<span class=\"dictionary\"><\/span> <span class=\"dictionary\"><\/span>and<span class=\"dictionary\"><\/span> <span class=\"dictionary\"><\/span>City<span class=\"dictionary\"><\/span> <span class=\"dictionary\"><\/span>Council<span class=\"dictionary\"><\/span> <span class=\"dictionary\"><\/span>of<span class=\"dictionary\"><\/span> <span class=\"dictionary\"><\/span>Baltimore<span class=\"dictionary\"><\/span>, <span class=\"dictionary\"><\/span>that<span class=\"dictionary\"><\/span> <span class=\"dictionary\"><\/span>the<span class=\"dictionary\"><\/span><br \/>\n<span class=\"dictionary\"><\/span>residences<span class=\"dictionary\"><\/span> <span class=\"dictionary\"><\/span>securing<span class=\"dictionary\"><\/span> <span class=\"dictionary\"><\/span>such<span class=\"dictionary\"><\/span> <span class=\"dictionary\"><\/span>mortgage<span class=\"dictionary\"><\/span> <span class=\"dictionary\"><\/span>loans<span class=\"dictionary\"><\/span> <span class=\"dictionary\"><\/span>be<span class=\"dictionary\"><\/span> <span class=\"dictionary\"><\/span>owner<span class=\"dictionary\"><\/span> <span class=\"dictionary\"><\/span>occupied<span class=\"dictionary\"><\/span>;<\/p>\n<p> (<span class=\"dictionary\"><\/span>c<span class=\"dictionary\"><\/span>)  <span class=\"dictionary\"><\/span>Revenue<span class=\"dictionary\"><\/span> <span class=\"dictionary\"><\/span>bonds<span class=\"dictionary\"><\/span>.<\/p>\n<p><span class=\"dictionary\"><\/span>Without<span class=\"dictionary\"><\/span> <span class=\"dictionary\"><\/span>in<span class=\"dictionary\"><\/span> <span class=\"dictionary\"><\/span>any<span class=\"dictionary\"><\/span> <span class=\"dictionary\"><\/span>way<span class=\"dictionary\"><\/span> <span class=\"dictionary\"><\/span>limiting<span class=\"dictionary\"><\/span> <span class=\"dictionary\"><\/span>the<span class=\"dictionary\"><\/span> <span class=\"dictionary\"><\/span>generality<span class=\"dictionary\"><\/span> <span class=\"dictionary\"><\/span>of<span class=\"dictionary\"><\/span> <span class=\"dictionary\"><\/span>any<span class=\"dictionary\"><\/span> <span class=\"dictionary\"><\/span>other<span class=\"dictionary\"><\/span> <span class=\"dictionary\"><\/span>provisions<span class=\"dictionary\"><\/span> <span class=\"dictionary\"><\/span>of<span class=\"dictionary\"><\/span> <span class=\"dictionary\"><\/span>the<span class=\"dictionary\"><\/span> <span class=\"dictionary\"><\/span>Charter<span class=\"dictionary\"><\/span> <span class=\"dictionary\"><\/span>of<span class=\"dictionary\"><\/span> <span class=\"dictionary\"><\/span>the<span class=\"dictionary\"><\/span> <span class=\"dictionary\"><\/span>Mayor<span class=\"dictionary\"><\/span><br \/>\n<span class=\"dictionary\"><\/span>and<span class=\"dictionary\"><\/span> <span class=\"dictionary\"><\/span>City<span class=\"dictionary\"><\/span> <span class=\"dictionary\"><\/span>Council<span class=\"dictionary\"><\/span> <span class=\"dictionary\"><\/span>of<span class=\"dictionary\"><\/span> <span class=\"dictionary\"><\/span>Baltimore<span class=\"dictionary\"><\/span>, <span class=\"dictionary\"><\/span>to<span class=\"dictionary\"><\/span> <span class=\"dictionary\"><\/span>borrow<span class=\"dictionary\"><\/span> <span class=\"dictionary\"><\/span>money<span class=\"dictionary\"><\/span> <span class=\"dictionary\"><\/span>by<span class=\"dictionary\"><\/span> <span class=\"dictionary\"><\/span>the<span class=\"dictionary\"><\/span> <span class=\"dictionary\"><\/span>issuance<span class=\"dictionary\"><\/span> <span class=\"dictionary\"><\/span>of<span class=\"dictionary\"><\/span> <span class=\"dictionary\"><\/span>its<span class=\"dictionary\"><\/span> <span class=\"dictionary\"><\/span>revenue<span class=\"dictionary\"><\/span> <span class=\"dictionary\"><\/span>bonds<span class=\"dictionary\"><\/span> <span class=\"dictionary\"><\/span>and<span class=\"dictionary\"><\/span> <span class=\"dictionary\"><\/span>limited<span class=\"dictionary\"><\/span><br \/>\n<span class=\"dictionary\"><\/span>obligations<span class=\"dictionary\"><\/span> <span class=\"dictionary\"><\/span>pursuant<span class=\"dictionary\"><\/span> <span class=\"dictionary\"><\/span>to<span class=\"dictionary\"><\/span> <span class=\"dictionary\"><\/span>Article<span class=\"dictionary\"><\/span> <span class=\"dictionary\"><\/span>II<span class=\"dictionary\"><\/span>, <span class=\"dictionary\"><\/span>subsection<span class=\"dictionary\"><\/span> (<span class=\"dictionary\"><\/span>50<span class=\"dictionary\"><\/span>), <span class=\"dictionary\"><\/span>of<span class=\"dictionary\"><\/span> <span class=\"dictionary\"><\/span>this<span class=\"dictionary\"><\/span> <span class=\"dictionary\"><\/span>Charter<span class=\"dictionary\"><\/span> <span class=\"dictionary\"><\/span>in<span class=\"dictionary\"><\/span> <span class=\"dictionary\"><\/span>order<span class=\"dictionary\"><\/span> <span class=\"dictionary\"><\/span>to<span class=\"dictionary\"><\/span> <span class=\"dictionary\"><\/span>obtain<span class=\"dictionary\"><\/span> <span class=\"dictionary\"><\/span>the<span class=\"dictionary\"><\/span> <span class=\"dictionary\"><\/span>moneys<span class=\"dictionary\"><\/span><br \/>\n<span class=\"dictionary\"><\/span>necessary<span class=\"dictionary\"><\/span> <span class=\"dictionary\"><\/span>to<span class=\"dictionary\"><\/span> <span class=\"dictionary\"><\/span>effect<span class=\"dictionary\"><\/span> <span class=\"dictionary\"><\/span>the<span class=\"dictionary\"><\/span> <span class=\"dictionary\"><\/span>residential<span class=\"dictionary\"><\/span> <span class=\"dictionary\"><\/span>mortgage<span class=\"dictionary\"><\/span> <span class=\"dictionary\"><\/span>loan<span class=\"dictionary\"><\/span> <span class=\"dictionary\"><\/span>program<span class=\"dictionary\"><\/span> <span class=\"dictionary\"><\/span>hereby<span class=\"dictionary\"><\/span> <span class=\"dictionary\"><\/span>authorized<span class=\"dictionary\"><\/span>.<\/p>\n<\/p><\/section>","plain_text":"                              BALTIMORE CITY CHARTER\n\nRESIDENTIAL MORTGAGE LOAN PROGRAM. (\u00a7 II-51)\n\n(a)  In general.\nTo develop a residential mortgage loan program in Baltimore City to serve a\npublic purpose and\nneed which is expressly found and determined to be the development and\nperpetuation of readily\navailable sources of money at low and moderate cost for residential mortgage\nloans within\nBaltimore City which purpose is essential\n   (1)to preserve a healthy and viable economy within Baltimore City,\n   (2)to encourage and facilitate the creation or maintenance of a healthy and\nready market for\nresidential real estate in Baltimore City including (without limitation) the\nready sale and\npurchase of existing residential real estate and the purchase, acquisition,\nconstruction,\nerection or development of buildings or structures for residential purposes,\nincluding any\nland necessary therefor, within the boundaries of Baltimore City,\n   (3)to encourage and facilitate the purchase of such residential real property\nin order to\nmaintain and encourage growth in real property assessments in Baltimore City,\nand\n   (4)to preserve the public health, safety and welfare of the residents of\nBaltimore City by\nenabling residents of Baltimore City of all income levels to finance readily\ntheir housing\nneeds in Baltimore City, thus discouraging the proliferation of vacant and\nsubstandard\nhousing in Baltimore City and retarding or reversing the movement of financially\nself-sufficient taxpayers to surrounding subdivisions; and\n (b)  Loan acquisitions.\nTo purchase or contract to purchase or otherwise acquire mortgage loans\n   (1)bearing interest rates below those generally prevailing (at the time of\npurchase or contract\nto purchase) in the private mortgage market (to the extent such a market exists\nat that\ntime) for loans of comparable quality and term in Baltimore City and\n   (2)having whatever other terms and characteristics as may be determined by\nthe Mayor and\nCity Council of Baltimore to be appropriate or necessary to accomplish the\npublic\npurpose set forth in paragraph (a) of this subsection which terms shall require,\nto the\nextent deemed practicable by the Mayor and City Council of Baltimore, that the\nresidences securing such mortgage loans be owner occupied;\n (c)  Revenue bonds.\nWithout in any way limiting the generality of any other provisions of the\nCharter of the Mayor\nand City Council of Baltimore, to borrow money by the issuance of its revenue\nbonds and limited\nobligations pursuant to Article II, subsection (50), of this Charter in order to\nobtain the moneys\nnecessary to effect the residential mortgage loan program hereby authorized.\n","previous_section":{"id":"62","structure_id":"19","section_number":"II-50","catch_line":"Revenue bonds and obligations.","url":"http:\/\/charter.baltimorecode\/II-50\/","api_url":"http:\/\/charter.baltimorecode\/api\/law\/II-50\/"},"text":{"0":{"id":"63","text":"(a)  In general.\nTo develop a residential mortgage loan program in Baltimore City to serve a public purpose and\nneed which is expressly found and determined to be the development and perpetuation of readily\navailable sources of money at low and moderate cost for residential mortgage loans within\nBaltimore City which purpose is essential\n   (1)to preserve a healthy and viable economy within Baltimore City,\n   (2)to encourage and facilitate the creation or maintenance of a healthy and ready market for\nresidential real estate in Baltimore City including (without limitation) the ready sale and\npurchase of existing residential real estate and the purchase, acquisition, construction,\nerection or development of buildings or structures for residential purposes, including any\nland necessary therefor, within the boundaries of Baltimore City,\n   (3)to encourage and facilitate the purchase of such residential real property in order to\nmaintain and encourage growth in real property assessments in Baltimore City, and\n   (4)to preserve the public health, safety and welfare of the residents of Baltimore City by\nenabling residents of Baltimore City of all income levels to finance readily their housing\nneeds in Baltimore City, thus discouraging the proliferation of vacant and substandard\nhousing in Baltimore City and retarding or reversing the movement of financially\nself-sufficient taxpayers to surrounding subdivisions; and\n (b)  Loan acquisitions.\nTo purchase or contract to purchase or otherwise acquire mortgage loans\n   (1)bearing interest rates below those generally prevailing (at the time of purchase or contract\nto purchase) in the private mortgage market (to the extent such a market exists at that\ntime) for loans of comparable quality and term in Baltimore City and\n   (2)having whatever other terms and characteristics as may be determined by the Mayor and\nCity Council of Baltimore to be appropriate or necessary to accomplish the public\npurpose set forth in paragraph (a) of this subsection which terms shall require, to the\nextent deemed practicable by the Mayor and City Council of Baltimore, that the\nresidences securing such mortgage loans be owner occupied;\n (c)  Revenue bonds.\nWithout in any way limiting the generality of any other provisions of the Charter of the Mayor\nand City Council of Baltimore, to borrow money by the issuance of its revenue bonds and limited\nobligations pursuant to Article II, subsection (50), of this Charter in order to obtain the moneys\nnecessary to effect the residential mortgage loan program hereby authorized.\n","type":"section","prefixes":[""],"prefix":"","entire_prefix":"","prefix_anchor":"","level":1}}}