{"section_number":"II-64","section_id":"78","structure_id":"2","catch_line":"\u201cChild First\u201d Authority.","history":"","full_text":" (a)  In general.\nTo establish by ordinance an authority known as \u201cChild First\u201d that uses existing facilities for the\npurpose of providing recreational, cultural, and other enrichment programs for children.\n\n (b)  Nature of Authority.\n\nThe Authority established under this section:\n\n   (1)is an independent unit of the Baltimore City government;\n\n   (2)shall have those powers and duties consistent with the purposes of the Authority,\ndelegated through the ordinance that the City itself could otherwise exercise; and\n\n   (3)is exempt from those laws or procedures that would otherwise apply to any unit of the\nBaltimore City government to the extent exempted by the ordinance.\n\n (c)  Powers of Authority.\n\nThe Authority established under this section:\n\n   (1)shall have a management board and executive director as prescribed in the ordinance\nadopted under this section;\n\n   (2)may sue or be sued;\n\n   (3)may acquire, lease, or hold property for the purposes of the Authority;\n\n   (4)may incur limited obligation debt that shall be an obligation solely of the Authority if\nauthorized by the ordinance;\n\n   (5)may employ staff or contract for any services necessary to carry out the purposes of the\nAuthority;\n\n   (6)may adopt bylaws and regulations concerning the operation of the Authority;\n\n   (7)may establish fees necessary for the operation of the Authority;\n\n   (8)may make contracts of any kind and execute any instrument necessary to carry out the\npurposes of the Authority;\n\n   (9)may accept from any public or private entity grants or other revenue necessary to carry\nout the purposes of the Authority; and\n\n   (10) shall have any additional powers granted under and subject to the ordinance enacted\nunder this section.\n\n (d)  City funding and services.\n\nThe Mayor and the City Council are authorized to provide funding for the Authority and any\nservices through the City government that are deemed appropriate to assist the Authority in its\noperations.\n(Ch. 642, Acts of 1996.)\r\r","ancestry":{"1":{"id":"2","name":"General Powers","identifier":"II","label":"article","url":"http:\/\/charter.baltimorecode.localhost\/II\/"}},"structure_contents":{"0":{"id":"13","structure_id":"2","section_number":"II-1","catch_line":"Buildings.","url":"http:\/\/charter.baltimorecode.localhost\/II-1\/","api_url":"http:\/\/charter.baltimorecode.localhost\/api\/law\/II-1\/"},"1":{"id":"14","structure_id":"2","section_number":"II-10","catch_line":"Harbor, docks, and wharves.","url":"http:\/\/charter.baltimorecode.localhost\/II-10\/","api_url":"http:\/\/charter.baltimorecode.localhost\/api\/law\/II-10\/"},"2":{"id":"15","structure_id":"2","section_number":"II-11","catch_line":"Health and nuisances.","url":"http:\/\/charter.baltimorecode.localhost\/II-11\/","api_url":"http:\/\/charter.baltimorecode.localhost\/api\/law\/II-11\/"},"3":{"id":"16","structure_id":"2","section_number":"II-12","catch_line":"Hospitals, etc.","url":"http:\/\/charter.baltimorecode.localhost\/II-12\/","api_url":"http:\/\/charter.baltimorecode.localhost\/api\/law\/II-12\/"},"4":{"id":"17","structure_id":"2","section_number":"II-13","catch_line":"Jail.","url":"http:\/\/charter.baltimorecode.localhost\/II-13\/","api_url":"http:\/\/charter.baltimorecode.localhost\/api\/law\/II-13\/"},"5":{"id":"18","structure_id":"2","section_number":"II-14","catch_line":"Jones\u2019 Falls.","url":"http:\/\/charter.baltimorecode.localhost\/II-14\/","api_url":"http:\/\/charter.baltimorecode.localhost\/api\/law\/II-14\/"},"6":{"id":"19","structure_id":"2","section_number":"II-15","catch_line":"Land development and redevelopment.","url":"http:\/\/charter.baltimorecode.localhost\/II-15\/","api_url":"http:\/\/charter.baltimorecode.localhost\/api\/law\/II-15\/"},"7":{"id":"20","structure_id":"2","section_number":"II-15A","catch_line":"Industrial and economic development.","url":"http:\/\/charter.baltimorecode.localhost\/II-15A\/","api_url":"http:\/\/charter.baltimorecode.localhost\/api\/law\/II-15A\/"},"8":{"id":"21","structure_id":"2","section_number":"II-16","catch_line":"Libraries, art galleries, and museums.","url":"http:\/\/charter.baltimorecode.localhost\/II-16\/","api_url":"http:\/\/charter.baltimorecode.localhost\/api\/law\/II-16\/"},"9":{"id":"22","structure_id":"2","section_number":"II-17","catch_line":"Licences.","url":"http:\/\/charter.baltimorecode.localhost\/II-17\/","api_url":"http:\/\/charter.baltimorecode.localhost\/api\/law\/II-17\/"},"10":{"id":"23","structure_id":"2","section_number":"II-18","catch_line":"Markets.","url":"http:\/\/charter.baltimorecode.localhost\/II-18\/","api_url":"http:\/\/charter.baltimorecode.localhost\/api\/law\/II-18\/"},"11":{"id":"24","structure_id":"2","section_number":"II-19","catch_line":"Municipal liens.","url":"http:\/\/charter.baltimorecode.localhost\/II-19\/","api_url":"http:\/\/charter.baltimorecode.localhost\/api\/law\/II-19\/"},"12":{"id":"25","structure_id":"2","section_number":"II-2","catch_line":"Condemnation.","url":"http:\/\/charter.baltimorecode.localhost\/II-2\/","api_url":"http:\/\/charter.baltimorecode.localhost\/api\/law\/II-2\/"},"13":{"id":"26","structure_id":"2","section_number":"II-20","catch_line":"Parking facilities.","url":"http:\/\/charter.baltimorecode.localhost\/II-20\/","api_url":"http:\/\/charter.baltimorecode.localhost\/api\/law\/II-20\/"},"14":{"id":"27","structure_id":"2","section_number":"II-21","catch_line":"Parks, recreational facilities, etc.","url":"http:\/\/charter.baltimorecode.localhost\/II-21\/","api_url":"http:\/\/charter.baltimorecode.localhost\/api\/law\/II-21\/"},"15":{"id":"28","structure_id":"2","section_number":"II-22","catch_line":"of the Annotated Code, as amended, replaced or supplemented from time to time, and","url":"http:\/\/charter.baltimorecode.localhost\/II-22\/","api_url":"http:\/\/charter.baltimorecode.localhost\/api\/law\/II-22\/"},"16":{"id":"29","structure_id":"2","section_number":"II-23","catch_line":"Peddlers.","url":"http:\/\/charter.baltimorecode.localhost\/II-23\/","api_url":"http:\/\/charter.baltimorecode.localhost\/api\/law\/II-23\/"},"17":{"id":"30","structure_id":"2","section_number":"II-24","catch_line":"Pensions.","url":"http:\/\/charter.baltimorecode.localhost\/II-24\/","api_url":"http:\/\/charter.baltimorecode.localhost\/api\/law\/II-24\/"},"18":{"id":"31","structure_id":"2","section_number":"II-25","catch_line":"Pensions for school cafeteria employees.","url":"http:\/\/charter.baltimorecode.localhost\/II-25\/","api_url":"http:\/\/charter.baltimorecode.localhost\/api\/law\/II-25\/"},"19":{"id":"32","structure_id":"2","section_number":"II-26","catch_line":"Pensions for police and fire employees.","url":"http:\/\/charter.baltimorecode.localhost\/II-26\/","api_url":"http:\/\/charter.baltimorecode.localhost\/api\/law\/II-26\/"},"20":{"id":"33","structure_id":"2","section_number":"II-27","catch_line":"Police power.","url":"http:\/\/charter.baltimorecode.localhost\/II-27\/","api_url":"http:\/\/charter.baltimorecode.localhost\/api\/law\/II-27\/"},"21":{"id":"34","structure_id":"2","section_number":"II-28","catch_line":"Port development.","url":"http:\/\/charter.baltimorecode.localhost\/II-28\/","api_url":"http:\/\/charter.baltimorecode.localhost\/api\/law\/II-28\/"},"22":{"id":"35","structure_id":"2","section_number":"II-29","catch_line":"Railroads.","url":"http:\/\/charter.baltimorecode.localhost\/II-29\/","api_url":"http:\/\/charter.baltimorecode.localhost\/api\/law\/II-29\/"},"23":{"id":"36","structure_id":"2","section_number":"II-3","catch_line":"Federal grants and contracts.","url":"http:\/\/charter.baltimorecode.localhost\/II-3\/","api_url":"http:\/\/charter.baltimorecode.localhost\/api\/law\/II-3\/"},"24":{"id":"37","structure_id":"2","section_number":"II-30","catch_line":"Schools.","url":"http:\/\/charter.baltimorecode.localhost\/II-30\/","api_url":"http:\/\/charter.baltimorecode.localhost\/api\/law\/II-30\/"},"25":{"id":"38","structure_id":"2","section_number":"II-31","catch_line":"Sewers.","url":"http:\/\/charter.baltimorecode.localhost\/II-31\/","api_url":"http:\/\/charter.baltimorecode.localhost\/api\/law\/II-31\/"},"26":{"id":"39","structure_id":"2","section_number":"II-32","catch_line":"Storm water courses and flood areas.","url":"http:\/\/charter.baltimorecode.localhost\/II-32\/","api_url":"http:\/\/charter.baltimorecode.localhost\/api\/law\/II-32\/"},"27":{"id":"40","structure_id":"2","section_number":"II-33","catch_line":"Stocks, loans, and finance.","url":"http:\/\/charter.baltimorecode.localhost\/II-33\/","api_url":"http:\/\/charter.baltimorecode.localhost\/api\/law\/II-33\/"},"28":{"id":"41","structure_id":"2","section_number":"II-34","catch_line":"Streets, bridges, and tunnels.","url":"http:\/\/charter.baltimorecode.localhost\/II-34\/","api_url":"http:\/\/charter.baltimorecode.localhost\/api\/law\/II-34\/"},"29":{"id":"42","structure_id":"2","section_number":"II-34A","catch_line":"Parking at intersections.","url":"http:\/\/charter.baltimorecode.localhost\/II-34A\/","api_url":"http:\/\/charter.baltimorecode.localhost\/api\/law\/II-34A\/"},"30":{"id":"43","structure_id":"2","section_number":"II-35","catch_line":"Streets, lanes, and alleys.","url":"http:\/\/charter.baltimorecode.localhost\/II-35\/","api_url":"http:\/\/charter.baltimorecode.localhost\/api\/law\/II-35\/"},"31":{"id":"44","structure_id":"2","section_number":"II-35A","catch_line":"Cable television franchises.","url":"http:\/\/charter.baltimorecode.localhost\/II-35A\/","api_url":"http:\/\/charter.baltimorecode.localhost\/api\/law\/II-35A\/"},"32":{"id":"45","structure_id":"2","section_number":"II-36","catch_line":"Public or private alley.","url":"http:\/\/charter.baltimorecode.localhost\/II-36\/","api_url":"http:\/\/charter.baltimorecode.localhost\/api\/law\/II-36\/"},"33":{"id":"46","structure_id":"2","section_number":"II-37","catch_line":"Sundays.","url":"http:\/\/charter.baltimorecode.localhost\/II-37\/","api_url":"http:\/\/charter.baltimorecode.localhost\/api\/law\/II-37\/"},"34":{"id":"47","structure_id":"2","section_number":"II-38","catch_line":"Surveyor.","url":"http:\/\/charter.baltimorecode.localhost\/II-38\/","api_url":"http:\/\/charter.baltimorecode.localhost\/api\/law\/II-38\/"},"35":{"id":"48","structure_id":"2","section_number":"II-39","catch_line":"Property taxes.","url":"http:\/\/charter.baltimorecode.localhost\/II-39\/","api_url":"http:\/\/charter.baltimorecode.localhost\/api\/law\/II-39\/"},"36":{"id":"49","structure_id":"2","section_number":"II-4","catch_line":"Wage and hour requirements for public contracts.","url":"http:\/\/charter.baltimorecode.localhost\/II-4\/","api_url":"http:\/\/charter.baltimorecode.localhost\/api\/law\/II-4\/"},"37":{"id":"50","structure_id":"2","section_number":"II-40","catch_line":"Additional taxing powers.","url":"http:\/\/charter.baltimorecode.localhost\/II-40\/","api_url":"http:\/\/charter.baltimorecode.localhost\/api\/law\/II-40\/"},"38":{"id":"51","structure_id":"2","section_number":"II-41","catch_line":"Theatrical and public amusements.","url":"http:\/\/charter.baltimorecode.localhost\/II-41\/","api_url":"http:\/\/charter.baltimorecode.localhost\/api\/law\/II-41\/"},"39":{"id":"52","structure_id":"2","section_number":"II-42","catch_line":"Traffic.","url":"http:\/\/charter.baltimorecode.localhost\/II-42\/","api_url":"http:\/\/charter.baltimorecode.localhost\/api\/law\/II-42\/"},"40":{"id":"53","structure_id":"2","section_number":"II-43","catch_line":"Vehicles.","url":"http:\/\/charter.baltimorecode.localhost\/II-43\/","api_url":"http:\/\/charter.baltimorecode.localhost\/api\/law\/II-43\/"},"41":{"id":"54","structure_id":"2","section_number":"II-44","catch_line":"Veterans.","url":"http:\/\/charter.baltimorecode.localhost\/II-44\/","api_url":"http:\/\/charter.baltimorecode.localhost\/api\/law\/II-44\/"},"42":{"id":"55","structure_id":"2","section_number":"II-45","catch_line":"Water.","url":"http:\/\/charter.baltimorecode.localhost\/II-45\/","api_url":"http:\/\/charter.baltimorecode.localhost\/api\/law\/II-45\/"},"43":{"id":"56","structure_id":"2","section_number":"II-46","catch_line":"Weights and measures.","url":"http:\/\/charter.baltimorecode.localhost\/II-46\/","api_url":"http:\/\/charter.baltimorecode.localhost\/api\/law\/II-46\/"},"44":{"id":"57","structure_id":"2","section_number":"II-47","catch_line":"General welfare.","url":"http:\/\/charter.baltimorecode.localhost\/II-47\/","api_url":"http:\/\/charter.baltimorecode.localhost\/api\/law\/II-47\/"},"45":{"id":"58","structure_id":"2","section_number":"II-48","catch_line":"Fines and penalties.","url":"http:\/\/charter.baltimorecode.localhost\/II-48\/","api_url":"http:\/\/charter.baltimorecode.localhost\/api\/law\/II-48\/"},"46":{"id":"59","structure_id":"2","section_number":"II-49","catch_line":"Constitutional and other powers.","url":"http:\/\/charter.baltimorecode.localhost\/II-49\/","api_url":"http:\/\/charter.baltimorecode.localhost\/api\/law\/II-49\/"},"47":{"id":"60","structure_id":"2","section_number":"II-4A","catch_line":"Contract disputes.","url":"http:\/\/charter.baltimorecode.localhost\/II-4A\/","api_url":"http:\/\/charter.baltimorecode.localhost\/api\/law\/II-4A\/"},"48":{"id":"61","structure_id":"2","section_number":"II-5","catch_line":"Entry on private property.","url":"http:\/\/charter.baltimorecode.localhost\/II-5\/","api_url":"http:\/\/charter.baltimorecode.localhost\/api\/law\/II-5\/"},"49":{"id":"62","structure_id":"2","section_number":"II-50","catch_line":"Revenue bonds and obligations.","url":"http:\/\/charter.baltimorecode.localhost\/II-50\/","api_url":"http:\/\/charter.baltimorecode.localhost\/api\/law\/II-50\/"},"50":{"id":"63","structure_id":"2","section_number":"II-51","catch_line":"Residential mortgage loan program.","url":"http:\/\/charter.baltimorecode.localhost\/II-51\/","api_url":"http:\/\/charter.baltimorecode.localhost\/api\/law\/II-51\/"},"51":{"id":"64","structure_id":"2","section_number":"II-52","catch_line":"Owner-occupancy residential mortgage loan program.","url":"http:\/\/charter.baltimorecode.localhost\/II-52\/","api_url":"http:\/\/charter.baltimorecode.localhost\/api\/law\/II-52\/"},"52":{"id":"65","structure_id":"2","section_number":"II-53","catch_line":"Nonresident owners, notice of violation and appointment of receiver.","url":"http:\/\/charter.baltimorecode.localhost\/II-53\/","api_url":"http:\/\/charter.baltimorecode.localhost\/api\/law\/II-53\/"},"53":{"id":"66","structure_id":"2","section_number":"II-54","catch_line":"Nonresident owners, notice of code violation and appointment of receiver.","url":"http:\/\/charter.baltimorecode.localhost\/II-54\/","api_url":"http:\/\/charter.baltimorecode.localhost\/api\/law\/II-54\/"},"54":{"id":"67","structure_id":"2","section_number":"II-55","catch_line":"Municipal employee relations.","url":"http:\/\/charter.baltimorecode.localhost\/II-55\/","api_url":"http:\/\/charter.baltimorecode.localhost\/api\/law\/II-55\/"},"55":{"id":"68","structure_id":"2","section_number":"II-56","catch_line":"Volunteer workers.","url":"http:\/\/charter.baltimorecode.localhost\/II-56\/","api_url":"http:\/\/charter.baltimorecode.localhost\/api\/law\/II-56\/"},"56":{"id":"69","structure_id":"2","section_number":"II-57","catch_line":"Loans for industrial purposes.","url":"http:\/\/charter.baltimorecode.localhost\/II-57\/","api_url":"http:\/\/charter.baltimorecode.localhost\/api\/law\/II-57\/"},"57":{"id":"70","structure_id":"2","section_number":"II-58","catch_line":"Limitations on competition.","url":"http:\/\/charter.baltimorecode.localhost\/II-58\/","api_url":"http:\/\/charter.baltimorecode.localhost\/api\/law\/II-58\/"},"58":{"id":"71","structure_id":"2","section_number":"II-59","catch_line":"Loans and loan guarantees.","url":"http:\/\/charter.baltimorecode.localhost\/II-59\/","api_url":"http:\/\/charter.baltimorecode.localhost\/api\/law\/II-59\/"},"59":{"id":"72","structure_id":"2","section_number":"II-6","catch_line":"Ferries.","url":"http:\/\/charter.baltimorecode.localhost\/II-6\/","api_url":"http:\/\/charter.baltimorecode.localhost\/api\/law\/II-6\/"},"60":{"id":"73","structure_id":"2","section_number":"II-60","catch_line":"Reports of loans, loan guarantees, and loan insurance.","url":"http:\/\/charter.baltimorecode.localhost\/II-60\/","api_url":"http:\/\/charter.baltimorecode.localhost\/api\/law\/II-60\/"},"61":{"id":"74","structure_id":"2","section_number":"II-61","catch_line":"Downtown Commercial District Management Authority.","url":"http:\/\/charter.baltimorecode.localhost\/II-61\/","api_url":"http:\/\/charter.baltimorecode.localhost\/api\/law\/II-61\/"},"62":{"id":"75","structure_id":"2","section_number":"II-62","catch_line":"Tax increment financing.","url":"http:\/\/charter.baltimorecode.localhost\/II-62\/","api_url":"http:\/\/charter.baltimorecode.localhost\/api\/law\/II-62\/"},"63":{"id":"76","structure_id":"2","section_number":"II-62A","catch_line":"Special Tax Districts.","url":"http:\/\/charter.baltimorecode.localhost\/II-62A\/","api_url":"http:\/\/charter.baltimorecode.localhost\/api\/law\/II-62A\/"},"64":{"id":"77","structure_id":"2","section_number":"II-63","catch_line":"Community Benefits District Authorities.","url":"http:\/\/charter.baltimorecode.localhost\/II-63\/","api_url":"http:\/\/charter.baltimorecode.localhost\/api\/law\/II-63\/"},"65":{"id":"78","structure_id":"2","section_number":"II-64","catch_line":"\u201cChild First\u201d Authority.","url":"http:\/\/charter.baltimorecode.localhost\/II-64\/","api_url":"http:\/\/charter.baltimorecode.localhost\/api\/law\/II-64\/"},"66":{"id":"79","structure_id":"2","section_number":"II-65","catch_line":"Land Bank Authority.","url":"http:\/\/charter.baltimorecode.localhost\/II-65\/","api_url":"http:\/\/charter.baltimorecode.localhost\/api\/law\/II-65\/"},"67":{"id":"80","structure_id":"2","section_number":"II-66","catch_line":"Community Benefits District Authority \u2013 East Baltimore.","url":"http:\/\/charter.baltimorecode.localhost\/II-66\/","api_url":"http:\/\/charter.baltimorecode.localhost\/api\/law\/II-66\/"},"68":{"id":"81","structure_id":"2","section_number":"II-67","catch_line":"Investment in Our Youth (IO-YOUth) Pilot Program.","url":"http:\/\/charter.baltimorecode.localhost\/II-67\/","api_url":"http:\/\/charter.baltimorecode.localhost\/api\/law\/II-67\/"},"69":{"id":"82","structure_id":"2","section_number":"II-7","catch_line":"Fire.","url":"http:\/\/charter.baltimorecode.localhost\/II-7\/","api_url":"http:\/\/charter.baltimorecode.localhost\/api\/law\/II-7\/"},"70":{"id":"83","structure_id":"2","section_number":"II-8","catch_line":"Food.","url":"http:\/\/charter.baltimorecode.localhost\/II-8\/","api_url":"http:\/\/charter.baltimorecode.localhost\/api\/law\/II-8\/"},"71":{"id":"84","structure_id":"2","section_number":"II-9","catch_line":"Foreign trade zones.","url":"http:\/\/charter.baltimorecode.localhost\/II-9\/","api_url":"http:\/\/charter.baltimorecode.localhost\/api\/law\/II-9\/"}},"next_section":{"id":"79","structure_id":"2","section_number":"II-65","catch_line":"Land Bank Authority.","url":"http:\/\/charter.baltimorecode.localhost\/II-65\/","api_url":"http:\/\/charter.baltimorecode.localhost\/api\/law\/II-65\/"},"references":false,"url":"http:\/\/charter.baltimorecode.localhost\/II-64\/","dublin_core":{"Title":"\u201cChild First\u201d Authority.","Type":"Text","Format":"text\/html","Identifier":"\u00a7 II-64","Relation":"Baltimore City Charter"},"html":"\n\t\t\t\t\t<section><p><p>(<span class=\"dictionary\"><\/span>a<span class=\"dictionary\"><\/span>)  <span class=\"dictionary\"><\/span>In<span class=\"dictionary\"><\/span> <span class=\"dictionary\"><\/span>general<span class=\"dictionary\"><\/span>.<br \/>\n<span class=\"dictionary\"><\/span>To<span class=\"dictionary\"><\/span> <span class=\"dictionary\"><\/span>establish<span class=\"dictionary\"><\/span> <span class=\"dictionary\"><\/span>by<span class=\"dictionary\"><\/span> <span class=\"dictionary\"><\/span>ordinance<span class=\"dictionary\"><\/span> <span class=\"dictionary\"><\/span>an<span class=\"dictionary\"><\/span> <span class=\"dictionary\"><\/span>authority<span class=\"dictionary\"><\/span> <span class=\"dictionary\"><\/span>known<span class=\"dictionary\"><\/span> <span class=\"dictionary\"><\/span>as<span class=\"dictionary\"><\/span> \u201c<span class=\"dictionary\"><\/span>Child<span class=\"dictionary\"><\/span> <span class=\"dictionary\"><\/span>First<span class=\"dictionary\"><\/span>\u201d <span class=\"dictionary\"><\/span>that<span class=\"dictionary\"><\/span> <span class=\"dictionary\"><\/span>uses<span class=\"dictionary\"><\/span> <span class=\"dictionary\"><\/span>existing<span class=\"dictionary\"><\/span> <span class=\"dictionary\"><\/span>facilities<span class=\"dictionary\"><\/span> <span class=\"dictionary\"><\/span>for<span class=\"dictionary\"><\/span> <span class=\"dictionary\"><\/span>the<span class=\"dictionary\"><\/span><br \/>\n<span class=\"dictionary\"><\/span>purpose<span class=\"dictionary\"><\/span> <span class=\"dictionary\"><\/span>of<span class=\"dictionary\"><\/span> <span class=\"dictionary\"><\/span>providing<span class=\"dictionary\"><\/span> <span class=\"dictionary\"><\/span>recreational<span class=\"dictionary\"><\/span>, <span class=\"dictionary\"><\/span>cultural<span class=\"dictionary\"><\/span>, <span class=\"dictionary\"><\/span>and<span class=\"dictionary\"><\/span> <span class=\"dictionary\"><\/span>other<span class=\"dictionary\"><\/span> <span class=\"dictionary\"><\/span>enrichment<span class=\"dictionary\"><\/span> <span class=\"dictionary\"><\/span>programs<span class=\"dictionary\"><\/span> <span class=\"dictionary\"><\/span>for<span class=\"dictionary\"><\/span> <span class=\"dictionary\"><\/span>children<span class=\"dictionary\"><\/span>.<\/p>\n<p> (<span class=\"dictionary\"><\/span>b<span class=\"dictionary\"><\/span>)  <span class=\"dictionary\"><\/span>Nature<span class=\"dictionary\"><\/span> <span class=\"dictionary\"><\/span>of<span class=\"dictionary\"><\/span> <span class=\"dictionary\"><\/span>Authority<span class=\"dictionary\"><\/span>.<\/p>\n<p><span class=\"dictionary\"><\/span>The<span class=\"dictionary\"><\/span> <span class=\"dictionary\"><\/span>Authority<span class=\"dictionary\"><\/span> <span class=\"dictionary\"><\/span>established<span class=\"dictionary\"><\/span> <span class=\"dictionary\"><\/span>under<span class=\"dictionary\"><\/span> <span class=\"dictionary\"><\/span>this<span class=\"dictionary\"><\/span> <span class=\"dictionary\"><\/span>section<span class=\"dictionary\"><\/span>:<\/p>\n<p>   (<span class=\"dictionary\"><\/span>1<span class=\"dictionary\"><\/span>)<span class=\"dictionary\"><\/span>is<span class=\"dictionary\"><\/span> <span class=\"dictionary\"><\/span>an<span class=\"dictionary\"><\/span> <span class=\"dictionary\"><\/span>independent<span class=\"dictionary\"><\/span> <span class=\"dictionary\"><\/span>unit<span class=\"dictionary\"><\/span> <span class=\"dictionary\"><\/span>of<span class=\"dictionary\"><\/span> <span class=\"dictionary\"><\/span>the<span class=\"dictionary\"><\/span> <span class=\"dictionary\"><\/span>Baltimore<span class=\"dictionary\"><\/span> <span class=\"dictionary\"><\/span>City<span class=\"dictionary\"><\/span> <span class=\"dictionary\"><\/span>government<span class=\"dictionary\"><\/span>;<\/p>\n<p>   (<span class=\"dictionary\"><\/span>2<span class=\"dictionary\"><\/span>)<span class=\"dictionary\"><\/span>shall<span class=\"dictionary\"><\/span> <span class=\"dictionary\"><\/span>have<span class=\"dictionary\"><\/span> <span class=\"dictionary\"><\/span>those<span class=\"dictionary\"><\/span> <span class=\"dictionary\"><\/span>powers<span class=\"dictionary\"><\/span> <span class=\"dictionary\"><\/span>and<span class=\"dictionary\"><\/span> <span class=\"dictionary\"><\/span>duties<span class=\"dictionary\"><\/span> <span class=\"dictionary\"><\/span>consistent<span class=\"dictionary\"><\/span> <span class=\"dictionary\"><\/span>with<span class=\"dictionary\"><\/span> <span class=\"dictionary\"><\/span>the<span class=\"dictionary\"><\/span> <span class=\"dictionary\"><\/span>purposes<span class=\"dictionary\"><\/span> <span class=\"dictionary\"><\/span>of<span class=\"dictionary\"><\/span> <span class=\"dictionary\"><\/span>the<span class=\"dictionary\"><\/span> <span class=\"dictionary\"><\/span>Authority<span class=\"dictionary\"><\/span>,<br \/>\n<span class=\"dictionary\"><\/span>delegated<span class=\"dictionary\"><\/span> <span class=\"dictionary\"><\/span>through<span class=\"dictionary\"><\/span> <span class=\"dictionary\"><\/span>the<span class=\"dictionary\"><\/span> <span class=\"dictionary\"><\/span>ordinance<span class=\"dictionary\"><\/span> <span class=\"dictionary\"><\/span>that<span class=\"dictionary\"><\/span> <span class=\"dictionary\"><\/span>the<span class=\"dictionary\"><\/span> <span class=\"dictionary\"><\/span>City<span class=\"dictionary\"><\/span> <span class=\"dictionary\"><\/span>itself<span class=\"dictionary\"><\/span> <span class=\"dictionary\"><\/span>could<span class=\"dictionary\"><\/span> <span class=\"dictionary\"><\/span>otherwise<span class=\"dictionary\"><\/span> <span class=\"dictionary\"><\/span>exercise<span class=\"dictionary\"><\/span>; <span class=\"dictionary\"><\/span>and<span class=\"dictionary\"><\/span><\/p>\n<p>   (<span class=\"dictionary\"><\/span>3<span class=\"dictionary\"><\/span>)<span class=\"dictionary\"><\/span>is<span class=\"dictionary\"><\/span> <span class=\"dictionary\"><\/span>exempt<span class=\"dictionary\"><\/span> <span class=\"dictionary\"><\/span>from<span class=\"dictionary\"><\/span> <span class=\"dictionary\"><\/span>those<span class=\"dictionary\"><\/span> <span class=\"dictionary\"><\/span>laws<span class=\"dictionary\"><\/span> <span class=\"dictionary\"><\/span>or<span class=\"dictionary\"><\/span> <span class=\"dictionary\"><\/span>procedures<span class=\"dictionary\"><\/span> <span class=\"dictionary\"><\/span>that<span class=\"dictionary\"><\/span> <span class=\"dictionary\"><\/span>would<span class=\"dictionary\"><\/span> <span class=\"dictionary\"><\/span>otherwise<span class=\"dictionary\"><\/span> <span class=\"dictionary\"><\/span>apply<span class=\"dictionary\"><\/span> <span class=\"dictionary\"><\/span>to<span class=\"dictionary\"><\/span> <span class=\"dictionary\"><\/span>any<span class=\"dictionary\"><\/span> <span class=\"dictionary\"><\/span>unit<span class=\"dictionary\"><\/span> <span class=\"dictionary\"><\/span>of<span class=\"dictionary\"><\/span> <span class=\"dictionary\"><\/span>the<span class=\"dictionary\"><\/span><br \/>\n<span class=\"dictionary\"><\/span>Baltimore<span class=\"dictionary\"><\/span> <span class=\"dictionary\"><\/span>City<span class=\"dictionary\"><\/span> <span class=\"dictionary\"><\/span>government<span class=\"dictionary\"><\/span> <span class=\"dictionary\"><\/span>to<span class=\"dictionary\"><\/span> <span class=\"dictionary\"><\/span>the<span class=\"dictionary\"><\/span> <span class=\"dictionary\"><\/span>extent<span class=\"dictionary\"><\/span> <span class=\"dictionary\"><\/span>exempted<span class=\"dictionary\"><\/span> <span class=\"dictionary\"><\/span>by<span class=\"dictionary\"><\/span> <span class=\"dictionary\"><\/span>the<span class=\"dictionary\"><\/span> <span class=\"dictionary\"><\/span>ordinance<span class=\"dictionary\"><\/span>.<\/p>\n<p> (<span class=\"dictionary\"><\/span>c<span class=\"dictionary\"><\/span>)  <span class=\"dictionary\"><\/span>Powers<span class=\"dictionary\"><\/span> <span class=\"dictionary\"><\/span>of<span class=\"dictionary\"><\/span> <span class=\"dictionary\"><\/span>Authority<span class=\"dictionary\"><\/span>.<\/p>\n<p><span class=\"dictionary\"><\/span>The<span class=\"dictionary\"><\/span> <span class=\"dictionary\"><\/span>Authority<span class=\"dictionary\"><\/span> <span class=\"dictionary\"><\/span>established<span class=\"dictionary\"><\/span> <span class=\"dictionary\"><\/span>under<span class=\"dictionary\"><\/span> <span class=\"dictionary\"><\/span>this<span class=\"dictionary\"><\/span> <span class=\"dictionary\"><\/span>section<span class=\"dictionary\"><\/span>:<\/p>\n<p>   (<span class=\"dictionary\"><\/span>1<span class=\"dictionary\"><\/span>)<span class=\"dictionary\"><\/span>shall<span class=\"dictionary\"><\/span> <span class=\"dictionary\"><\/span>have<span class=\"dictionary\"><\/span> <span class=\"dictionary\"><\/span>a<span class=\"dictionary\"><\/span> <span class=\"dictionary\"><\/span>management<span class=\"dictionary\"><\/span> <span class=\"dictionary\"><\/span>board<span class=\"dictionary\"><\/span> <span class=\"dictionary\"><\/span>and<span class=\"dictionary\"><\/span> <span class=\"dictionary\"><\/span>executive<span class=\"dictionary\"><\/span> <span class=\"dictionary\"><\/span>director<span class=\"dictionary\"><\/span> <span class=\"dictionary\"><\/span>as<span class=\"dictionary\"><\/span> <span class=\"dictionary\"><\/span>prescribed<span class=\"dictionary\"><\/span> <span class=\"dictionary\"><\/span>in<span class=\"dictionary\"><\/span> <span class=\"dictionary\"><\/span>the<span class=\"dictionary\"><\/span> <span class=\"dictionary\"><\/span>ordinance<span class=\"dictionary\"><\/span><br \/>\n<span class=\"dictionary\"><\/span>adopted<span class=\"dictionary\"><\/span> <span class=\"dictionary\"><\/span>under<span class=\"dictionary\"><\/span> <span class=\"dictionary\"><\/span>this<span class=\"dictionary\"><\/span> <span class=\"dictionary\"><\/span>section<span class=\"dictionary\"><\/span>;<\/p>\n<p>   (<span class=\"dictionary\"><\/span>2<span class=\"dictionary\"><\/span>)<span class=\"dictionary\"><\/span>may<span class=\"dictionary\"><\/span> <span class=\"dictionary\"><\/span>sue<span class=\"dictionary\"><\/span> <span class=\"dictionary\"><\/span>or<span class=\"dictionary\"><\/span> <span class=\"dictionary\"><\/span>be<span class=\"dictionary\"><\/span> <span class=\"dictionary\"><\/span>sued<span class=\"dictionary\"><\/span>;<\/p>\n<p>   (<span class=\"dictionary\"><\/span>3<span class=\"dictionary\"><\/span>)<span class=\"dictionary\"><\/span>may<span class=\"dictionary\"><\/span> <span class=\"dictionary\"><\/span>acquire<span class=\"dictionary\"><\/span>, <span class=\"dictionary\"><\/span>lease<span class=\"dictionary\"><\/span>, <span class=\"dictionary\"><\/span>or<span class=\"dictionary\"><\/span> <span class=\"dictionary\"><\/span>hold<span class=\"dictionary\"><\/span> <span class=\"dictionary\"><\/span>property<span class=\"dictionary\"><\/span> <span class=\"dictionary\"><\/span>for<span class=\"dictionary\"><\/span> <span class=\"dictionary\"><\/span>the<span class=\"dictionary\"><\/span> <span class=\"dictionary\"><\/span>purposes<span class=\"dictionary\"><\/span> <span class=\"dictionary\"><\/span>of<span class=\"dictionary\"><\/span> <span class=\"dictionary\"><\/span>the<span class=\"dictionary\"><\/span> <span class=\"dictionary\"><\/span>Authority<span class=\"dictionary\"><\/span>;<\/p>\n<p>   (<span class=\"dictionary\"><\/span>4<span class=\"dictionary\"><\/span>)<span class=\"dictionary\"><\/span>may<span class=\"dictionary\"><\/span> <span class=\"dictionary\"><\/span>incur<span class=\"dictionary\"><\/span> <span class=\"dictionary\"><\/span>limited<span class=\"dictionary\"><\/span> <span class=\"dictionary\"><\/span>obligation<span class=\"dictionary\"><\/span> <span class=\"dictionary\"><\/span>debt<span class=\"dictionary\"><\/span> <span class=\"dictionary\"><\/span>that<span class=\"dictionary\"><\/span> <span class=\"dictionary\"><\/span>shall<span class=\"dictionary\"><\/span> <span class=\"dictionary\"><\/span>be<span class=\"dictionary\"><\/span> <span class=\"dictionary\"><\/span>an<span class=\"dictionary\"><\/span> <span class=\"dictionary\"><\/span>obligation<span class=\"dictionary\"><\/span> <span class=\"dictionary\"><\/span>solely<span class=\"dictionary\"><\/span> <span class=\"dictionary\"><\/span>of<span class=\"dictionary\"><\/span> <span class=\"dictionary\"><\/span>the<span class=\"dictionary\"><\/span> <span class=\"dictionary\"><\/span>Authority<span class=\"dictionary\"><\/span> <span class=\"dictionary\"><\/span>if<span class=\"dictionary\"><\/span><br \/>\n<span class=\"dictionary\"><\/span>authorized<span class=\"dictionary\"><\/span> <span class=\"dictionary\"><\/span>by<span class=\"dictionary\"><\/span> <span class=\"dictionary\"><\/span>the<span class=\"dictionary\"><\/span> <span class=\"dictionary\"><\/span>ordinance<span class=\"dictionary\"><\/span>;<\/p>\n<p>   (<span class=\"dictionary\"><\/span>5<span class=\"dictionary\"><\/span>)<span class=\"dictionary\"><\/span>may<span class=\"dictionary\"><\/span> <span class=\"dictionary\"><\/span>employ<span class=\"dictionary\"><\/span> <span class=\"dictionary\"><\/span>staff<span class=\"dictionary\"><\/span> <span class=\"dictionary\"><\/span>or<span class=\"dictionary\"><\/span> <span class=\"dictionary\"><\/span>contract<span class=\"dictionary\"><\/span> <span class=\"dictionary\"><\/span>for<span class=\"dictionary\"><\/span> <span class=\"dictionary\"><\/span>any<span class=\"dictionary\"><\/span> <span class=\"dictionary\"><\/span>services<span class=\"dictionary\"><\/span> <span class=\"dictionary\"><\/span>necessary<span class=\"dictionary\"><\/span> <span class=\"dictionary\"><\/span>to<span class=\"dictionary\"><\/span> <span class=\"dictionary\"><\/span>carry<span class=\"dictionary\"><\/span> <span class=\"dictionary\"><\/span>out<span class=\"dictionary\"><\/span> <span class=\"dictionary\"><\/span>the<span class=\"dictionary\"><\/span> <span class=\"dictionary\"><\/span>purposes<span class=\"dictionary\"><\/span> <span class=\"dictionary\"><\/span>of<span class=\"dictionary\"><\/span> <span class=\"dictionary\"><\/span>the<span class=\"dictionary\"><\/span><br \/>\n<span class=\"dictionary\"><\/span>Authority<span class=\"dictionary\"><\/span>;<\/p>\n<p>   (<span class=\"dictionary\"><\/span>6<span class=\"dictionary\"><\/span>)<span class=\"dictionary\"><\/span>may<span class=\"dictionary\"><\/span> <span class=\"dictionary\"><\/span>adopt<span class=\"dictionary\"><\/span> <span class=\"dictionary\"><\/span>bylaws<span class=\"dictionary\"><\/span> <span class=\"dictionary\"><\/span>and<span class=\"dictionary\"><\/span> <span class=\"dictionary\"><\/span>regulations<span class=\"dictionary\"><\/span> <span class=\"dictionary\"><\/span>concerning<span class=\"dictionary\"><\/span> <span class=\"dictionary\"><\/span>the<span class=\"dictionary\"><\/span> <span class=\"dictionary\"><\/span>operation<span class=\"dictionary\"><\/span> <span class=\"dictionary\"><\/span>of<span class=\"dictionary\"><\/span> <span class=\"dictionary\"><\/span>the<span class=\"dictionary\"><\/span> <span class=\"dictionary\"><\/span>Authority<span class=\"dictionary\"><\/span>;<\/p>\n<p>   (<span class=\"dictionary\"><\/span>7<span class=\"dictionary\"><\/span>)<span class=\"dictionary\"><\/span>may<span class=\"dictionary\"><\/span> <span class=\"dictionary\"><\/span>establish<span class=\"dictionary\"><\/span> <span class=\"dictionary\"><\/span>fees<span class=\"dictionary\"><\/span> <span class=\"dictionary\"><\/span>necessary<span class=\"dictionary\"><\/span> <span class=\"dictionary\"><\/span>for<span class=\"dictionary\"><\/span> <span class=\"dictionary\"><\/span>the<span class=\"dictionary\"><\/span> <span class=\"dictionary\"><\/span>operation<span class=\"dictionary\"><\/span> <span class=\"dictionary\"><\/span>of<span class=\"dictionary\"><\/span> <span class=\"dictionary\"><\/span>the<span class=\"dictionary\"><\/span> <span class=\"dictionary\"><\/span>Authority<span class=\"dictionary\"><\/span>;<\/p>\n<p>   (<span class=\"dictionary\"><\/span>8<span class=\"dictionary\"><\/span>)<span class=\"dictionary\"><\/span>may<span class=\"dictionary\"><\/span> <span class=\"dictionary\"><\/span>make<span class=\"dictionary\"><\/span> <span class=\"dictionary\"><\/span>contracts<span class=\"dictionary\"><\/span> <span class=\"dictionary\"><\/span>of<span class=\"dictionary\"><\/span> <span class=\"dictionary\"><\/span>any<span class=\"dictionary\"><\/span> <span class=\"dictionary\"><\/span>kind<span class=\"dictionary\"><\/span> <span class=\"dictionary\"><\/span>and<span class=\"dictionary\"><\/span> <span class=\"dictionary\"><\/span>execute<span class=\"dictionary\"><\/span> <span class=\"dictionary\"><\/span>any<span class=\"dictionary\"><\/span> <span class=\"dictionary\"><\/span>instrument<span class=\"dictionary\"><\/span> <span class=\"dictionary\"><\/span>necessary<span class=\"dictionary\"><\/span> <span class=\"dictionary\"><\/span>to<span class=\"dictionary\"><\/span> <span class=\"dictionary\"><\/span>carry<span class=\"dictionary\"><\/span> <span class=\"dictionary\"><\/span>out<span class=\"dictionary\"><\/span> <span class=\"dictionary\"><\/span>the<span class=\"dictionary\"><\/span><br \/>\n<span class=\"dictionary\"><\/span>purposes<span class=\"dictionary\"><\/span> <span class=\"dictionary\"><\/span>of<span class=\"dictionary\"><\/span> <span class=\"dictionary\"><\/span>the<span class=\"dictionary\"><\/span> <span class=\"dictionary\"><\/span>Authority<span class=\"dictionary\"><\/span>;<\/p>\n<p>   (<span class=\"dictionary\"><\/span>9<span class=\"dictionary\"><\/span>)<span class=\"dictionary\"><\/span>may<span class=\"dictionary\"><\/span> <span class=\"dictionary\"><\/span>accept<span class=\"dictionary\"><\/span> <span class=\"dictionary\"><\/span>from<span class=\"dictionary\"><\/span> <span class=\"dictionary\"><\/span>any<span class=\"dictionary\"><\/span> <span class=\"dictionary\"><\/span>public<span class=\"dictionary\"><\/span> <span class=\"dictionary\"><\/span>or<span class=\"dictionary\"><\/span> <span class=\"dictionary\"><\/span>private<span class=\"dictionary\"><\/span> <span class=\"dictionary\"><\/span>entity<span class=\"dictionary\"><\/span> <span class=\"dictionary\"><\/span>grants<span class=\"dictionary\"><\/span> <span class=\"dictionary\"><\/span>or<span class=\"dictionary\"><\/span> <span class=\"dictionary\"><\/span>other<span class=\"dictionary\"><\/span> <span class=\"dictionary\"><\/span>revenue<span class=\"dictionary\"><\/span> <span class=\"dictionary\"><\/span>necessary<span class=\"dictionary\"><\/span> <span class=\"dictionary\"><\/span>to<span class=\"dictionary\"><\/span> <span class=\"dictionary\"><\/span>carry<span class=\"dictionary\"><\/span><br \/>\n<span class=\"dictionary\"><\/span>out<span class=\"dictionary\"><\/span> <span class=\"dictionary\"><\/span>the<span class=\"dictionary\"><\/span> <span class=\"dictionary\"><\/span>purposes<span class=\"dictionary\"><\/span> <span class=\"dictionary\"><\/span>of<span class=\"dictionary\"><\/span> <span class=\"dictionary\"><\/span>the<span class=\"dictionary\"><\/span> <span class=\"dictionary\"><\/span>Authority<span class=\"dictionary\"><\/span>; <span class=\"dictionary\"><\/span>and<span class=\"dictionary\"><\/span><\/p>\n<p>   (<span class=\"dictionary\"><\/span>10<span class=\"dictionary\"><\/span>) <span class=\"dictionary\"><\/span>shall<span class=\"dictionary\"><\/span> <span class=\"dictionary\"><\/span>have<span class=\"dictionary\"><\/span> <span class=\"dictionary\"><\/span>any<span class=\"dictionary\"><\/span> <span class=\"dictionary\"><\/span>additional<span class=\"dictionary\"><\/span> <span class=\"dictionary\"><\/span>powers<span class=\"dictionary\"><\/span> <span class=\"dictionary\"><\/span>granted<span class=\"dictionary\"><\/span> <span class=\"dictionary\"><\/span>under<span class=\"dictionary\"><\/span> <span class=\"dictionary\"><\/span>and<span class=\"dictionary\"><\/span> <span class=\"dictionary\"><\/span>subject<span class=\"dictionary\"><\/span> <span class=\"dictionary\"><\/span>to<span class=\"dictionary\"><\/span> <span class=\"dictionary\"><\/span>the<span class=\"dictionary\"><\/span> <span class=\"dictionary\"><\/span>ordinance<span class=\"dictionary\"><\/span> <span class=\"dictionary\"><\/span>enacted<span class=\"dictionary\"><\/span><br \/>\n<span class=\"dictionary\"><\/span>under<span class=\"dictionary\"><\/span> <span class=\"dictionary\"><\/span>this<span class=\"dictionary\"><\/span> <span class=\"dictionary\"><\/span>section<span class=\"dictionary\"><\/span>.<\/p>\n<p> (<span class=\"dictionary\"><\/span>d<span class=\"dictionary\"><\/span>)  <span class=\"dictionary\"><\/span>City<span class=\"dictionary\"><\/span> <span class=\"dictionary\"><\/span>funding<span class=\"dictionary\"><\/span> <span class=\"dictionary\"><\/span>and<span class=\"dictionary\"><\/span> <span class=\"dictionary\"><\/span>services<span class=\"dictionary\"><\/span>.<\/p>\n<p><span class=\"dictionary\"><\/span>The<span class=\"dictionary\"><\/span> <span class=\"dictionary\"><\/span>Mayor<span class=\"dictionary\"><\/span> <span class=\"dictionary\"><\/span>and<span class=\"dictionary\"><\/span> <span class=\"dictionary\"><\/span>the<span class=\"dictionary\"><\/span> <span class=\"dictionary\"><\/span>City<span class=\"dictionary\"><\/span> <span class=\"dictionary\"><\/span>Council<span class=\"dictionary\"><\/span> <span class=\"dictionary\"><\/span>are<span class=\"dictionary\"><\/span> <span class=\"dictionary\"><\/span>authorized<span class=\"dictionary\"><\/span> <span class=\"dictionary\"><\/span>to<span class=\"dictionary\"><\/span> <span class=\"dictionary\"><\/span>provide<span class=\"dictionary\"><\/span> <span class=\"dictionary\"><\/span>funding<span class=\"dictionary\"><\/span> <span class=\"dictionary\"><\/span>for<span class=\"dictionary\"><\/span> <span class=\"dictionary\"><\/span>the<span class=\"dictionary\"><\/span> <span class=\"dictionary\"><\/span>Authority<span class=\"dictionary\"><\/span> <span class=\"dictionary\"><\/span>and<span class=\"dictionary\"><\/span> <span class=\"dictionary\"><\/span>any<span class=\"dictionary\"><\/span><br \/>\n<span class=\"dictionary\"><\/span>services<span class=\"dictionary\"><\/span> <span class=\"dictionary\"><\/span>through<span class=\"dictionary\"><\/span> <span class=\"dictionary\"><\/span>the<span class=\"dictionary\"><\/span> <span class=\"dictionary\"><\/span>City<span class=\"dictionary\"><\/span> <span class=\"dictionary\"><\/span>government<span class=\"dictionary\"><\/span> <span class=\"dictionary\"><\/span>that<span class=\"dictionary\"><\/span> <span class=\"dictionary\"><\/span>are<span class=\"dictionary\"><\/span> <span class=\"dictionary\"><\/span>deemed<span class=\"dictionary\"><\/span> <span class=\"dictionary\"><\/span>appropriate<span class=\"dictionary\"><\/span> <span class=\"dictionary\"><\/span>to<span class=\"dictionary\"><\/span> <span class=\"dictionary\"><\/span>assist<span class=\"dictionary\"><\/span> <span class=\"dictionary\"><\/span>the<span class=\"dictionary\"><\/span> <span class=\"dictionary\"><\/span>Authority<span class=\"dictionary\"><\/span> <span class=\"dictionary\"><\/span>in<span class=\"dictionary\"><\/span> <span class=\"dictionary\"><\/span>its<span class=\"dictionary\"><\/span><br \/>\n<span class=\"dictionary\"><\/span>operations<span class=\"dictionary\"><\/span>.<br \/>\n(<span class=\"dictionary\"><\/span>Ch<span class=\"dictionary\"><\/span>. <span class=\"dictionary\"><\/span>642<span class=\"dictionary\"><\/span>, <span class=\"dictionary\"><\/span>Acts<span class=\"dictionary\"><\/span> <span class=\"dictionary\"><\/span>of<span class=\"dictionary\"><\/span> <span class=\"dictionary\"><\/span>1996<span class=\"dictionary\"><\/span>.)<\/p>\n<\/p><\/section>","plain_text":"                              BALTIMORE CITY CHARTER\n\n\u201cCHILD FIRST\u201d AUTHORITY. (\u00a7 II-64)\n\n(a)  In general.\nTo establish by ordinance an authority known as \u201cChild First\u201d that uses\nexisting facilities for the\npurpose of providing recreational, cultural, and other enrichment programs for\nchildren.\n (b)  Nature of Authority.\nThe Authority established under this section:\n   (1)is an independent unit of the Baltimore City government;\n   (2)shall have those powers and duties consistent with the purposes of the\nAuthority,\ndelegated through the ordinance that the City itself could otherwise exercise;\nand\n   (3)is exempt from those laws or procedures that would otherwise apply to any\nunit of the\nBaltimore City government to the extent exempted by the ordinance.\n (c)  Powers of Authority.\nThe Authority established under this section:\n   (1)shall have a management board and executive director as prescribed in the\nordinance\nadopted under this section;\n   (2)may sue or be sued;\n   (3)may acquire, lease, or hold property for the purposes of the Authority;\n   (4)may incur limited obligation debt that shall be an obligation solely of\nthe Authority if\nauthorized by the ordinance;\n   (5)may employ staff or contract for any services necessary to carry out the\npurposes of the\nAuthority;\n   (6)may adopt bylaws and regulations concerning the operation of the\nAuthority;\n   (7)may establish fees necessary for the operation of the Authority;\n   (8)may make contracts of any kind and execute any instrument necessary to\ncarry out the\npurposes of the Authority;\n   (9)may accept from any public or private entity grants or other revenue\nnecessary to carry\nout the purposes of the Authority; and\n   (10) shall have any additional powers granted under and subject to the\nordinance enacted\nunder this section.\n (d)  City funding and services.\nThe Mayor and the City Council are authorized to provide funding for the\nAuthority and any\nservices through the City government that are deemed appropriate to assist the\nAuthority in its\noperations.\n(Ch. 642, Acts of 1996.)\n","previous_section":{"id":"77","structure_id":"2","section_number":"II-63","catch_line":"Community Benefits District Authorities.","url":"http:\/\/charter.baltimorecode.localhost\/II-63\/","api_url":"http:\/\/charter.baltimorecode.localhost\/api\/law\/II-63\/"},"text":{"0":{"id":"78","text":"(a)  In general.\nTo establish by ordinance an authority known as \u201cChild First\u201d that uses existing facilities for the\npurpose of providing recreational, cultural, and other enrichment programs for children.\n (b)  Nature of Authority.\nThe Authority established under this section:\n   (1)is an independent unit of the Baltimore City government;\n   (2)shall have those powers and duties consistent with the purposes of the Authority,\ndelegated through the ordinance that the City itself could otherwise exercise; and\n   (3)is exempt from those laws or procedures that would otherwise apply to any unit of the\nBaltimore City government to the extent exempted by the ordinance.\n (c)  Powers of Authority.\nThe Authority established under this section:\n   (1)shall have a management board and executive director as prescribed in the ordinance\nadopted under this section;\n   (2)may sue or be sued;\n   (3)may acquire, lease, or hold property for the purposes of the Authority;\n   (4)may incur limited obligation debt that shall be an obligation solely of the Authority if\nauthorized by the ordinance;\n   (5)may employ staff or contract for any services necessary to carry out the purposes of the\nAuthority;\n   (6)may adopt bylaws and regulations concerning the operation of the Authority;\n   (7)may establish fees necessary for the operation of the Authority;\n   (8)may make contracts of any kind and execute any instrument necessary to carry out the\npurposes of the Authority;\n   (9)may accept from any public or private entity grants or other revenue necessary to carry\nout the purposes of the Authority; and\n   (10) shall have any additional powers granted under and subject to the ordinance enacted\nunder this section.\n (d)  City funding and services.\nThe Mayor and the City Council are authorized to provide funding for the Authority and any\nservices through the City government that are deemed appropriate to assist the Authority in its\noperations.\n(Ch. 642, Acts of 1996.)\n","type":"section","prefixes":[""],"prefix":"","entire_prefix":"","prefix_anchor":"","level":1}}}