{"section_number":"III-12","section_id":"88","structure_id":"3","catch_line":"Evidence of legislative acts.","history":"","full_text":" Ordinances and resolutions of the City may be read in evidence from the printed volumes thereof\npublished by its authority.\r\r","ancestry":{"1":{"id":"3","name":"City Council","identifier":"III","label":"article","url":"http:\/\/charter.baltimorecode.localhost\/III\/"}},"structure_contents":{"0":{"id":"85","structure_id":"3","section_number":"III-1","catch_line":"Legislative Department; qualification and salary of members.","url":"http:\/\/charter.baltimorecode.localhost\/III-1\/","api_url":"http:\/\/charter.baltimorecode.localhost\/api\/law\/III-1\/"},"1":{"id":"86","structure_id":"3","section_number":"III-10","catch_line":"Procedures; Council officers.","url":"http:\/\/charter.baltimorecode.localhost\/III-10\/","api_url":"http:\/\/charter.baltimorecode.localhost\/api\/law\/III-10\/"},"2":{"id":"87","structure_id":"3","section_number":"III-11","catch_line":"Legislative powers.","url":"http:\/\/charter.baltimorecode.localhost\/III-11\/","api_url":"http:\/\/charter.baltimorecode.localhost\/api\/law\/III-11\/"},"3":{"id":"88","structure_id":"3","section_number":"III-12","catch_line":"Evidence of legislative acts.","url":"http:\/\/charter.baltimorecode.localhost\/III-12\/","api_url":"http:\/\/charter.baltimorecode.localhost\/api\/law\/III-12\/"},"4":{"id":"89","structure_id":"3","section_number":"III-13","catch_line":"Style of ordinances.","url":"http:\/\/charter.baltimorecode.localhost\/III-13\/","api_url":"http:\/\/charter.baltimorecode.localhost\/api\/law\/III-13\/"},"5":{"id":"90","structure_id":"3","section_number":"III-14","catch_line":"Passage of ordinances and resolutions.","url":"http:\/\/charter.baltimorecode.localhost\/III-14\/","api_url":"http:\/\/charter.baltimorecode.localhost\/api\/law\/III-14\/"},"6":{"id":"91","structure_id":"3","section_number":"III-2","catch_line":"Members.","url":"http:\/\/charter.baltimorecode.localhost\/III-2\/","api_url":"http:\/\/charter.baltimorecode.localhost\/api\/law\/III-2\/"},"7":{"id":"92","structure_id":"3","section_number":"III-3","catch_line":"President.","url":"http:\/\/charter.baltimorecode.localhost\/III-3\/","api_url":"http:\/\/charter.baltimorecode.localhost\/api\/law\/III-3\/"},"8":{"id":"93","structure_id":"3","section_number":"III-4","catch_line":"Vacancy in presidency.","url":"http:\/\/charter.baltimorecode.localhost\/III-4\/","api_url":"http:\/\/charter.baltimorecode.localhost\/api\/law\/III-4\/"},"9":{"id":"94","structure_id":"3","section_number":"III-5","catch_line":"Emergency vacancies.","url":"http:\/\/charter.baltimorecode.localhost\/III-5\/","api_url":"http:\/\/charter.baltimorecode.localhost\/api\/law\/III-5\/"},"10":{"id":"95","structure_id":"3","section_number":"III-6","catch_line":"Individual vacancies.","url":"http:\/\/charter.baltimorecode.localhost\/III-6\/","api_url":"http:\/\/charter.baltimorecode.localhost\/api\/law\/III-6\/"},"11":{"id":"96","structure_id":"3","section_number":"III-7","catch_line":"Council districts.","url":"http:\/\/charter.baltimorecode.localhost\/III-7\/","api_url":"http:\/\/charter.baltimorecode.localhost\/api\/law\/III-7\/"},"12":{"id":"97","structure_id":"3","section_number":"III-8","catch_line":"Sessions.","url":"http:\/\/charter.baltimorecode.localhost\/III-8\/","api_url":"http:\/\/charter.baltimorecode.localhost\/api\/law\/III-8\/"},"13":{"id":"98","structure_id":"3","section_number":"III-9","catch_line":"Floor privileges of municipal officers.","url":"http:\/\/charter.baltimorecode.localhost\/III-9\/","api_url":"http:\/\/charter.baltimorecode.localhost\/api\/law\/III-9\/"}},"next_section":{"id":"89","structure_id":"3","section_number":"III-13","catch_line":"Style of ordinances.","url":"http:\/\/charter.baltimorecode.localhost\/III-13\/","api_url":"http:\/\/charter.baltimorecode.localhost\/api\/law\/III-13\/"},"references":false,"url":"http:\/\/charter.baltimorecode.localhost\/III-12\/","dublin_core":{"Title":"Evidence of legislative acts.","Type":"Text","Format":"text\/html","Identifier":"\u00a7 III-12","Relation":"Baltimore City Charter"},"html":"\n\t\t\t\t\t<section><p><p><span class=\"dictionary\"><\/span>Ordinances<span class=\"dictionary\"><\/span> <span class=\"dictionary\"><\/span>and<span class=\"dictionary\"><\/span> <span class=\"dictionary\"><\/span>resolutions<span class=\"dictionary\"><\/span> <span class=\"dictionary\"><\/span>of<span class=\"dictionary\"><\/span> <span class=\"dictionary\"><\/span>the<span class=\"dictionary\"><\/span> <span class=\"dictionary\"><\/span>City<span class=\"dictionary\"><\/span> <span class=\"dictionary\"><\/span>may<span class=\"dictionary\"><\/span> <span class=\"dictionary\"><\/span>be<span class=\"dictionary\"><\/span> <span class=\"dictionary\"><\/span>read<span class=\"dictionary\"><\/span> <span class=\"dictionary\"><\/span>in<span class=\"dictionary\"><\/span> <span class=\"dictionary\"><\/span>evidence<span class=\"dictionary\"><\/span> <span class=\"dictionary\"><\/span>from<span class=\"dictionary\"><\/span> <span class=\"dictionary\"><\/span>the<span class=\"dictionary\"><\/span> <span class=\"dictionary\"><\/span>printed<span class=\"dictionary\"><\/span> <span class=\"dictionary\"><\/span>volumes<span class=\"dictionary\"><\/span> <span class=\"dictionary\"><\/span>thereof<span class=\"dictionary\"><\/span><br \/>\n<span class=\"dictionary\"><\/span>published<span class=\"dictionary\"><\/span> <span class=\"dictionary\"><\/span>by<span class=\"dictionary\"><\/span> <span class=\"dictionary\"><\/span>its<span class=\"dictionary\"><\/span> <span class=\"dictionary\"><\/span>authority<span class=\"dictionary\"><\/span>.<\/p>\n<\/p><\/section>","plain_text":"                              BALTIMORE CITY CHARTER\n\nEVIDENCE OF LEGISLATIVE ACTS. (\u00a7 III-12)\n\nOrdinances and resolutions of the City may be read in evidence from the printed\nvolumes thereof\npublished by its authority.\n","previous_section":{"id":"87","structure_id":"3","section_number":"III-11","catch_line":"Legislative powers.","url":"http:\/\/charter.baltimorecode.localhost\/III-11\/","api_url":"http:\/\/charter.baltimorecode.localhost\/api\/law\/III-11\/"},"text":{"0":{"id":"88","text":"Ordinances and resolutions of the City may be read in evidence from the printed volumes thereof\npublished by its authority.\n","type":"section","prefixes":[""],"prefix":"","entire_prefix":"","prefix_anchor":"","level":1}}}