{"section_number":"III-6","section_id":"95","structure_id":"20","catch_line":"Individual vacancies.","history":"","full_text":" Each vacancy in the City Council shall be filled without delay.  After public notice, the City Council,\nby a majority vote of its remaining members, shall elect a person possessing the qualifications\nprescribed in Section 1 of this article to serve the remainder of the unexpired term of the former\nincumbent.\n(Res. 04-055, ratified Nov. 2, 2004.)\r\r","ancestry":{"1":{"id":"20","name":"City Council","identifier":"III","label":"article","url":"http:\/\/charter.baltimorecode\/III\/"}},"structure_contents":{"0":{"id":"85","structure_id":"20","section_number":"III-1","catch_line":"Legislative Department; qualification and salary of members.","url":"http:\/\/charter.baltimorecode\/III-1\/","api_url":"http:\/\/charter.baltimorecode\/api\/law\/III-1\/"},"1":{"id":"91","structure_id":"20","section_number":"III-2","catch_line":"Members.","url":"http:\/\/charter.baltimorecode\/III-2\/","api_url":"http:\/\/charter.baltimorecode\/api\/law\/III-2\/"},"2":{"id":"92","structure_id":"20","section_number":"III-3","catch_line":"President.","url":"http:\/\/charter.baltimorecode\/III-3\/","api_url":"http:\/\/charter.baltimorecode\/api\/law\/III-3\/"},"3":{"id":"93","structure_id":"20","section_number":"III-4","catch_line":"Vacancy in presidency.","url":"http:\/\/charter.baltimorecode\/III-4\/","api_url":"http:\/\/charter.baltimorecode\/api\/law\/III-4\/"},"4":{"id":"94","structure_id":"20","section_number":"III-5","catch_line":"Emergency vacancies.","url":"http:\/\/charter.baltimorecode\/III-5\/","api_url":"http:\/\/charter.baltimorecode\/api\/law\/III-5\/"},"5":{"id":"95","structure_id":"20","section_number":"III-6","catch_line":"Individual vacancies.","url":"http:\/\/charter.baltimorecode\/III-6\/","api_url":"http:\/\/charter.baltimorecode\/api\/law\/III-6\/"},"6":{"id":"96","structure_id":"20","section_number":"III-7","catch_line":"Council districts.","url":"http:\/\/charter.baltimorecode\/III-7\/","api_url":"http:\/\/charter.baltimorecode\/api\/law\/III-7\/"},"7":{"id":"97","structure_id":"20","section_number":"III-8","catch_line":"Sessions.","url":"http:\/\/charter.baltimorecode\/III-8\/","api_url":"http:\/\/charter.baltimorecode\/api\/law\/III-8\/"},"8":{"id":"98","structure_id":"20","section_number":"III-9","catch_line":"Floor privileges of municipal officers.","url":"http:\/\/charter.baltimorecode\/III-9\/","api_url":"http:\/\/charter.baltimorecode\/api\/law\/III-9\/"},"9":{"id":"86","structure_id":"20","section_number":"III-10","catch_line":"Procedures; Council officers.","url":"http:\/\/charter.baltimorecode\/III-10\/","api_url":"http:\/\/charter.baltimorecode\/api\/law\/III-10\/"},"10":{"id":"87","structure_id":"20","section_number":"III-11","catch_line":"Legislative powers.","url":"http:\/\/charter.baltimorecode\/III-11\/","api_url":"http:\/\/charter.baltimorecode\/api\/law\/III-11\/"},"11":{"id":"88","structure_id":"20","section_number":"III-12","catch_line":"Evidence of legislative acts.","url":"http:\/\/charter.baltimorecode\/III-12\/","api_url":"http:\/\/charter.baltimorecode\/api\/law\/III-12\/"},"12":{"id":"89","structure_id":"20","section_number":"III-13","catch_line":"Style of ordinances.","url":"http:\/\/charter.baltimorecode\/III-13\/","api_url":"http:\/\/charter.baltimorecode\/api\/law\/III-13\/"},"13":{"id":"90","structure_id":"20","section_number":"III-14","catch_line":"Passage of ordinances and resolutions.","url":"http:\/\/charter.baltimorecode\/III-14\/","api_url":"http:\/\/charter.baltimorecode\/api\/law\/III-14\/"}},"next_section":{"id":"96","structure_id":"20","section_number":"III-7","catch_line":"Council districts.","url":"http:\/\/charter.baltimorecode\/III-7\/","api_url":"http:\/\/charter.baltimorecode\/api\/law\/III-7\/"},"references":false,"url":"http:\/\/charter.baltimorecode\/III-6\/","dublin_core":{"Title":"Individual vacancies.","Type":"Text","Format":"text\/html","Identifier":"\u00a7 III-6","Relation":"Baltimore City Charter"},"html":"\n\t\t\t\t\t<section><p><p><span class=\"dictionary\"><\/span>Each<span class=\"dictionary\"><\/span> <span class=\"dictionary\"><\/span>vacancy<span class=\"dictionary\"><\/span> <span class=\"dictionary\"><\/span>in<span class=\"dictionary\"><\/span> <span class=\"dictionary\"><\/span>the<span class=\"dictionary\"><\/span> <span class=\"dictionary\"><\/span>City<span class=\"dictionary\"><\/span> <span class=\"dictionary\"><\/span>Council<span class=\"dictionary\"><\/span> <span class=\"dictionary\"><\/span>shall<span class=\"dictionary\"><\/span> <span class=\"dictionary\"><\/span>be<span class=\"dictionary\"><\/span> <span class=\"dictionary\"><\/span>filled<span class=\"dictionary\"><\/span> <span class=\"dictionary\"><\/span>without<span class=\"dictionary\"><\/span> <span class=\"dictionary\"><\/span>delay<span class=\"dictionary\"><\/span>.  <span class=\"dictionary\"><\/span>After<span class=\"dictionary\"><\/span> <span class=\"dictionary\"><\/span>public<span class=\"dictionary\"><\/span> <span class=\"dictionary\"><\/span>notice<span class=\"dictionary\"><\/span>, <span class=\"dictionary\"><\/span>the<span class=\"dictionary\"><\/span> <span class=\"dictionary\"><\/span>City<span class=\"dictionary\"><\/span> <span class=\"dictionary\"><\/span>Council<span class=\"dictionary\"><\/span>,<br \/>\n<span class=\"dictionary\"><\/span>by<span class=\"dictionary\"><\/span> <span class=\"dictionary\"><\/span>a<span class=\"dictionary\"><\/span> <span class=\"dictionary\"><\/span>majority<span class=\"dictionary\"><\/span> <span class=\"dictionary\"><\/span>vote<span class=\"dictionary\"><\/span> <span class=\"dictionary\"><\/span>of<span class=\"dictionary\"><\/span> <span class=\"dictionary\"><\/span>its<span class=\"dictionary\"><\/span> <span class=\"dictionary\"><\/span>remaining<span class=\"dictionary\"><\/span> <span class=\"dictionary\"><\/span>members<span class=\"dictionary\"><\/span>, <span class=\"dictionary\"><\/span>shall<span class=\"dictionary\"><\/span> <span class=\"dictionary\"><\/span>elect<span class=\"dictionary\"><\/span> <span class=\"dictionary\"><\/span>a<span class=\"dictionary\"><\/span> <span class=\"dictionary\"><\/span>person<span class=\"dictionary\"><\/span> <span class=\"dictionary\"><\/span>possessing<span class=\"dictionary\"><\/span> <span class=\"dictionary\"><\/span>the<span class=\"dictionary\"><\/span> <span class=\"dictionary\"><\/span>qualifications<span class=\"dictionary\"><\/span><br \/>\n<span class=\"dictionary\"><\/span>prescribed<span class=\"dictionary\"><\/span> <span class=\"dictionary\"><\/span>in<span class=\"dictionary\"><\/span> <span class=\"dictionary\"><\/span>Section<span class=\"dictionary\"><\/span> <span class=\"dictionary\"><\/span>1<span class=\"dictionary\"><\/span> <span class=\"dictionary\"><\/span>of<span class=\"dictionary\"><\/span> <span class=\"dictionary\"><\/span>this<span class=\"dictionary\"><\/span> <span class=\"dictionary\"><\/span>article<span class=\"dictionary\"><\/span> <span class=\"dictionary\"><\/span>to<span class=\"dictionary\"><\/span> <span class=\"dictionary\"><\/span>serve<span class=\"dictionary\"><\/span> <span class=\"dictionary\"><\/span>the<span class=\"dictionary\"><\/span> <span class=\"dictionary\"><\/span>remainder<span class=\"dictionary\"><\/span> <span class=\"dictionary\"><\/span>of<span class=\"dictionary\"><\/span> <span class=\"dictionary\"><\/span>the<span class=\"dictionary\"><\/span> <span class=\"dictionary\"><\/span>unexpired<span class=\"dictionary\"><\/span> <span class=\"dictionary\"><\/span>term<span class=\"dictionary\"><\/span> <span class=\"dictionary\"><\/span>of<span class=\"dictionary\"><\/span> <span class=\"dictionary\"><\/span>the<span class=\"dictionary\"><\/span> <span class=\"dictionary\"><\/span>former<span class=\"dictionary\"><\/span><br \/>\n<span class=\"dictionary\"><\/span>incumbent<span class=\"dictionary\"><\/span>.<br \/>\n(<span class=\"dictionary\"><\/span>Res<span class=\"dictionary\"><\/span>. <span class=\"dictionary\"><\/span>04<span class=\"dictionary\"><\/span>-<span class=\"dictionary\"><\/span>055<span class=\"dictionary\"><\/span>, <span class=\"dictionary\"><\/span>ratified<span class=\"dictionary\"><\/span> <span class=\"dictionary\"><\/span>Nov<span class=\"dictionary\"><\/span>. <span class=\"dictionary\"><\/span>2<span class=\"dictionary\"><\/span>, <span class=\"dictionary\"><\/span>2004<span class=\"dictionary\"><\/span>.)<\/p>\n<\/p><\/section>","plain_text":"                              BALTIMORE CITY CHARTER\n\nINDIVIDUAL VACANCIES. (\u00a7 III-6)\n\nEach vacancy in the City Council shall be filled without delay.  After public\nnotice, the City Council,\nby a majority vote of its remaining members, shall elect a person possessing the\nqualifications\nprescribed in Section 1 of this article to serve the remainder of the unexpired\nterm of the former\nincumbent.\n(Res. 04-055, ratified Nov. 2, 2004.)\n","previous_section":{"id":"94","structure_id":"20","section_number":"III-5","catch_line":"Emergency vacancies.","url":"http:\/\/charter.baltimorecode\/III-5\/","api_url":"http:\/\/charter.baltimorecode\/api\/law\/III-5\/"},"text":{"0":{"id":"95","text":"Each vacancy in the City Council shall be filled without delay.  After public notice, the City Council,\nby a majority vote of its remaining members, shall elect a person possessing the qualifications\nprescribed in Section 1 of this article to serve the remainder of the unexpired term of the former\nincumbent.\n(Res. 04-055, ratified Nov. 2, 2004.)\n","type":"section","prefixes":[""],"prefix":"","entire_prefix":"","prefix_anchor":"","level":1}}}