{"section_number":"III-10","section_id":"86","structure_id":"20","catch_line":"Procedures; Council officers.","history":"","full_text":" (a)  Attendance of members.\n\nThe City Council may compel the attendance of absent members in such manner and under such\npenalties as it may provide by ordinance.\n\n (b)  Vice-President \u2014 in general.\n\nThe City Council, by a majority vote of its members, shall appoint from its members a\nVice-President, who in the absence, sickness or disqualification of the President shall preside at\nall its meetings.  The Vice-President also shall be an acting member of the Board of Estimates in\nthe absence, sickness or temporary disqualification of the President.\n\n (c)  Vice-President \u2014 as acting Mayor.\n\nIn case of, and during, necessary absence, sickness or the temporary disqualification of both the\nMayor and the President of the City Council, the Vice-President shall be acting Mayor.\n\n (d)  Judge of member qualifications; discipline.\n\nThe City Council shall be judge of the election and qualifications of its members, subject to\nappeal by petition of the party aggrieved as provided by law.  With the concurrence of\nthree-fourths of its members, the City Council may expel any member for disorderly behavior or\nmisconduct in office, but not a second time for the same offense.\n\n (e)  Rules of procedure; officers.\n\nThe City Council shall adopt rules of procedure not inconsistent with the Charter, appoint its\nown officers, regulate their respective compensation, not to exceed in the aggregate the amount\nappropriated therefor in the Ordinance of Estimates, and remove them at pleasure.\n\n (f)  Journal of proceedings; public deliberations.\n\nThe City Council shall keep a journal of its proceedings and enter yeas and nays on any question,\nresolution or ordinance at the request of any member, and the deliberations of the City Council\nshall be public.\r\r","ancestry":{"1":{"id":"20","name":"City Council","identifier":"III","label":"article","url":"http:\/\/charter.baltimorecode\/III\/"}},"structure_contents":{"0":{"id":"85","structure_id":"20","section_number":"III-1","catch_line":"Legislative Department; qualification and salary of members.","url":"http:\/\/charter.baltimorecode\/III-1\/","api_url":"http:\/\/charter.baltimorecode\/api\/law\/III-1\/"},"1":{"id":"91","structure_id":"20","section_number":"III-2","catch_line":"Members.","url":"http:\/\/charter.baltimorecode\/III-2\/","api_url":"http:\/\/charter.baltimorecode\/api\/law\/III-2\/"},"2":{"id":"92","structure_id":"20","section_number":"III-3","catch_line":"President.","url":"http:\/\/charter.baltimorecode\/III-3\/","api_url":"http:\/\/charter.baltimorecode\/api\/law\/III-3\/"},"3":{"id":"93","structure_id":"20","section_number":"III-4","catch_line":"Vacancy in presidency.","url":"http:\/\/charter.baltimorecode\/III-4\/","api_url":"http:\/\/charter.baltimorecode\/api\/law\/III-4\/"},"4":{"id":"94","structure_id":"20","section_number":"III-5","catch_line":"Emergency vacancies.","url":"http:\/\/charter.baltimorecode\/III-5\/","api_url":"http:\/\/charter.baltimorecode\/api\/law\/III-5\/"},"5":{"id":"95","structure_id":"20","section_number":"III-6","catch_line":"Individual vacancies.","url":"http:\/\/charter.baltimorecode\/III-6\/","api_url":"http:\/\/charter.baltimorecode\/api\/law\/III-6\/"},"6":{"id":"96","structure_id":"20","section_number":"III-7","catch_line":"Council districts.","url":"http:\/\/charter.baltimorecode\/III-7\/","api_url":"http:\/\/charter.baltimorecode\/api\/law\/III-7\/"},"7":{"id":"97","structure_id":"20","section_number":"III-8","catch_line":"Sessions.","url":"http:\/\/charter.baltimorecode\/III-8\/","api_url":"http:\/\/charter.baltimorecode\/api\/law\/III-8\/"},"8":{"id":"98","structure_id":"20","section_number":"III-9","catch_line":"Floor privileges of municipal officers.","url":"http:\/\/charter.baltimorecode\/III-9\/","api_url":"http:\/\/charter.baltimorecode\/api\/law\/III-9\/"},"9":{"id":"86","structure_id":"20","section_number":"III-10","catch_line":"Procedures; Council officers.","url":"http:\/\/charter.baltimorecode\/III-10\/","api_url":"http:\/\/charter.baltimorecode\/api\/law\/III-10\/"},"10":{"id":"87","structure_id":"20","section_number":"III-11","catch_line":"Legislative powers.","url":"http:\/\/charter.baltimorecode\/III-11\/","api_url":"http:\/\/charter.baltimorecode\/api\/law\/III-11\/"},"11":{"id":"88","structure_id":"20","section_number":"III-12","catch_line":"Evidence of legislative acts.","url":"http:\/\/charter.baltimorecode\/III-12\/","api_url":"http:\/\/charter.baltimorecode\/api\/law\/III-12\/"},"12":{"id":"89","structure_id":"20","section_number":"III-13","catch_line":"Style of ordinances.","url":"http:\/\/charter.baltimorecode\/III-13\/","api_url":"http:\/\/charter.baltimorecode\/api\/law\/III-13\/"},"13":{"id":"90","structure_id":"20","section_number":"III-14","catch_line":"Passage of ordinances and resolutions.","url":"http:\/\/charter.baltimorecode\/III-14\/","api_url":"http:\/\/charter.baltimorecode\/api\/law\/III-14\/"}},"next_section":{"id":"87","structure_id":"20","section_number":"III-11","catch_line":"Legislative powers.","url":"http:\/\/charter.baltimorecode\/III-11\/","api_url":"http:\/\/charter.baltimorecode\/api\/law\/III-11\/"},"references":false,"url":"http:\/\/charter.baltimorecode\/III-10\/","dublin_core":{"Title":"Procedures; Council officers.","Type":"Text","Format":"text\/html","Identifier":"\u00a7 III-10","Relation":"Baltimore City Charter"},"html":"\n\t\t\t\t\t<section><p><p>(<span class=\"dictionary\"><\/span>a<span class=\"dictionary\"><\/span>)  <span class=\"dictionary\"><\/span>Attendance<span class=\"dictionary\"><\/span> <span class=\"dictionary\"><\/span>of<span class=\"dictionary\"><\/span> <span class=\"dictionary\"><\/span>members<span class=\"dictionary\"><\/span>.<\/p>\n<p><span class=\"dictionary\"><\/span>The<span class=\"dictionary\"><\/span> <span class=\"dictionary\"><\/span>City<span class=\"dictionary\"><\/span> <span class=\"dictionary\"><\/span>Council<span class=\"dictionary\"><\/span> <span class=\"dictionary\"><\/span>may<span class=\"dictionary\"><\/span> <span class=\"dictionary\"><\/span>compel<span class=\"dictionary\"><\/span> <span class=\"dictionary\"><\/span>the<span class=\"dictionary\"><\/span> <span class=\"dictionary\"><\/span>attendance<span class=\"dictionary\"><\/span> <span class=\"dictionary\"><\/span>of<span class=\"dictionary\"><\/span> <span class=\"dictionary\"><\/span>absent<span class=\"dictionary\"><\/span> <span class=\"dictionary\"><\/span>members<span class=\"dictionary\"><\/span> <span class=\"dictionary\"><\/span>in<span class=\"dictionary\"><\/span> <span class=\"dictionary\"><\/span>such<span class=\"dictionary\"><\/span> <span class=\"dictionary\"><\/span>manner<span class=\"dictionary\"><\/span> <span class=\"dictionary\"><\/span>and<span class=\"dictionary\"><\/span> <span class=\"dictionary\"><\/span>under<span class=\"dictionary\"><\/span> <span class=\"dictionary\"><\/span>such<span class=\"dictionary\"><\/span><br \/>\n<span class=\"dictionary\"><\/span>penalties<span class=\"dictionary\"><\/span> <span class=\"dictionary\"><\/span>as<span class=\"dictionary\"><\/span> <span class=\"dictionary\"><\/span>it<span class=\"dictionary\"><\/span> <span class=\"dictionary\"><\/span>may<span class=\"dictionary\"><\/span> <span class=\"dictionary\"><\/span>provide<span class=\"dictionary\"><\/span> <span class=\"dictionary\"><\/span>by<span class=\"dictionary\"><\/span> <span class=\"dictionary\"><\/span>ordinance<span class=\"dictionary\"><\/span>.<\/p>\n<p> (<span class=\"dictionary\"><\/span>b<span class=\"dictionary\"><\/span>)  <span class=\"dictionary\"><\/span>Vice<span class=\"dictionary\"><\/span>-<span class=\"dictionary\"><\/span>President<span class=\"dictionary\"><\/span> \u2014 <span class=\"dictionary\"><\/span>in<span class=\"dictionary\"><\/span> <span class=\"dictionary\"><\/span>general<span class=\"dictionary\"><\/span>.<\/p>\n<p><span class=\"dictionary\"><\/span>The<span class=\"dictionary\"><\/span> <span class=\"dictionary\"><\/span>City<span class=\"dictionary\"><\/span> <span class=\"dictionary\"><\/span>Council<span class=\"dictionary\"><\/span>, <span class=\"dictionary\"><\/span>by<span class=\"dictionary\"><\/span> <span class=\"dictionary\"><\/span>a<span class=\"dictionary\"><\/span> <span class=\"dictionary\"><\/span>majority<span class=\"dictionary\"><\/span> <span class=\"dictionary\"><\/span>vote<span class=\"dictionary\"><\/span> <span class=\"dictionary\"><\/span>of<span class=\"dictionary\"><\/span> <span class=\"dictionary\"><\/span>its<span class=\"dictionary\"><\/span> <span class=\"dictionary\"><\/span>members<span class=\"dictionary\"><\/span>, <span class=\"dictionary\"><\/span>shall<span class=\"dictionary\"><\/span> <span class=\"dictionary\"><\/span>appoint<span class=\"dictionary\"><\/span> <span class=\"dictionary\"><\/span>from<span class=\"dictionary\"><\/span> <span class=\"dictionary\"><\/span>its<span class=\"dictionary\"><\/span> <span class=\"dictionary\"><\/span>members<span class=\"dictionary\"><\/span> <span class=\"dictionary\"><\/span>a<span class=\"dictionary\"><\/span><br \/>\n<span class=\"dictionary\"><\/span>Vice<span class=\"dictionary\"><\/span>-<span class=\"dictionary\"><\/span>President<span class=\"dictionary\"><\/span>, <span class=\"dictionary\"><\/span>who<span class=\"dictionary\"><\/span> <span class=\"dictionary\"><\/span>in<span class=\"dictionary\"><\/span> <span class=\"dictionary\"><\/span>the<span class=\"dictionary\"><\/span> <span class=\"dictionary\"><\/span>absence<span class=\"dictionary\"><\/span>, <span class=\"dictionary\"><\/span>sickness<span class=\"dictionary\"><\/span> <span class=\"dictionary\"><\/span>or<span class=\"dictionary\"><\/span> <span class=\"dictionary\"><\/span>disqualification<span class=\"dictionary\"><\/span> <span class=\"dictionary\"><\/span>of<span class=\"dictionary\"><\/span> <span class=\"dictionary\"><\/span>the<span class=\"dictionary\"><\/span> <span class=\"dictionary\"><\/span>President<span class=\"dictionary\"><\/span> <span class=\"dictionary\"><\/span>shall<span class=\"dictionary\"><\/span> <span class=\"dictionary\"><\/span>preside<span class=\"dictionary\"><\/span> <span class=\"dictionary\"><\/span>at<span class=\"dictionary\"><\/span><br \/>\n<span class=\"dictionary\"><\/span>all<span class=\"dictionary\"><\/span> <span class=\"dictionary\"><\/span>its<span class=\"dictionary\"><\/span> <span class=\"dictionary\"><\/span>meetings<span class=\"dictionary\"><\/span>.  <span class=\"dictionary\"><\/span>The<span class=\"dictionary\"><\/span> <span class=\"dictionary\"><\/span>Vice<span class=\"dictionary\"><\/span>-<span class=\"dictionary\"><\/span>President<span class=\"dictionary\"><\/span> <span class=\"dictionary\"><\/span>also<span class=\"dictionary\"><\/span> <span class=\"dictionary\"><\/span>shall<span class=\"dictionary\"><\/span> <span class=\"dictionary\"><\/span>be<span class=\"dictionary\"><\/span> <span class=\"dictionary\"><\/span>an<span class=\"dictionary\"><\/span> <span class=\"dictionary\"><\/span>acting<span class=\"dictionary\"><\/span> <span class=\"dictionary\"><\/span>member<span class=\"dictionary\"><\/span> <span class=\"dictionary\"><\/span>of<span class=\"dictionary\"><\/span> <span class=\"dictionary\"><\/span>the<span class=\"dictionary\"><\/span> <span class=\"dictionary\"><\/span>Board<span class=\"dictionary\"><\/span> <span class=\"dictionary\"><\/span>of<span class=\"dictionary\"><\/span> <span class=\"dictionary\"><\/span>Estimates<span class=\"dictionary\"><\/span> <span class=\"dictionary\"><\/span>in<span class=\"dictionary\"><\/span><br \/>\n<span class=\"dictionary\"><\/span>the<span class=\"dictionary\"><\/span> <span class=\"dictionary\"><\/span>absence<span class=\"dictionary\"><\/span>, <span class=\"dictionary\"><\/span>sickness<span class=\"dictionary\"><\/span> <span class=\"dictionary\"><\/span>or<span class=\"dictionary\"><\/span> <span class=\"dictionary\"><\/span>temporary<span class=\"dictionary\"><\/span> <span class=\"dictionary\"><\/span>disqualification<span class=\"dictionary\"><\/span> <span class=\"dictionary\"><\/span>of<span class=\"dictionary\"><\/span> <span class=\"dictionary\"><\/span>the<span class=\"dictionary\"><\/span> <span class=\"dictionary\"><\/span>President<span class=\"dictionary\"><\/span>.<\/p>\n<p> (<span class=\"dictionary\"><\/span>c<span class=\"dictionary\"><\/span>)  <span class=\"dictionary\"><\/span>Vice<span class=\"dictionary\"><\/span>-<span class=\"dictionary\"><\/span>President<span class=\"dictionary\"><\/span> \u2014 <span class=\"dictionary\"><\/span>as<span class=\"dictionary\"><\/span> <span class=\"dictionary\"><\/span>acting<span class=\"dictionary\"><\/span> <span class=\"dictionary\"><\/span>Mayor<span class=\"dictionary\"><\/span>.<\/p>\n<p><span class=\"dictionary\"><\/span>In<span class=\"dictionary\"><\/span> <span class=\"dictionary\"><\/span>case<span class=\"dictionary\"><\/span> <span class=\"dictionary\"><\/span>of<span class=\"dictionary\"><\/span>, <span class=\"dictionary\"><\/span>and<span class=\"dictionary\"><\/span> <span class=\"dictionary\"><\/span>during<span class=\"dictionary\"><\/span>, <span class=\"dictionary\"><\/span>necessary<span class=\"dictionary\"><\/span> <span class=\"dictionary\"><\/span>absence<span class=\"dictionary\"><\/span>, <span class=\"dictionary\"><\/span>sickness<span class=\"dictionary\"><\/span> <span class=\"dictionary\"><\/span>or<span class=\"dictionary\"><\/span> <span class=\"dictionary\"><\/span>the<span class=\"dictionary\"><\/span> <span class=\"dictionary\"><\/span>temporary<span class=\"dictionary\"><\/span> <span class=\"dictionary\"><\/span>disqualification<span class=\"dictionary\"><\/span> <span class=\"dictionary\"><\/span>of<span class=\"dictionary\"><\/span> <span class=\"dictionary\"><\/span>both<span class=\"dictionary\"><\/span> <span class=\"dictionary\"><\/span>the<span class=\"dictionary\"><\/span><br \/>\n<span class=\"dictionary\"><\/span>Mayor<span class=\"dictionary\"><\/span> <span class=\"dictionary\"><\/span>and<span class=\"dictionary\"><\/span> <span class=\"dictionary\"><\/span>the<span class=\"dictionary\"><\/span> <span class=\"dictionary\"><\/span>President<span class=\"dictionary\"><\/span> <span class=\"dictionary\"><\/span>of<span class=\"dictionary\"><\/span> <span class=\"dictionary\"><\/span>the<span class=\"dictionary\"><\/span> <span class=\"dictionary\"><\/span>City<span class=\"dictionary\"><\/span> <span class=\"dictionary\"><\/span>Council<span class=\"dictionary\"><\/span>, <span class=\"dictionary\"><\/span>the<span class=\"dictionary\"><\/span> <span class=\"dictionary\"><\/span>Vice<span class=\"dictionary\"><\/span>-<span class=\"dictionary\"><\/span>President<span class=\"dictionary\"><\/span> <span class=\"dictionary\"><\/span>shall<span class=\"dictionary\"><\/span> <span class=\"dictionary\"><\/span>be<span class=\"dictionary\"><\/span> <span class=\"dictionary\"><\/span>acting<span class=\"dictionary\"><\/span> <span class=\"dictionary\"><\/span>Mayor<span class=\"dictionary\"><\/span>.<\/p>\n<p> (<span class=\"dictionary\"><\/span>d<span class=\"dictionary\"><\/span>)  <span class=\"dictionary\"><\/span>Judge<span class=\"dictionary\"><\/span> <span class=\"dictionary\"><\/span>of<span class=\"dictionary\"><\/span> <span class=\"dictionary\"><\/span>member<span class=\"dictionary\"><\/span> <span class=\"dictionary\"><\/span>qualifications<span class=\"dictionary\"><\/span>; <span class=\"dictionary\"><\/span>discipline<span class=\"dictionary\"><\/span>.<\/p>\n<p><span class=\"dictionary\"><\/span>The<span class=\"dictionary\"><\/span> <span class=\"dictionary\"><\/span>City<span class=\"dictionary\"><\/span> <span class=\"dictionary\"><\/span>Council<span class=\"dictionary\"><\/span> <span class=\"dictionary\"><\/span>shall<span class=\"dictionary\"><\/span> <span class=\"dictionary\"><\/span>be<span class=\"dictionary\"><\/span> <span class=\"dictionary\"><\/span>judge<span class=\"dictionary\"><\/span> <span class=\"dictionary\"><\/span>of<span class=\"dictionary\"><\/span> <span class=\"dictionary\"><\/span>the<span class=\"dictionary\"><\/span> <span class=\"dictionary\"><\/span>election<span class=\"dictionary\"><\/span> <span class=\"dictionary\"><\/span>and<span class=\"dictionary\"><\/span> <span class=\"dictionary\"><\/span>qualifications<span class=\"dictionary\"><\/span> <span class=\"dictionary\"><\/span>of<span class=\"dictionary\"><\/span> <span class=\"dictionary\"><\/span>its<span class=\"dictionary\"><\/span> <span class=\"dictionary\"><\/span>members<span class=\"dictionary\"><\/span>, <span class=\"dictionary\"><\/span>subject<span class=\"dictionary\"><\/span> <span class=\"dictionary\"><\/span>to<span class=\"dictionary\"><\/span><br \/>\n<span class=\"dictionary\"><\/span>appeal<span class=\"dictionary\"><\/span> <span class=\"dictionary\"><\/span>by<span class=\"dictionary\"><\/span> <span class=\"dictionary\"><\/span>petition<span class=\"dictionary\"><\/span> <span class=\"dictionary\"><\/span>of<span class=\"dictionary\"><\/span> <span class=\"dictionary\"><\/span>the<span class=\"dictionary\"><\/span> <span class=\"dictionary\"><\/span>party<span class=\"dictionary\"><\/span> <span class=\"dictionary\"><\/span>aggrieved<span class=\"dictionary\"><\/span> <span class=\"dictionary\"><\/span>as<span class=\"dictionary\"><\/span> <span class=\"dictionary\"><\/span>provided<span class=\"dictionary\"><\/span> <span class=\"dictionary\"><\/span>by<span class=\"dictionary\"><\/span> <span class=\"dictionary\"><\/span>law<span class=\"dictionary\"><\/span>.  <span class=\"dictionary\"><\/span>With<span class=\"dictionary\"><\/span> <span class=\"dictionary\"><\/span>the<span class=\"dictionary\"><\/span> <span class=\"dictionary\"><\/span>concurrence<span class=\"dictionary\"><\/span> <span class=\"dictionary\"><\/span>of<span class=\"dictionary\"><\/span><br \/>\n<span class=\"dictionary\"><\/span>three<span class=\"dictionary\"><\/span>-<span class=\"dictionary\"><\/span>fourths<span class=\"dictionary\"><\/span> <span class=\"dictionary\"><\/span>of<span class=\"dictionary\"><\/span> <span class=\"dictionary\"><\/span>its<span class=\"dictionary\"><\/span> <span class=\"dictionary\"><\/span>members<span class=\"dictionary\"><\/span>, <span class=\"dictionary\"><\/span>the<span class=\"dictionary\"><\/span> <span class=\"dictionary\"><\/span>City<span class=\"dictionary\"><\/span> <span class=\"dictionary\"><\/span>Council<span class=\"dictionary\"><\/span> <span class=\"dictionary\"><\/span>may<span class=\"dictionary\"><\/span> <span class=\"dictionary\"><\/span>expel<span class=\"dictionary\"><\/span> <span class=\"dictionary\"><\/span>any<span class=\"dictionary\"><\/span> <span class=\"dictionary\"><\/span>member<span class=\"dictionary\"><\/span> <span class=\"dictionary\"><\/span>for<span class=\"dictionary\"><\/span> <span class=\"dictionary\"><\/span>disorderly<span class=\"dictionary\"><\/span> <span class=\"dictionary\"><\/span>behavior<span class=\"dictionary\"><\/span> <span class=\"dictionary\"><\/span>or<span class=\"dictionary\"><\/span><br \/>\n<span class=\"dictionary\"><\/span>misconduct<span class=\"dictionary\"><\/span> <span class=\"dictionary\"><\/span>in<span class=\"dictionary\"><\/span> <span class=\"dictionary\"><\/span>office<span class=\"dictionary\"><\/span>, <span class=\"dictionary\"><\/span>but<span class=\"dictionary\"><\/span> <span class=\"dictionary\"><\/span>not<span class=\"dictionary\"><\/span> <span class=\"dictionary\"><\/span>a<span class=\"dictionary\"><\/span> <span class=\"dictionary\"><\/span>second<span class=\"dictionary\"><\/span> <span class=\"dictionary\"><\/span>time<span class=\"dictionary\"><\/span> <span class=\"dictionary\"><\/span>for<span class=\"dictionary\"><\/span> <span class=\"dictionary\"><\/span>the<span class=\"dictionary\"><\/span> <span class=\"dictionary\"><\/span>same<span class=\"dictionary\"><\/span> <span class=\"dictionary\"><\/span>offense<span class=\"dictionary\"><\/span>.<\/p>\n<p> (<span class=\"dictionary\"><\/span>e<span class=\"dictionary\"><\/span>)  <span class=\"dictionary\"><\/span>Rules<span class=\"dictionary\"><\/span> <span class=\"dictionary\"><\/span>of<span class=\"dictionary\"><\/span> <span class=\"dictionary\"><\/span>procedure<span class=\"dictionary\"><\/span>; <span class=\"dictionary\"><\/span>officers<span class=\"dictionary\"><\/span>.<\/p>\n<p><span class=\"dictionary\"><\/span>The<span class=\"dictionary\"><\/span> <span class=\"dictionary\"><\/span>City<span class=\"dictionary\"><\/span> <span class=\"dictionary\"><\/span>Council<span class=\"dictionary\"><\/span> <span class=\"dictionary\"><\/span>shall<span class=\"dictionary\"><\/span> <span class=\"dictionary\"><\/span>adopt<span class=\"dictionary\"><\/span> <span class=\"dictionary\"><\/span>rules<span class=\"dictionary\"><\/span> <span class=\"dictionary\"><\/span>of<span class=\"dictionary\"><\/span> <span class=\"dictionary\"><\/span>procedure<span class=\"dictionary\"><\/span> <span class=\"dictionary\"><\/span>not<span class=\"dictionary\"><\/span> <span class=\"dictionary\"><\/span>inconsistent<span class=\"dictionary\"><\/span> <span class=\"dictionary\"><\/span>with<span class=\"dictionary\"><\/span> <span class=\"dictionary\"><\/span>the<span class=\"dictionary\"><\/span> <span class=\"dictionary\"><\/span>Charter<span class=\"dictionary\"><\/span>, <span class=\"dictionary\"><\/span>appoint<span class=\"dictionary\"><\/span> <span class=\"dictionary\"><\/span>its<span class=\"dictionary\"><\/span><br \/>\n<span class=\"dictionary\"><\/span>own<span class=\"dictionary\"><\/span> <span class=\"dictionary\"><\/span>officers<span class=\"dictionary\"><\/span>, <span class=\"dictionary\"><\/span>regulate<span class=\"dictionary\"><\/span> <span class=\"dictionary\"><\/span>their<span class=\"dictionary\"><\/span> <span class=\"dictionary\"><\/span>respective<span class=\"dictionary\"><\/span> <span class=\"dictionary\"><\/span>compensation<span class=\"dictionary\"><\/span>, <span class=\"dictionary\"><\/span>not<span class=\"dictionary\"><\/span> <span class=\"dictionary\"><\/span>to<span class=\"dictionary\"><\/span> <span class=\"dictionary\"><\/span>exceed<span class=\"dictionary\"><\/span> <span class=\"dictionary\"><\/span>in<span class=\"dictionary\"><\/span> <span class=\"dictionary\"><\/span>the<span class=\"dictionary\"><\/span> <span class=\"dictionary\"><\/span>aggregate<span class=\"dictionary\"><\/span> <span class=\"dictionary\"><\/span>the<span class=\"dictionary\"><\/span> <span class=\"dictionary\"><\/span>amount<span class=\"dictionary\"><\/span><br \/>\n<span class=\"dictionary\"><\/span>appropriated<span class=\"dictionary\"><\/span> <span class=\"dictionary\"><\/span>therefor<span class=\"dictionary\"><\/span> <span class=\"dictionary\"><\/span>in<span class=\"dictionary\"><\/span> <span class=\"dictionary\"><\/span>the<span class=\"dictionary\"><\/span> <span class=\"dictionary\"><\/span>Ordinance<span class=\"dictionary\"><\/span> <span class=\"dictionary\"><\/span>of<span class=\"dictionary\"><\/span> <span class=\"dictionary\"><\/span>Estimates<span class=\"dictionary\"><\/span>, <span class=\"dictionary\"><\/span>and<span class=\"dictionary\"><\/span> <span class=\"dictionary\"><\/span>remove<span class=\"dictionary\"><\/span> <span class=\"dictionary\"><\/span>them<span class=\"dictionary\"><\/span> <span class=\"dictionary\"><\/span>at<span class=\"dictionary\"><\/span> <span class=\"dictionary\"><\/span>pleasure<span class=\"dictionary\"><\/span>.<\/p>\n<p> (<span class=\"dictionary\"><\/span>f<span class=\"dictionary\"><\/span>)  <span class=\"dictionary\"><\/span>Journal<span class=\"dictionary\"><\/span> <span class=\"dictionary\"><\/span>of<span class=\"dictionary\"><\/span> <span class=\"dictionary\"><\/span>proceedings<span class=\"dictionary\"><\/span>; <span class=\"dictionary\"><\/span>public<span class=\"dictionary\"><\/span> <span class=\"dictionary\"><\/span>deliberations<span class=\"dictionary\"><\/span>.<\/p>\n<p><span class=\"dictionary\"><\/span>The<span class=\"dictionary\"><\/span> <span class=\"dictionary\"><\/span>City<span class=\"dictionary\"><\/span> <span class=\"dictionary\"><\/span>Council<span class=\"dictionary\"><\/span> <span class=\"dictionary\"><\/span>shall<span class=\"dictionary\"><\/span> <span class=\"dictionary\"><\/span>keep<span class=\"dictionary\"><\/span> <span class=\"dictionary\"><\/span>a<span class=\"dictionary\"><\/span> <span class=\"dictionary\"><\/span>journal<span class=\"dictionary\"><\/span> <span class=\"dictionary\"><\/span>of<span class=\"dictionary\"><\/span> <span class=\"dictionary\"><\/span>its<span class=\"dictionary\"><\/span> <span class=\"dictionary\"><\/span>proceedings<span class=\"dictionary\"><\/span> <span class=\"dictionary\"><\/span>and<span class=\"dictionary\"><\/span> <span class=\"dictionary\"><\/span>enter<span class=\"dictionary\"><\/span> <span class=\"dictionary\"><\/span>yeas<span class=\"dictionary\"><\/span> <span class=\"dictionary\"><\/span>and<span class=\"dictionary\"><\/span> <span class=\"dictionary\"><\/span>nays<span class=\"dictionary\"><\/span> <span class=\"dictionary\"><\/span>on<span class=\"dictionary\"><\/span> <span class=\"dictionary\"><\/span>any<span class=\"dictionary\"><\/span> <span class=\"dictionary\"><\/span>question<span class=\"dictionary\"><\/span>,<br \/>\n<span class=\"dictionary\"><\/span>resolution<span class=\"dictionary\"><\/span> <span class=\"dictionary\"><\/span>or<span class=\"dictionary\"><\/span> <span class=\"dictionary\"><\/span>ordinance<span class=\"dictionary\"><\/span> <span class=\"dictionary\"><\/span>at<span class=\"dictionary\"><\/span> <span class=\"dictionary\"><\/span>the<span class=\"dictionary\"><\/span> <span class=\"dictionary\"><\/span>request<span class=\"dictionary\"><\/span> <span class=\"dictionary\"><\/span>of<span class=\"dictionary\"><\/span> <span class=\"dictionary\"><\/span>any<span class=\"dictionary\"><\/span> <span class=\"dictionary\"><\/span>member<span class=\"dictionary\"><\/span>, <span class=\"dictionary\"><\/span>and<span class=\"dictionary\"><\/span> <span class=\"dictionary\"><\/span>the<span class=\"dictionary\"><\/span> <span class=\"dictionary\"><\/span>deliberations<span class=\"dictionary\"><\/span> <span class=\"dictionary\"><\/span>of<span class=\"dictionary\"><\/span> <span class=\"dictionary\"><\/span>the<span class=\"dictionary\"><\/span> <span class=\"dictionary\"><\/span>City<span class=\"dictionary\"><\/span> <span class=\"dictionary\"><\/span>Council<span class=\"dictionary\"><\/span><br \/>\n<span class=\"dictionary\"><\/span>shall<span class=\"dictionary\"><\/span> <span class=\"dictionary\"><\/span>be<span class=\"dictionary\"><\/span> <span class=\"dictionary\"><\/span>public<span class=\"dictionary\"><\/span>.<\/p>\n<\/p><\/section>","plain_text":"                              BALTIMORE CITY CHARTER\n\nPROCEDURES; COUNCIL OFFICERS. (\u00a7 III-10)\n\n(a)  Attendance of members.\nThe City Council may compel the attendance of absent members in such manner and\nunder such\npenalties as it may provide by ordinance.\n (b)  Vice-President \u2014 in general.\nThe City Council, by a majority vote of its members, shall appoint from its\nmembers a\nVice-President, who in the absence, sickness or disqualification of the\nPresident shall preside at\nall its meetings.  The Vice-President also shall be an acting member of the\nBoard of Estimates in\nthe absence, sickness or temporary disqualification of the President.\n (c)  Vice-President \u2014 as acting Mayor.\nIn case of, and during, necessary absence, sickness or the temporary\ndisqualification of both the\nMayor and the President of the City Council, the Vice-President shall be acting\nMayor.\n (d)  Judge of member qualifications; discipline.\nThe City Council shall be judge of the election and qualifications of its\nmembers, subject to\nappeal by petition of the party aggrieved as provided by law.  With the\nconcurrence of\nthree-fourths of its members, the City Council may expel any member for\ndisorderly behavior or\nmisconduct in office, but not a second time for the same offense.\n (e)  Rules of procedure; officers.\nThe City Council shall adopt rules of procedure not inconsistent with the\nCharter, appoint its\nown officers, regulate their respective compensation, not to exceed in the\naggregate the amount\nappropriated therefor in the Ordinance of Estimates, and remove them at\npleasure.\n (f)  Journal of proceedings; public deliberations.\nThe City Council shall keep a journal of its proceedings and enter yeas and nays\non any question,\nresolution or ordinance at the request of any member, and the deliberations of\nthe City Council\nshall be public.\n","previous_section":{"id":"98","structure_id":"20","section_number":"III-9","catch_line":"Floor privileges of municipal officers.","url":"http:\/\/charter.baltimorecode\/III-9\/","api_url":"http:\/\/charter.baltimorecode\/api\/law\/III-9\/"},"text":{"0":{"id":"86","text":"(a)  Attendance of members.\nThe City Council may compel the attendance of absent members in such manner and under such\npenalties as it may provide by ordinance.\n (b)  Vice-President \u2014 in general.\nThe City Council, by a majority vote of its members, shall appoint from its members a\nVice-President, who in the absence, sickness or disqualification of the President shall preside at\nall its meetings.  The Vice-President also shall be an acting member of the Board of Estimates in\nthe absence, sickness or temporary disqualification of the President.\n (c)  Vice-President \u2014 as acting Mayor.\nIn case of, and during, necessary absence, sickness or the temporary disqualification of both the\nMayor and the President of the City Council, the Vice-President shall be acting Mayor.\n (d)  Judge of member qualifications; discipline.\nThe City Council shall be judge of the election and qualifications of its members, subject to\nappeal by petition of the party aggrieved as provided by law.  With the concurrence of\nthree-fourths of its members, the City Council may expel any member for disorderly behavior or\nmisconduct in office, but not a second time for the same offense.\n (e)  Rules of procedure; officers.\nThe City Council shall adopt rules of procedure not inconsistent with the Charter, appoint its\nown officers, regulate their respective compensation, not to exceed in the aggregate the amount\nappropriated therefor in the Ordinance of Estimates, and remove them at pleasure.\n (f)  Journal of proceedings; public deliberations.\nThe City Council shall keep a journal of its proceedings and enter yeas and nays on any question,\nresolution or ordinance at the request of any member, and the deliberations of the City Council\nshall be public.\n","type":"section","prefixes":[""],"prefix":"","entire_prefix":"","prefix_anchor":"","level":1}}}