{"section_number":"III-7","section_id":"96","structure_id":"3","catch_line":"Council districts.","history":"","full_text":" (a)  Criteria for redistricting.\n\nThe City shall be divided by ordinance into districts for the election of members of the City\nCouncil.  The criteria in redistricting shall be equality of population, contiguous territory,\ncompactness, natural boundaries, existing council district lines, and the standards established by\nthe Supreme Court of the United States.\n\n (b)  Redistricting plan.\n\nFollowing each census of the United States the Mayor shall prepare a plan for council\nredistricting.  The Mayor shall present the plan to the City Council not later than the first day of\nFebruary of the first municipal election year following the census.\n\nAfter the Mayor\u2019s plan is presented to the City Council, the Council may adopt it or amend it or\nthe City Council may adopt another plan.  If no plan has been adopted by the City Council within\nsixty days after the Mayor\u2019s plan is presented, the Mayor\u2019s plan shall take effect as the\nredistricting ordinance.\n\n (c)  {Vacant}\n\n (d)  Incumbent\u2019s residency.\n\nNo member of the City Council shall be required to vacate that office by reason of a change of\nboundary lines of that member\u2019s council district made during that member\u2019s term, as long as that\nmember remains a resident of Baltimore City.\n\n (e)  Residency duration for next election.\n\nFor elections following the adoption of redistricting plans, members of the City Council shall\nhave been residents of the districts they have been chosen to represent since the preceding July 1.\n(Initiative (\u201cQuestion P\u201d), ratified Nov. 5, 2002.)\r\r","ancestry":{"1":{"id":"3","name":"City Council","identifier":"III","label":"article","url":"http:\/\/charter.baltimorecode.localhost\/III\/"}},"structure_contents":{"0":{"id":"85","structure_id":"3","section_number":"III-1","catch_line":"Legislative Department; qualification and salary of members.","url":"http:\/\/charter.baltimorecode.localhost\/III-1\/","api_url":"http:\/\/charter.baltimorecode.localhost\/api\/law\/III-1\/"},"1":{"id":"86","structure_id":"3","section_number":"III-10","catch_line":"Procedures; Council officers.","url":"http:\/\/charter.baltimorecode.localhost\/III-10\/","api_url":"http:\/\/charter.baltimorecode.localhost\/api\/law\/III-10\/"},"2":{"id":"87","structure_id":"3","section_number":"III-11","catch_line":"Legislative powers.","url":"http:\/\/charter.baltimorecode.localhost\/III-11\/","api_url":"http:\/\/charter.baltimorecode.localhost\/api\/law\/III-11\/"},"3":{"id":"88","structure_id":"3","section_number":"III-12","catch_line":"Evidence of legislative acts.","url":"http:\/\/charter.baltimorecode.localhost\/III-12\/","api_url":"http:\/\/charter.baltimorecode.localhost\/api\/law\/III-12\/"},"4":{"id":"89","structure_id":"3","section_number":"III-13","catch_line":"Style of ordinances.","url":"http:\/\/charter.baltimorecode.localhost\/III-13\/","api_url":"http:\/\/charter.baltimorecode.localhost\/api\/law\/III-13\/"},"5":{"id":"90","structure_id":"3","section_number":"III-14","catch_line":"Passage of ordinances and resolutions.","url":"http:\/\/charter.baltimorecode.localhost\/III-14\/","api_url":"http:\/\/charter.baltimorecode.localhost\/api\/law\/III-14\/"},"6":{"id":"91","structure_id":"3","section_number":"III-2","catch_line":"Members.","url":"http:\/\/charter.baltimorecode.localhost\/III-2\/","api_url":"http:\/\/charter.baltimorecode.localhost\/api\/law\/III-2\/"},"7":{"id":"92","structure_id":"3","section_number":"III-3","catch_line":"President.","url":"http:\/\/charter.baltimorecode.localhost\/III-3\/","api_url":"http:\/\/charter.baltimorecode.localhost\/api\/law\/III-3\/"},"8":{"id":"93","structure_id":"3","section_number":"III-4","catch_line":"Vacancy in presidency.","url":"http:\/\/charter.baltimorecode.localhost\/III-4\/","api_url":"http:\/\/charter.baltimorecode.localhost\/api\/law\/III-4\/"},"9":{"id":"94","structure_id":"3","section_number":"III-5","catch_line":"Emergency vacancies.","url":"http:\/\/charter.baltimorecode.localhost\/III-5\/","api_url":"http:\/\/charter.baltimorecode.localhost\/api\/law\/III-5\/"},"10":{"id":"95","structure_id":"3","section_number":"III-6","catch_line":"Individual vacancies.","url":"http:\/\/charter.baltimorecode.localhost\/III-6\/","api_url":"http:\/\/charter.baltimorecode.localhost\/api\/law\/III-6\/"},"11":{"id":"96","structure_id":"3","section_number":"III-7","catch_line":"Council districts.","url":"http:\/\/charter.baltimorecode.localhost\/III-7\/","api_url":"http:\/\/charter.baltimorecode.localhost\/api\/law\/III-7\/"},"12":{"id":"97","structure_id":"3","section_number":"III-8","catch_line":"Sessions.","url":"http:\/\/charter.baltimorecode.localhost\/III-8\/","api_url":"http:\/\/charter.baltimorecode.localhost\/api\/law\/III-8\/"},"13":{"id":"98","structure_id":"3","section_number":"III-9","catch_line":"Floor privileges of municipal officers.","url":"http:\/\/charter.baltimorecode.localhost\/III-9\/","api_url":"http:\/\/charter.baltimorecode.localhost\/api\/law\/III-9\/"}},"next_section":{"id":"97","structure_id":"3","section_number":"III-8","catch_line":"Sessions.","url":"http:\/\/charter.baltimorecode.localhost\/III-8\/","api_url":"http:\/\/charter.baltimorecode.localhost\/api\/law\/III-8\/"},"references":false,"url":"http:\/\/charter.baltimorecode.localhost\/III-7\/","dublin_core":{"Title":"Council districts.","Type":"Text","Format":"text\/html","Identifier":"\u00a7 III-7","Relation":"Baltimore City Charter"},"html":"\n\t\t\t\t\t<section><p><p>(<span class=\"dictionary\"><\/span>a<span class=\"dictionary\"><\/span>)  <span class=\"dictionary\"><\/span>Criteria<span class=\"dictionary\"><\/span> <span class=\"dictionary\"><\/span>for<span class=\"dictionary\"><\/span> <span class=\"dictionary\"><\/span>redistricting<span class=\"dictionary\"><\/span>.<\/p>\n<p><span class=\"dictionary\"><\/span>The<span class=\"dictionary\"><\/span> <span class=\"dictionary\"><\/span>City<span class=\"dictionary\"><\/span> <span class=\"dictionary\"><\/span>shall<span class=\"dictionary\"><\/span> <span class=\"dictionary\"><\/span>be<span class=\"dictionary\"><\/span> <span class=\"dictionary\"><\/span>divided<span class=\"dictionary\"><\/span> <span class=\"dictionary\"><\/span>by<span class=\"dictionary\"><\/span> <span class=\"dictionary\"><\/span>ordinance<span class=\"dictionary\"><\/span> <span class=\"dictionary\"><\/span>into<span class=\"dictionary\"><\/span> <span class=\"dictionary\"><\/span>districts<span class=\"dictionary\"><\/span> <span class=\"dictionary\"><\/span>for<span class=\"dictionary\"><\/span> <span class=\"dictionary\"><\/span>the<span class=\"dictionary\"><\/span> <span class=\"dictionary\"><\/span>election<span class=\"dictionary\"><\/span> <span class=\"dictionary\"><\/span>of<span class=\"dictionary\"><\/span> <span class=\"dictionary\"><\/span>members<span class=\"dictionary\"><\/span> <span class=\"dictionary\"><\/span>of<span class=\"dictionary\"><\/span> <span class=\"dictionary\"><\/span>the<span class=\"dictionary\"><\/span> <span class=\"dictionary\"><\/span>City<span class=\"dictionary\"><\/span><br \/>\n<span class=\"dictionary\"><\/span>Council<span class=\"dictionary\"><\/span>.  <span class=\"dictionary\"><\/span>The<span class=\"dictionary\"><\/span> <span class=\"dictionary\"><\/span>criteria<span class=\"dictionary\"><\/span> <span class=\"dictionary\"><\/span>in<span class=\"dictionary\"><\/span> <span class=\"dictionary\"><\/span>redistricting<span class=\"dictionary\"><\/span> <span class=\"dictionary\"><\/span>shall<span class=\"dictionary\"><\/span> <span class=\"dictionary\"><\/span>be<span class=\"dictionary\"><\/span> <span class=\"dictionary\"><\/span>equality<span class=\"dictionary\"><\/span> <span class=\"dictionary\"><\/span>of<span class=\"dictionary\"><\/span> <span class=\"dictionary\"><\/span>population<span class=\"dictionary\"><\/span>, <span class=\"dictionary\"><\/span>contiguous<span class=\"dictionary\"><\/span> <span class=\"dictionary\"><\/span>territory<span class=\"dictionary\"><\/span>,<br \/>\n<span class=\"dictionary\"><\/span>compactness<span class=\"dictionary\"><\/span>, <span class=\"dictionary\"><\/span>natural<span class=\"dictionary\"><\/span> <span class=\"dictionary\"><\/span>boundaries<span class=\"dictionary\"><\/span>, <span class=\"dictionary\"><\/span>existing<span class=\"dictionary\"><\/span> <span class=\"dictionary\"><\/span>council<span class=\"dictionary\"><\/span> <span class=\"dictionary\"><\/span>district<span class=\"dictionary\"><\/span> <span class=\"dictionary\"><\/span>lines<span class=\"dictionary\"><\/span>, <span class=\"dictionary\"><\/span>and<span class=\"dictionary\"><\/span> <span class=\"dictionary\"><\/span>the<span class=\"dictionary\"><\/span> <span class=\"dictionary\"><\/span>standards<span class=\"dictionary\"><\/span> <span class=\"dictionary\"><\/span>established<span class=\"dictionary\"><\/span> <span class=\"dictionary\"><\/span>by<span class=\"dictionary\"><\/span><br \/>\n<span class=\"dictionary\"><\/span>the<span class=\"dictionary\"><\/span> <span class=\"dictionary\"><\/span>Supreme<span class=\"dictionary\"><\/span> <span class=\"dictionary\"><\/span>Court<span class=\"dictionary\"><\/span> <span class=\"dictionary\"><\/span>of<span class=\"dictionary\"><\/span> <span class=\"dictionary\"><\/span>the<span class=\"dictionary\"><\/span> <span class=\"dictionary\"><\/span>United<span class=\"dictionary\"><\/span> <span class=\"dictionary\"><\/span>States<span class=\"dictionary\"><\/span>.<\/p>\n<p> (<span class=\"dictionary\"><\/span>b<span class=\"dictionary\"><\/span>)  <span class=\"dictionary\"><\/span>Redistricting<span class=\"dictionary\"><\/span> <span class=\"dictionary\"><\/span>plan<span class=\"dictionary\"><\/span>.<\/p>\n<p><span class=\"dictionary\"><\/span>Following<span class=\"dictionary\"><\/span> <span class=\"dictionary\"><\/span>each<span class=\"dictionary\"><\/span> <span class=\"dictionary\"><\/span>census<span class=\"dictionary\"><\/span> <span class=\"dictionary\"><\/span>of<span class=\"dictionary\"><\/span> <span class=\"dictionary\"><\/span>the<span class=\"dictionary\"><\/span> <span class=\"dictionary\"><\/span>United<span class=\"dictionary\"><\/span> <span class=\"dictionary\"><\/span>States<span class=\"dictionary\"><\/span> <span class=\"dictionary\"><\/span>the<span class=\"dictionary\"><\/span> <span class=\"dictionary\"><\/span>Mayor<span class=\"dictionary\"><\/span> <span class=\"dictionary\"><\/span>shall<span class=\"dictionary\"><\/span> <span class=\"dictionary\"><\/span>prepare<span class=\"dictionary\"><\/span> <span class=\"dictionary\"><\/span>a<span class=\"dictionary\"><\/span> <span class=\"dictionary\"><\/span>plan<span class=\"dictionary\"><\/span> <span class=\"dictionary\"><\/span>for<span class=\"dictionary\"><\/span> <span class=\"dictionary\"><\/span>council<span class=\"dictionary\"><\/span><br \/>\n<span class=\"dictionary\"><\/span>redistricting<span class=\"dictionary\"><\/span>.  <span class=\"dictionary\"><\/span>The<span class=\"dictionary\"><\/span> <span class=\"dictionary\"><\/span>Mayor<span class=\"dictionary\"><\/span> <span class=\"dictionary\"><\/span>shall<span class=\"dictionary\"><\/span> <span class=\"dictionary\"><\/span>present<span class=\"dictionary\"><\/span> <span class=\"dictionary\"><\/span>the<span class=\"dictionary\"><\/span> <span class=\"dictionary\"><\/span>plan<span class=\"dictionary\"><\/span> <span class=\"dictionary\"><\/span>to<span class=\"dictionary\"><\/span> <span class=\"dictionary\"><\/span>the<span class=\"dictionary\"><\/span> <span class=\"dictionary\"><\/span>City<span class=\"dictionary\"><\/span> <span class=\"dictionary\"><\/span>Council<span class=\"dictionary\"><\/span> <span class=\"dictionary\"><\/span>not<span class=\"dictionary\"><\/span> <span class=\"dictionary\"><\/span>later<span class=\"dictionary\"><\/span> <span class=\"dictionary\"><\/span>than<span class=\"dictionary\"><\/span> <span class=\"dictionary\"><\/span>the<span class=\"dictionary\"><\/span> <span class=\"dictionary\"><\/span>first<span class=\"dictionary\"><\/span> <span class=\"dictionary\"><\/span>day<span class=\"dictionary\"><\/span> <span class=\"dictionary\"><\/span>of<span class=\"dictionary\"><\/span><br \/>\n<span class=\"dictionary\"><\/span>February<span class=\"dictionary\"><\/span> <span class=\"dictionary\"><\/span>of<span class=\"dictionary\"><\/span> <span class=\"dictionary\"><\/span>the<span class=\"dictionary\"><\/span> <span class=\"dictionary\"><\/span>first<span class=\"dictionary\"><\/span> <span class=\"dictionary\"><\/span>municipal<span class=\"dictionary\"><\/span> <span class=\"dictionary\"><\/span>election<span class=\"dictionary\"><\/span> <span class=\"dictionary\"><\/span>year<span class=\"dictionary\"><\/span> <span class=\"dictionary\"><\/span>following<span class=\"dictionary\"><\/span> <span class=\"dictionary\"><\/span>the<span class=\"dictionary\"><\/span> <span class=\"dictionary\"><\/span>census<span class=\"dictionary\"><\/span>.<\/p>\n<p><span class=\"dictionary\"><\/span>After<span class=\"dictionary\"><\/span> <span class=\"dictionary\"><\/span>the<span class=\"dictionary\"><\/span> <span class=\"dictionary\"><\/span>Mayor<span class=\"dictionary\"><\/span>\u2019<span class=\"dictionary\">s<\/span><span class=\"dictionary\"><\/span> <span class=\"dictionary\"><\/span>plan<span class=\"dictionary\"><\/span> <span class=\"dictionary\"><\/span>is<span class=\"dictionary\"><\/span> <span class=\"dictionary\"><\/span>presented<span class=\"dictionary\"><\/span> <span class=\"dictionary\"><\/span>to<span class=\"dictionary\"><\/span> <span class=\"dictionary\"><\/span>the<span class=\"dictionary\"><\/span> <span class=\"dictionary\"><\/span>City<span class=\"dictionary\"><\/span> <span class=\"dictionary\"><\/span>Council<span class=\"dictionary\"><\/span>, <span class=\"dictionary\"><\/span>the<span class=\"dictionary\"><\/span> <span class=\"dictionary\"><\/span>Council<span class=\"dictionary\"><\/span> <span class=\"dictionary\"><\/span>may<span class=\"dictionary\"><\/span> <span class=\"dictionary\"><\/span>adopt<span class=\"dictionary\"><\/span> <span class=\"dictionary\"><\/span>it<span class=\"dictionary\"><\/span> <span class=\"dictionary\"><\/span>or<span class=\"dictionary\"><\/span> <span class=\"dictionary\"><\/span>amend<span class=\"dictionary\"><\/span> <span class=\"dictionary\"><\/span>it<span class=\"dictionary\"><\/span> <span class=\"dictionary\"><\/span>or<span class=\"dictionary\"><\/span><br \/>\n<span class=\"dictionary\"><\/span>the<span class=\"dictionary\"><\/span> <span class=\"dictionary\"><\/span>City<span class=\"dictionary\"><\/span> <span class=\"dictionary\"><\/span>Council<span class=\"dictionary\"><\/span> <span class=\"dictionary\"><\/span>may<span class=\"dictionary\"><\/span> <span class=\"dictionary\"><\/span>adopt<span class=\"dictionary\"><\/span> <span class=\"dictionary\"><\/span>another<span class=\"dictionary\"><\/span> <span class=\"dictionary\"><\/span>plan<span class=\"dictionary\"><\/span>.  <span class=\"dictionary\"><\/span>If<span class=\"dictionary\"><\/span> <span class=\"dictionary\"><\/span>no<span class=\"dictionary\"><\/span> <span class=\"dictionary\"><\/span>plan<span class=\"dictionary\"><\/span> <span class=\"dictionary\"><\/span>has<span class=\"dictionary\"><\/span> <span class=\"dictionary\"><\/span>been<span class=\"dictionary\"><\/span> <span class=\"dictionary\"><\/span>adopted<span class=\"dictionary\"><\/span> <span class=\"dictionary\"><\/span>by<span class=\"dictionary\"><\/span> <span class=\"dictionary\"><\/span>the<span class=\"dictionary\"><\/span> <span class=\"dictionary\"><\/span>City<span class=\"dictionary\"><\/span> <span class=\"dictionary\"><\/span>Council<span class=\"dictionary\"><\/span> <span class=\"dictionary\"><\/span>within<span class=\"dictionary\"><\/span><br \/>\n<span class=\"dictionary\"><\/span>sixty<span class=\"dictionary\"><\/span> <span class=\"dictionary\"><\/span>days<span class=\"dictionary\"><\/span> <span class=\"dictionary\"><\/span>after<span class=\"dictionary\"><\/span> <span class=\"dictionary\"><\/span>the<span class=\"dictionary\"><\/span> <span class=\"dictionary\"><\/span>Mayor<span class=\"dictionary\"><\/span>\u2019<span class=\"dictionary\">s<\/span><span class=\"dictionary\"><\/span> <span class=\"dictionary\"><\/span>plan<span class=\"dictionary\"><\/span> <span class=\"dictionary\"><\/span>is<span class=\"dictionary\"><\/span> <span class=\"dictionary\"><\/span>presented<span class=\"dictionary\"><\/span>, <span class=\"dictionary\"><\/span>the<span class=\"dictionary\"><\/span> <span class=\"dictionary\"><\/span>Mayor<span class=\"dictionary\"><\/span>\u2019<span class=\"dictionary\">s<\/span><span class=\"dictionary\"><\/span> <span class=\"dictionary\"><\/span>plan<span class=\"dictionary\"><\/span> <span class=\"dictionary\"><\/span>shall<span class=\"dictionary\"><\/span> <span class=\"dictionary\"><\/span>take<span class=\"dictionary\"><\/span> <span class=\"dictionary\"><\/span>effect<span class=\"dictionary\"><\/span> <span class=\"dictionary\"><\/span>as<span class=\"dictionary\"><\/span> <span class=\"dictionary\"><\/span>the<span class=\"dictionary\"><\/span><br \/>\n<span class=\"dictionary\"><\/span>redistricting<span class=\"dictionary\"><\/span> <span class=\"dictionary\"><\/span>ordinance<span class=\"dictionary\"><\/span>.<\/p>\n<p> (<span class=\"dictionary\"><\/span>c<span class=\"dictionary\"><\/span>)  {<span class=\"dictionary\"><\/span>Vacant<span class=\"dictionary\"><\/span>}<\/p>\n<p> (<span class=\"dictionary\"><\/span>d<span class=\"dictionary\"><\/span>)  <span class=\"dictionary\"><\/span>Incumbent<span class=\"dictionary\"><\/span>\u2019<span class=\"dictionary\">s<\/span><span class=\"dictionary\"><\/span> <span class=\"dictionary\"><\/span>residency<span class=\"dictionary\"><\/span>.<\/p>\n<p><span class=\"dictionary\"><\/span>No<span class=\"dictionary\"><\/span> <span class=\"dictionary\"><\/span>member<span class=\"dictionary\"><\/span> <span class=\"dictionary\"><\/span>of<span class=\"dictionary\"><\/span> <span class=\"dictionary\"><\/span>the<span class=\"dictionary\"><\/span> <span class=\"dictionary\"><\/span>City<span class=\"dictionary\"><\/span> <span class=\"dictionary\"><\/span>Council<span class=\"dictionary\"><\/span> <span class=\"dictionary\"><\/span>shall<span class=\"dictionary\"><\/span> <span class=\"dictionary\"><\/span>be<span class=\"dictionary\"><\/span> <span class=\"dictionary\"><\/span>required<span class=\"dictionary\"><\/span> <span class=\"dictionary\"><\/span>to<span class=\"dictionary\"><\/span> <span class=\"dictionary\"><\/span>vacate<span class=\"dictionary\"><\/span> <span class=\"dictionary\"><\/span>that<span class=\"dictionary\"><\/span> <span class=\"dictionary\"><\/span>office<span class=\"dictionary\"><\/span> <span class=\"dictionary\"><\/span>by<span class=\"dictionary\"><\/span> <span class=\"dictionary\"><\/span>reason<span class=\"dictionary\"><\/span> <span class=\"dictionary\"><\/span>of<span class=\"dictionary\"><\/span> <span class=\"dictionary\"><\/span>a<span class=\"dictionary\"><\/span> <span class=\"dictionary\"><\/span>change<span class=\"dictionary\"><\/span> <span class=\"dictionary\"><\/span>of<span class=\"dictionary\"><\/span><br \/>\n<span class=\"dictionary\"><\/span>boundary<span class=\"dictionary\"><\/span> <span class=\"dictionary\"><\/span>lines<span class=\"dictionary\"><\/span> <span class=\"dictionary\"><\/span>of<span class=\"dictionary\"><\/span> <span class=\"dictionary\"><\/span>that<span class=\"dictionary\"><\/span> <span class=\"dictionary\"><\/span>member<span class=\"dictionary\"><\/span>\u2019<span class=\"dictionary\">s<\/span><span class=\"dictionary\"><\/span> <span class=\"dictionary\"><\/span>council<span class=\"dictionary\"><\/span> <span class=\"dictionary\"><\/span>district<span class=\"dictionary\"><\/span> <span class=\"dictionary\"><\/span>made<span class=\"dictionary\"><\/span> <span class=\"dictionary\"><\/span>during<span class=\"dictionary\"><\/span> <span class=\"dictionary\"><\/span>that<span class=\"dictionary\"><\/span> <span class=\"dictionary\"><\/span>member<span class=\"dictionary\"><\/span>\u2019<span class=\"dictionary\">s<\/span><span class=\"dictionary\"><\/span> <span class=\"dictionary\"><\/span>term<span class=\"dictionary\"><\/span>, <span class=\"dictionary\"><\/span>as<span class=\"dictionary\"><\/span> <span class=\"dictionary\"><\/span>long<span class=\"dictionary\"><\/span> <span class=\"dictionary\"><\/span>as<span class=\"dictionary\"><\/span> <span class=\"dictionary\"><\/span>that<span class=\"dictionary\"><\/span><br \/>\n<span class=\"dictionary\"><\/span>member<span class=\"dictionary\"><\/span> <span class=\"dictionary\"><\/span>remains<span class=\"dictionary\"><\/span> <span class=\"dictionary\"><\/span>a<span class=\"dictionary\"><\/span> <span class=\"dictionary\"><\/span>resident<span class=\"dictionary\"><\/span> <span class=\"dictionary\"><\/span>of<span class=\"dictionary\"><\/span> <span class=\"dictionary\"><\/span>Baltimore<span class=\"dictionary\"><\/span> <span class=\"dictionary\"><\/span>City<span class=\"dictionary\"><\/span>.<\/p>\n<p> (<span class=\"dictionary\"><\/span>e<span class=\"dictionary\"><\/span>)  <span class=\"dictionary\"><\/span>Residency<span class=\"dictionary\"><\/span> <span class=\"dictionary\"><\/span>duration<span class=\"dictionary\"><\/span> <span class=\"dictionary\"><\/span>for<span class=\"dictionary\"><\/span> <span class=\"dictionary\"><\/span>next<span class=\"dictionary\"><\/span> <span class=\"dictionary\"><\/span>election<span class=\"dictionary\"><\/span>.<\/p>\n<p><span class=\"dictionary\"><\/span>For<span class=\"dictionary\"><\/span> <span class=\"dictionary\"><\/span>elections<span class=\"dictionary\"><\/span> <span class=\"dictionary\"><\/span>following<span class=\"dictionary\"><\/span> <span class=\"dictionary\"><\/span>the<span class=\"dictionary\"><\/span> <span class=\"dictionary\"><\/span>adoption<span class=\"dictionary\"><\/span> <span class=\"dictionary\"><\/span>of<span class=\"dictionary\"><\/span> <span class=\"dictionary\"><\/span>redistricting<span class=\"dictionary\"><\/span> <span class=\"dictionary\"><\/span>plans<span class=\"dictionary\"><\/span>, <span class=\"dictionary\"><\/span>members<span class=\"dictionary\"><\/span> <span class=\"dictionary\"><\/span>of<span class=\"dictionary\"><\/span> <span class=\"dictionary\"><\/span>the<span class=\"dictionary\"><\/span> <span class=\"dictionary\"><\/span>City<span class=\"dictionary\"><\/span> <span class=\"dictionary\"><\/span>Council<span class=\"dictionary\"><\/span> <span class=\"dictionary\"><\/span>shall<span class=\"dictionary\"><\/span><br \/>\n<span class=\"dictionary\"><\/span>have<span class=\"dictionary\"><\/span> <span class=\"dictionary\"><\/span>been<span class=\"dictionary\"><\/span> <span class=\"dictionary\"><\/span>residents<span class=\"dictionary\"><\/span> <span class=\"dictionary\"><\/span>of<span class=\"dictionary\"><\/span> <span class=\"dictionary\"><\/span>the<span class=\"dictionary\"><\/span> <span class=\"dictionary\"><\/span>districts<span class=\"dictionary\"><\/span> <span class=\"dictionary\"><\/span>they<span class=\"dictionary\"><\/span> <span class=\"dictionary\"><\/span>have<span class=\"dictionary\"><\/span> <span class=\"dictionary\"><\/span>been<span class=\"dictionary\"><\/span> <span class=\"dictionary\"><\/span>chosen<span class=\"dictionary\"><\/span> <span class=\"dictionary\"><\/span>to<span class=\"dictionary\"><\/span> <span class=\"dictionary\"><\/span>represent<span class=\"dictionary\"><\/span> <span class=\"dictionary\"><\/span>since<span class=\"dictionary\"><\/span> <span class=\"dictionary\"><\/span>the<span class=\"dictionary\"><\/span> <span class=\"dictionary\"><\/span>preceding<span class=\"dictionary\"><\/span> <span class=\"dictionary\"><\/span>July<span class=\"dictionary\"><\/span> <span class=\"dictionary\"><\/span>1<span class=\"dictionary\"><\/span>.<br \/>\n(<span class=\"dictionary\"><\/span>Initiative<span class=\"dictionary\"><\/span> (\u201c<span class=\"dictionary\"><\/span>Question<span class=\"dictionary\"><\/span> <span class=\"dictionary\"><\/span>P<span class=\"dictionary\"><\/span>\u201d), <span class=\"dictionary\"><\/span>ratified<span class=\"dictionary\"><\/span> <span class=\"dictionary\"><\/span>Nov<span class=\"dictionary\"><\/span>. <span class=\"dictionary\"><\/span>5<span class=\"dictionary\"><\/span>, <span class=\"dictionary\"><\/span>2002<span class=\"dictionary\"><\/span>.)<\/p>\n<\/p><\/section>","plain_text":"                              BALTIMORE CITY CHARTER\n\nCOUNCIL DISTRICTS. (\u00a7 III-7)\n\n(a)  Criteria for redistricting.\nThe City shall be divided by ordinance into districts for the election of\nmembers of the City\nCouncil.  The criteria in redistricting shall be equality of population,\ncontiguous territory,\ncompactness, natural boundaries, existing council district lines, and the\nstandards established by\nthe Supreme Court of the United States.\n (b)  Redistricting plan.\nFollowing each census of the United States the Mayor shall prepare a plan for\ncouncil\nredistricting.  The Mayor shall present the plan to the City Council not later\nthan the first day of\nFebruary of the first municipal election year following the census.\nAfter the Mayor\u2019s plan is presented to the City Council, the Council may adopt\nit or amend it or\nthe City Council may adopt another plan.  If no plan has been adopted by the\nCity Council within\nsixty days after the Mayor\u2019s plan is presented, the Mayor\u2019s plan shall take\neffect as the\nredistricting ordinance.\n (c)  {Vacant}\n (d)  Incumbent\u2019s residency.\nNo member of the City Council shall be required to vacate that office by reason\nof a change of\nboundary lines of that member\u2019s council district made during that member\u2019s\nterm, as long as that\nmember remains a resident of Baltimore City.\n (e)  Residency duration for next election.\nFor elections following the adoption of redistricting plans, members of the City\nCouncil shall\nhave been residents of the districts they have been chosen to represent since\nthe preceding July 1.\n(Initiative (\u201cQuestion P\u201d), ratified Nov. 5, 2002.)\n","previous_section":{"id":"95","structure_id":"3","section_number":"III-6","catch_line":"Individual vacancies.","url":"http:\/\/charter.baltimorecode.localhost\/III-6\/","api_url":"http:\/\/charter.baltimorecode.localhost\/api\/law\/III-6\/"},"text":{"0":{"id":"96","text":"(a)  Criteria for redistricting.\nThe City shall be divided by ordinance into districts for the election of members of the City\nCouncil.  The criteria in redistricting shall be equality of population, contiguous territory,\ncompactness, natural boundaries, existing council district lines, and the standards established by\nthe Supreme Court of the United States.\n (b)  Redistricting plan.\nFollowing each census of the United States the Mayor shall prepare a plan for council\nredistricting.  The Mayor shall present the plan to the City Council not later than the first day of\nFebruary of the first municipal election year following the census.\nAfter the Mayor\u2019s plan is presented to the City Council, the Council may adopt it or amend it or\nthe City Council may adopt another plan.  If no plan has been adopted by the City Council within\nsixty days after the Mayor\u2019s plan is presented, the Mayor\u2019s plan shall take effect as the\nredistricting ordinance.\n (c)  {Vacant}\n (d)  Incumbent\u2019s residency.\nNo member of the City Council shall be required to vacate that office by reason of a change of\nboundary lines of that member\u2019s council district made during that member\u2019s term, as long as that\nmember remains a resident of Baltimore City.\n (e)  Residency duration for next election.\nFor elections following the adoption of redistricting plans, members of the City Council shall\nhave been residents of the districts they have been chosen to represent since the preceding July 1.\n(Initiative (\u201cQuestion P\u201d), ratified Nov. 5, 2002.)\n","type":"section","prefixes":[""],"prefix":"","entire_prefix":"","prefix_anchor":"","level":1}}}