{"section_number":"III-2","section_id":"91","structure_id":"20","catch_line":"Members.","history":"","full_text":" (a)  Election and term.\n\n  (1)The voters shall elect the members of the City Council on the Tuesday next after the first\nMonday in November 2016, and on the same day and month in every succeeding fourth year.\n\n  (2)Their term of office shall commence on the Thursday next after the first Monday in\nDecember succeeding their election and shall continue for 4 years.\n\n (b)  Number.\n\nThe Council shall consist of fourteen members in addition to the President.  There shall be\nfourteen districts with one member elected from each district.\n\n (c)  Districts.\n\nThe election of members shall be held by council districts, and no person is entitled to vote for\nany member of the City Council other than member for the district in which the voter is\nregistered.\n(Res. 99-016, ratified Nov. 2, 1999; Initiative (\u201cQuestion P\u201d), ratified Nov. 5, 2002; Res. 04-049,\nratified Nov. 2, 2004; Res. 12-003, ratified Nov. 6, 2012.)\r\r","ancestry":{"1":{"id":"20","name":"City Council","identifier":"III","label":"article","url":"http:\/\/charter.baltimorecode\/III\/"}},"structure_contents":{"0":{"id":"85","structure_id":"20","section_number":"III-1","catch_line":"Legislative Department; qualification and salary of members.","url":"http:\/\/charter.baltimorecode\/III-1\/","api_url":"http:\/\/charter.baltimorecode\/api\/law\/III-1\/"},"1":{"id":"91","structure_id":"20","section_number":"III-2","catch_line":"Members.","url":"http:\/\/charter.baltimorecode\/III-2\/","api_url":"http:\/\/charter.baltimorecode\/api\/law\/III-2\/"},"2":{"id":"92","structure_id":"20","section_number":"III-3","catch_line":"President.","url":"http:\/\/charter.baltimorecode\/III-3\/","api_url":"http:\/\/charter.baltimorecode\/api\/law\/III-3\/"},"3":{"id":"93","structure_id":"20","section_number":"III-4","catch_line":"Vacancy in presidency.","url":"http:\/\/charter.baltimorecode\/III-4\/","api_url":"http:\/\/charter.baltimorecode\/api\/law\/III-4\/"},"4":{"id":"94","structure_id":"20","section_number":"III-5","catch_line":"Emergency vacancies.","url":"http:\/\/charter.baltimorecode\/III-5\/","api_url":"http:\/\/charter.baltimorecode\/api\/law\/III-5\/"},"5":{"id":"95","structure_id":"20","section_number":"III-6","catch_line":"Individual vacancies.","url":"http:\/\/charter.baltimorecode\/III-6\/","api_url":"http:\/\/charter.baltimorecode\/api\/law\/III-6\/"},"6":{"id":"96","structure_id":"20","section_number":"III-7","catch_line":"Council districts.","url":"http:\/\/charter.baltimorecode\/III-7\/","api_url":"http:\/\/charter.baltimorecode\/api\/law\/III-7\/"},"7":{"id":"97","structure_id":"20","section_number":"III-8","catch_line":"Sessions.","url":"http:\/\/charter.baltimorecode\/III-8\/","api_url":"http:\/\/charter.baltimorecode\/api\/law\/III-8\/"},"8":{"id":"98","structure_id":"20","section_number":"III-9","catch_line":"Floor privileges of municipal officers.","url":"http:\/\/charter.baltimorecode\/III-9\/","api_url":"http:\/\/charter.baltimorecode\/api\/law\/III-9\/"},"9":{"id":"86","structure_id":"20","section_number":"III-10","catch_line":"Procedures; Council officers.","url":"http:\/\/charter.baltimorecode\/III-10\/","api_url":"http:\/\/charter.baltimorecode\/api\/law\/III-10\/"},"10":{"id":"87","structure_id":"20","section_number":"III-11","catch_line":"Legislative powers.","url":"http:\/\/charter.baltimorecode\/III-11\/","api_url":"http:\/\/charter.baltimorecode\/api\/law\/III-11\/"},"11":{"id":"88","structure_id":"20","section_number":"III-12","catch_line":"Evidence of legislative acts.","url":"http:\/\/charter.baltimorecode\/III-12\/","api_url":"http:\/\/charter.baltimorecode\/api\/law\/III-12\/"},"12":{"id":"89","structure_id":"20","section_number":"III-13","catch_line":"Style of ordinances.","url":"http:\/\/charter.baltimorecode\/III-13\/","api_url":"http:\/\/charter.baltimorecode\/api\/law\/III-13\/"},"13":{"id":"90","structure_id":"20","section_number":"III-14","catch_line":"Passage of ordinances and resolutions.","url":"http:\/\/charter.baltimorecode\/III-14\/","api_url":"http:\/\/charter.baltimorecode\/api\/law\/III-14\/"}},"next_section":{"id":"92","structure_id":"20","section_number":"III-3","catch_line":"President.","url":"http:\/\/charter.baltimorecode\/III-3\/","api_url":"http:\/\/charter.baltimorecode\/api\/law\/III-3\/"},"references":false,"url":"http:\/\/charter.baltimorecode\/III-2\/","dublin_core":{"Title":"Members.","Type":"Text","Format":"text\/html","Identifier":"\u00a7 III-2","Relation":"Baltimore City Charter"},"html":"\n\t\t\t\t\t<section><p><p>(<span class=\"dictionary\"><\/span>a<span class=\"dictionary\"><\/span>)  <span class=\"dictionary\"><\/span>Election<span class=\"dictionary\"><\/span> <span class=\"dictionary\"><\/span>and<span class=\"dictionary\"><\/span> <span class=\"dictionary\"><\/span>term<span class=\"dictionary\"><\/span>.<\/p>\n<p>  (<span class=\"dictionary\"><\/span>1<span class=\"dictionary\"><\/span>)<span class=\"dictionary\"><\/span>The<span class=\"dictionary\"><\/span> <span class=\"dictionary\"><\/span>voters<span class=\"dictionary\"><\/span> <span class=\"dictionary\"><\/span>shall<span class=\"dictionary\"><\/span> <span class=\"dictionary\"><\/span>elect<span class=\"dictionary\"><\/span> <span class=\"dictionary\"><\/span>the<span class=\"dictionary\"><\/span> <span class=\"dictionary\"><\/span>members<span class=\"dictionary\"><\/span> <span class=\"dictionary\"><\/span>of<span class=\"dictionary\"><\/span> <span class=\"dictionary\"><\/span>the<span class=\"dictionary\"><\/span> <span class=\"dictionary\"><\/span>City<span class=\"dictionary\"><\/span> <span class=\"dictionary\"><\/span>Council<span class=\"dictionary\"><\/span> <span class=\"dictionary\"><\/span>on<span class=\"dictionary\"><\/span> <span class=\"dictionary\"><\/span>the<span class=\"dictionary\"><\/span> <span class=\"dictionary\"><\/span>Tuesday<span class=\"dictionary\"><\/span> <span class=\"dictionary\"><\/span>next<span class=\"dictionary\"><\/span> <span class=\"dictionary\"><\/span>after<span class=\"dictionary\"><\/span> <span class=\"dictionary\"><\/span>the<span class=\"dictionary\"><\/span> <span class=\"dictionary\"><\/span>first<span class=\"dictionary\"><\/span><br \/>\n<span class=\"dictionary\"><\/span>Monday<span class=\"dictionary\"><\/span> <span class=\"dictionary\"><\/span>in<span class=\"dictionary\"><\/span> <span class=\"dictionary\"><\/span>November<span class=\"dictionary\"><\/span> <span class=\"dictionary\"><\/span>2016<span class=\"dictionary\"><\/span>, <span class=\"dictionary\"><\/span>and<span class=\"dictionary\"><\/span> <span class=\"dictionary\"><\/span>on<span class=\"dictionary\"><\/span> <span class=\"dictionary\"><\/span>the<span class=\"dictionary\"><\/span> <span class=\"dictionary\"><\/span>same<span class=\"dictionary\"><\/span> <span class=\"dictionary\"><\/span>day<span class=\"dictionary\"><\/span> <span class=\"dictionary\"><\/span>and<span class=\"dictionary\"><\/span> <span class=\"dictionary\"><\/span>month<span class=\"dictionary\"><\/span> <span class=\"dictionary\"><\/span>in<span class=\"dictionary\"><\/span> <span class=\"dictionary\"><\/span>every<span class=\"dictionary\"><\/span> <span class=\"dictionary\"><\/span>succeeding<span class=\"dictionary\"><\/span> <span class=\"dictionary\"><\/span>fourth<span class=\"dictionary\"><\/span> <span class=\"dictionary\"><\/span>year<span class=\"dictionary\"><\/span>.<\/p>\n<p>  (<span class=\"dictionary\"><\/span>2<span class=\"dictionary\"><\/span>)<span class=\"dictionary\"><\/span>Their<span class=\"dictionary\"><\/span> <span class=\"dictionary\"><\/span>term<span class=\"dictionary\"><\/span> <span class=\"dictionary\"><\/span>of<span class=\"dictionary\"><\/span> <span class=\"dictionary\"><\/span>office<span class=\"dictionary\"><\/span> <span class=\"dictionary\"><\/span>shall<span class=\"dictionary\"><\/span> <span class=\"dictionary\"><\/span>commence<span class=\"dictionary\"><\/span> <span class=\"dictionary\"><\/span>on<span class=\"dictionary\"><\/span> <span class=\"dictionary\"><\/span>the<span class=\"dictionary\"><\/span> <span class=\"dictionary\"><\/span>Thursday<span class=\"dictionary\"><\/span> <span class=\"dictionary\"><\/span>next<span class=\"dictionary\"><\/span> <span class=\"dictionary\"><\/span>after<span class=\"dictionary\"><\/span> <span class=\"dictionary\"><\/span>the<span class=\"dictionary\"><\/span> <span class=\"dictionary\"><\/span>first<span class=\"dictionary\"><\/span> <span class=\"dictionary\"><\/span>Monday<span class=\"dictionary\"><\/span> <span class=\"dictionary\"><\/span>in<span class=\"dictionary\"><\/span><br \/>\n<span class=\"dictionary\"><\/span>December<span class=\"dictionary\"><\/span> <span class=\"dictionary\"><\/span>succeeding<span class=\"dictionary\"><\/span> <span class=\"dictionary\"><\/span>their<span class=\"dictionary\"><\/span> <span class=\"dictionary\"><\/span>election<span class=\"dictionary\"><\/span> <span class=\"dictionary\"><\/span>and<span class=\"dictionary\"><\/span> <span class=\"dictionary\"><\/span>shall<span class=\"dictionary\"><\/span> <span class=\"dictionary\"><\/span>continue<span class=\"dictionary\"><\/span> <span class=\"dictionary\"><\/span>for<span class=\"dictionary\"><\/span> <span class=\"dictionary\"><\/span>4<span class=\"dictionary\"><\/span> <span class=\"dictionary\"><\/span>years<span class=\"dictionary\"><\/span>.<\/p>\n<p> (<span class=\"dictionary\"><\/span>b<span class=\"dictionary\"><\/span>)  <span class=\"dictionary\"><\/span>Number<span class=\"dictionary\"><\/span>.<\/p>\n<p><span class=\"dictionary\"><\/span>The<span class=\"dictionary\"><\/span> <span class=\"dictionary\"><\/span>Council<span class=\"dictionary\"><\/span> <span class=\"dictionary\"><\/span>shall<span class=\"dictionary\"><\/span> <span class=\"dictionary\"><\/span>consist<span class=\"dictionary\"><\/span> <span class=\"dictionary\"><\/span>of<span class=\"dictionary\"><\/span> <span class=\"dictionary\"><\/span>fourteen<span class=\"dictionary\"><\/span> <span class=\"dictionary\"><\/span>members<span class=\"dictionary\"><\/span> <span class=\"dictionary\"><\/span>in<span class=\"dictionary\"><\/span> <span class=\"dictionary\"><\/span>addition<span class=\"dictionary\"><\/span> <span class=\"dictionary\"><\/span>to<span class=\"dictionary\"><\/span> <span class=\"dictionary\"><\/span>the<span class=\"dictionary\"><\/span> <span class=\"dictionary\"><\/span>President<span class=\"dictionary\"><\/span>.  <span class=\"dictionary\"><\/span>There<span class=\"dictionary\"><\/span> <span class=\"dictionary\"><\/span>shall<span class=\"dictionary\"><\/span> <span class=\"dictionary\"><\/span>be<span class=\"dictionary\"><\/span><br \/>\n<span class=\"dictionary\"><\/span>fourteen<span class=\"dictionary\"><\/span> <span class=\"dictionary\"><\/span>districts<span class=\"dictionary\"><\/span> <span class=\"dictionary\"><\/span>with<span class=\"dictionary\"><\/span> <span class=\"dictionary\"><\/span>one<span class=\"dictionary\"><\/span> <span class=\"dictionary\"><\/span>member<span class=\"dictionary\"><\/span> <span class=\"dictionary\"><\/span>elected<span class=\"dictionary\"><\/span> <span class=\"dictionary\"><\/span>from<span class=\"dictionary\"><\/span> <span class=\"dictionary\"><\/span>each<span class=\"dictionary\"><\/span> <span class=\"dictionary\"><\/span>district<span class=\"dictionary\"><\/span>.<\/p>\n<p> (<span class=\"dictionary\"><\/span>c<span class=\"dictionary\"><\/span>)  <span class=\"dictionary\"><\/span>Districts<span class=\"dictionary\"><\/span>.<\/p>\n<p><span class=\"dictionary\"><\/span>The<span class=\"dictionary\"><\/span> <span class=\"dictionary\"><\/span>election<span class=\"dictionary\"><\/span> <span class=\"dictionary\"><\/span>of<span class=\"dictionary\"><\/span> <span class=\"dictionary\"><\/span>members<span class=\"dictionary\"><\/span> <span class=\"dictionary\"><\/span>shall<span class=\"dictionary\"><\/span> <span class=\"dictionary\"><\/span>be<span class=\"dictionary\"><\/span> <span class=\"dictionary\"><\/span>held<span class=\"dictionary\"><\/span> <span class=\"dictionary\"><\/span>by<span class=\"dictionary\"><\/span> <span class=\"dictionary\"><\/span>council<span class=\"dictionary\"><\/span> <span class=\"dictionary\"><\/span>districts<span class=\"dictionary\"><\/span>, <span class=\"dictionary\"><\/span>and<span class=\"dictionary\"><\/span> <span class=\"dictionary\"><\/span>no<span class=\"dictionary\"><\/span> <span class=\"dictionary\"><\/span>person<span class=\"dictionary\"><\/span> <span class=\"dictionary\"><\/span>is<span class=\"dictionary\"><\/span> <span class=\"dictionary\"><\/span>entitled<span class=\"dictionary\"><\/span> <span class=\"dictionary\"><\/span>to<span class=\"dictionary\"><\/span> <span class=\"dictionary\"><\/span>vote<span class=\"dictionary\"><\/span> <span class=\"dictionary\"><\/span>for<span class=\"dictionary\"><\/span><br \/>\n<span class=\"dictionary\"><\/span>any<span class=\"dictionary\"><\/span> <span class=\"dictionary\"><\/span>member<span class=\"dictionary\"><\/span> <span class=\"dictionary\"><\/span>of<span class=\"dictionary\"><\/span> <span class=\"dictionary\"><\/span>the<span class=\"dictionary\"><\/span> <span class=\"dictionary\"><\/span>City<span class=\"dictionary\"><\/span> <span class=\"dictionary\"><\/span>Council<span class=\"dictionary\"><\/span> <span class=\"dictionary\"><\/span>other<span class=\"dictionary\"><\/span> <span class=\"dictionary\"><\/span>than<span class=\"dictionary\"><\/span> <span class=\"dictionary\"><\/span>member<span class=\"dictionary\"><\/span> <span class=\"dictionary\"><\/span>for<span class=\"dictionary\"><\/span> <span class=\"dictionary\"><\/span>the<span class=\"dictionary\"><\/span> <span class=\"dictionary\"><\/span>district<span class=\"dictionary\"><\/span> <span class=\"dictionary\"><\/span>in<span class=\"dictionary\"><\/span> <span class=\"dictionary\"><\/span>which<span class=\"dictionary\"><\/span> <span class=\"dictionary\"><\/span>the<span class=\"dictionary\"><\/span> <span class=\"dictionary\"><\/span>voter<span class=\"dictionary\"><\/span> <span class=\"dictionary\"><\/span>is<span class=\"dictionary\"><\/span><br \/>\n<span class=\"dictionary\"><\/span>registered<span class=\"dictionary\"><\/span>.<br \/>\n(<span class=\"dictionary\"><\/span>Res<span class=\"dictionary\"><\/span>. <span class=\"dictionary\"><\/span>99<span class=\"dictionary\"><\/span>-<span class=\"dictionary\"><\/span>016<span class=\"dictionary\"><\/span>, <span class=\"dictionary\"><\/span>ratified<span class=\"dictionary\"><\/span> <span class=\"dictionary\"><\/span>Nov<span class=\"dictionary\"><\/span>. <span class=\"dictionary\"><\/span>2<span class=\"dictionary\"><\/span>, <span class=\"dictionary\"><\/span>1999<span class=\"dictionary\"><\/span>; <span class=\"dictionary\"><\/span>Initiative<span class=\"dictionary\"><\/span> (\u201c<span class=\"dictionary\"><\/span>Question<span class=\"dictionary\"><\/span> <span class=\"dictionary\"><\/span>P<span class=\"dictionary\"><\/span>\u201d), <span class=\"dictionary\"><\/span>ratified<span class=\"dictionary\"><\/span> <span class=\"dictionary\"><\/span>Nov<span class=\"dictionary\"><\/span>. <span class=\"dictionary\"><\/span>5<span class=\"dictionary\"><\/span>, <span class=\"dictionary\"><\/span>2002<span class=\"dictionary\"><\/span>; <span class=\"dictionary\"><\/span>Res<span class=\"dictionary\"><\/span>. <span class=\"dictionary\"><\/span>04<span class=\"dictionary\"><\/span>-<span class=\"dictionary\"><\/span>049<span class=\"dictionary\"><\/span>,<br \/>\n<span class=\"dictionary\"><\/span>ratified<span class=\"dictionary\"><\/span> <span class=\"dictionary\"><\/span>Nov<span class=\"dictionary\"><\/span>. <span class=\"dictionary\"><\/span>2<span class=\"dictionary\"><\/span>, <span class=\"dictionary\"><\/span>2004<span class=\"dictionary\"><\/span>; <span class=\"dictionary\"><\/span>Res<span class=\"dictionary\"><\/span>. <span class=\"dictionary\"><\/span>12<span class=\"dictionary\"><\/span>-<span class=\"dictionary\"><\/span>003<span class=\"dictionary\"><\/span>, <span class=\"dictionary\"><\/span>ratified<span class=\"dictionary\"><\/span> <span class=\"dictionary\"><\/span>Nov<span class=\"dictionary\"><\/span>. <span class=\"dictionary\"><\/span>6<span class=\"dictionary\"><\/span>, <span class=\"dictionary\"><\/span>2012<span class=\"dictionary\"><\/span>.)<\/p>\n<\/p><\/section>","plain_text":"                              BALTIMORE CITY CHARTER\n\nMEMBERS. (\u00a7 III-2)\n\n(a)  Election and term.\n  (1)The voters shall elect the members of the City Council on the Tuesday next\nafter the first\nMonday in November 2016, and on the same day and month in every succeeding\nfourth year.\n  (2)Their term of office shall commence on the Thursday next after the first\nMonday in\nDecember succeeding their election and shall continue for 4 years.\n (b)  Number.\nThe Council shall consist of fourteen members in addition to the President. \nThere shall be\nfourteen districts with one member elected from each district.\n (c)  Districts.\nThe election of members shall be held by council districts, and no person is\nentitled to vote for\nany member of the City Council other than member for the district in which the\nvoter is\nregistered.\n(Res. 99-016, ratified Nov. 2, 1999; Initiative (\u201cQuestion P\u201d), ratified\nNov. 5, 2002; Res. 04-049,\nratified Nov. 2, 2004; Res. 12-003, ratified Nov. 6, 2012.)\n","text":{"0":{"id":"91","text":"(a)  Election and term.\n  (1)The voters shall elect the members of the City Council on the Tuesday next after the first\nMonday in November 2016, and on the same day and month in every succeeding fourth year.\n  (2)Their term of office shall commence on the Thursday next after the first Monday in\nDecember succeeding their election and shall continue for 4 years.\n (b)  Number.\nThe Council shall consist of fourteen members in addition to the President.  There shall be\nfourteen districts with one member elected from each district.\n (c)  Districts.\nThe election of members shall be held by council districts, and no person is entitled to vote for\nany member of the City Council other than member for the district in which the voter is\nregistered.\n(Res. 99-016, ratified Nov. 2, 1999; Initiative (\u201cQuestion P\u201d), ratified Nov. 5, 2002; Res. 04-049,\nratified Nov. 2, 2004; Res. 12-003, ratified Nov. 6, 2012.)\n","type":"section","prefixes":[""],"prefix":"","entire_prefix":"","prefix_anchor":"","level":1}},"previous_section":{"id":"85","structure_id":"20","section_number":"III-1","catch_line":"Legislative Department; qualification and salary of members.","url":"http:\/\/charter.baltimorecode\/III-1\/","api_url":"http:\/\/charter.baltimorecode\/api\/law\/III-1\/"}}