{"section_number":"IX-2","section_id":"108","structure_id":"22","catch_line":"Final effective date.","history":"","full_text":" The new Charter shall, except as hereinafter provided, become fully effective as to all its provisions\non July 1, 1996.  All municipal officials shall do such acts as may be necessary or convenient in\npreparation for the new Charter\u2019s becoming effective.\r\r","ancestry":{"1":{"id":"22","name":"Transition Provisions","identifier":"IX","label":"article","url":"http:\/\/charter.baltimorecode\/IX\/"}},"structure_contents":{"0":{"id":"107","structure_id":"22","section_number":"IX-1","catch_line":"Terminology.","url":"http:\/\/charter.baltimorecode\/IX-1\/","api_url":"http:\/\/charter.baltimorecode\/api\/law\/IX-1\/"},"1":{"id":"108","structure_id":"22","section_number":"IX-2","catch_line":"Final effective date.","url":"http:\/\/charter.baltimorecode\/IX-2\/","api_url":"http:\/\/charter.baltimorecode\/api\/law\/IX-2\/"},"2":{"id":"109","structure_id":"22","section_number":"IX-3","catch_line":"Advanced effective dates.","url":"http:\/\/charter.baltimorecode\/IX-3\/","api_url":"http:\/\/charter.baltimorecode\/api\/law\/IX-3\/"},"3":{"id":"110","structure_id":"22","section_number":"IX-4","catch_line":"Existing employees.","url":"http:\/\/charter.baltimorecode\/IX-4\/","api_url":"http:\/\/charter.baltimorecode\/api\/law\/IX-4\/"},"4":{"id":"111","structure_id":"22","section_number":"IX-5","catch_line":"Records and funds.","url":"http:\/\/charter.baltimorecode\/IX-5\/","api_url":"http:\/\/charter.baltimorecode\/api\/law\/IX-5\/"},"5":{"id":"112","structure_id":"22","section_number":"IX-6","catch_line":"Ordinances, orders, regulations.","url":"http:\/\/charter.baltimorecode\/IX-6\/","api_url":"http:\/\/charter.baltimorecode\/api\/law\/IX-6\/"},"6":{"id":"113","structure_id":"22","section_number":"IX-7","catch_line":"Contracts and obligations.","url":"http:\/\/charter.baltimorecode\/IX-7\/","api_url":"http:\/\/charter.baltimorecode\/api\/law\/IX-7\/"},"7":{"id":"114","structure_id":"22","section_number":"IX-8","catch_line":"New terms for boards and commissions.","url":"http:\/\/charter.baltimorecode\/IX-8\/","api_url":"http:\/\/charter.baltimorecode\/api\/law\/IX-8\/"}},"next_section":{"id":"109","structure_id":"22","section_number":"IX-3","catch_line":"Advanced effective dates.","url":"http:\/\/charter.baltimorecode\/IX-3\/","api_url":"http:\/\/charter.baltimorecode\/api\/law\/IX-3\/"},"references":false,"url":"http:\/\/charter.baltimorecode\/IX-2\/","dublin_core":{"Title":"Final effective date.","Type":"Text","Format":"text\/html","Identifier":"\u00a7 IX-2","Relation":"Baltimore City Charter"},"html":"\n\t\t\t\t\t<section><p><p><span class=\"dictionary\"><\/span>The<span class=\"dictionary\"><\/span> <span class=\"dictionary\"><\/span>new<span class=\"dictionary\"><\/span> <span class=\"dictionary\"><\/span>Charter<span class=\"dictionary\"><\/span> <span class=\"dictionary\"><\/span>shall<span class=\"dictionary\"><\/span>, <span class=\"dictionary\"><\/span>except<span class=\"dictionary\"><\/span> <span class=\"dictionary\"><\/span>as<span class=\"dictionary\"><\/span> <span class=\"dictionary\"><\/span>hereinafter<span class=\"dictionary\"><\/span> <span class=\"dictionary\"><\/span>provided<span class=\"dictionary\"><\/span>, <span class=\"dictionary\"><\/span>become<span class=\"dictionary\"><\/span> <span class=\"dictionary\"><\/span>fully<span class=\"dictionary\"><\/span> <span class=\"dictionary\"><\/span>effective<span class=\"dictionary\"><\/span> <span class=\"dictionary\"><\/span>as<span class=\"dictionary\"><\/span> <span class=\"dictionary\"><\/span>to<span class=\"dictionary\"><\/span> <span class=\"dictionary\"><\/span>all<span class=\"dictionary\"><\/span> <span class=\"dictionary\"><\/span>its<span class=\"dictionary\"><\/span> <span class=\"dictionary\"><\/span>provisions<span class=\"dictionary\"><\/span><br \/>\n<span class=\"dictionary\"><\/span>on<span class=\"dictionary\"><\/span> <span class=\"dictionary\"><\/span>July<span class=\"dictionary\"><\/span> <span class=\"dictionary\"><\/span>1<span class=\"dictionary\"><\/span>, <span class=\"dictionary\"><\/span>1996<span class=\"dictionary\"><\/span>.  <span class=\"dictionary\"><\/span>All<span class=\"dictionary\"><\/span> <span class=\"dictionary\"><\/span>municipal<span class=\"dictionary\"><\/span> <span class=\"dictionary\"><\/span>officials<span class=\"dictionary\"><\/span> <span class=\"dictionary\"><\/span>shall<span class=\"dictionary\"><\/span> <span class=\"dictionary\"><\/span>do<span class=\"dictionary\"><\/span> <span class=\"dictionary\"><\/span>such<span class=\"dictionary\"><\/span> <span class=\"dictionary\"><\/span>acts<span class=\"dictionary\"><\/span> <span class=\"dictionary\"><\/span>as<span class=\"dictionary\"><\/span> <span class=\"dictionary\"><\/span>may<span class=\"dictionary\"><\/span> <span class=\"dictionary\"><\/span>be<span class=\"dictionary\"><\/span> <span class=\"dictionary\"><\/span>necessary<span class=\"dictionary\"><\/span> <span class=\"dictionary\"><\/span>or<span class=\"dictionary\"><\/span> <span class=\"dictionary\"><\/span>convenient<span class=\"dictionary\"><\/span> <span class=\"dictionary\"><\/span>in<span class=\"dictionary\"><\/span><br \/>\n<span class=\"dictionary\"><\/span>preparation<span class=\"dictionary\"><\/span> <span class=\"dictionary\"><\/span>for<span class=\"dictionary\"><\/span> <span class=\"dictionary\"><\/span>the<span class=\"dictionary\"><\/span> <span class=\"dictionary\"><\/span>new<span class=\"dictionary\"><\/span> <span class=\"dictionary\"><\/span>Charter<span class=\"dictionary\"><\/span>\u2019<span class=\"dictionary\">s<\/span><span class=\"dictionary\"><\/span> <span class=\"dictionary\"><\/span>becoming<span class=\"dictionary\"><\/span> <span class=\"dictionary\"><\/span>effective<span class=\"dictionary\"><\/span>.<\/p>\n<\/p><\/section>","plain_text":"                              BALTIMORE CITY CHARTER\n\nFINAL EFFECTIVE DATE. (\u00a7 IX-2)\n\nThe new Charter shall, except as hereinafter provided, become fully effective as\nto all its provisions\non July 1, 1996.  All municipal officials shall do such acts as may be necessary\nor convenient in\npreparation for the new Charter\u2019s becoming effective.\n","previous_section":{"id":"107","structure_id":"22","section_number":"IX-1","catch_line":"Terminology.","url":"http:\/\/charter.baltimorecode\/IX-1\/","api_url":"http:\/\/charter.baltimorecode\/api\/law\/IX-1\/"},"text":{"0":{"id":"108","text":"The new Charter shall, except as hereinafter provided, become fully effective as to all its provisions\non July 1, 1996.  All municipal officials shall do such acts as may be necessary or convenient in\npreparation for the new Charter\u2019s becoming effective.\n","type":"section","prefixes":[""],"prefix":"","entire_prefix":"","prefix_anchor":"","level":1}}}