{"section_number":"IX-3","section_id":"109","structure_id":"22","catch_line":"Advanced effective dates.","history":"","full_text":" By resolution, the Board of Estimates may make effective any provision or provisions of the new\nCharter as of any date from and after the thirtieth day after the election at which the new Charter is\napproved by the voters and prior to July 1, 1996, in which case, to the extent of any inconsistency or\nconflict between such provision or provisions of the new Charter and the old Charter, the provision\nor provisions of the new Charter shall prevail.\r\r","ancestry":{"1":{"id":"22","name":"Transition Provisions","identifier":"IX","label":"article","url":"http:\/\/charter.baltimorecode\/IX\/"}},"structure_contents":{"0":{"id":"107","structure_id":"22","section_number":"IX-1","catch_line":"Terminology.","url":"http:\/\/charter.baltimorecode\/IX-1\/","api_url":"http:\/\/charter.baltimorecode\/api\/law\/IX-1\/"},"1":{"id":"108","structure_id":"22","section_number":"IX-2","catch_line":"Final effective date.","url":"http:\/\/charter.baltimorecode\/IX-2\/","api_url":"http:\/\/charter.baltimorecode\/api\/law\/IX-2\/"},"2":{"id":"109","structure_id":"22","section_number":"IX-3","catch_line":"Advanced effective dates.","url":"http:\/\/charter.baltimorecode\/IX-3\/","api_url":"http:\/\/charter.baltimorecode\/api\/law\/IX-3\/"},"3":{"id":"110","structure_id":"22","section_number":"IX-4","catch_line":"Existing employees.","url":"http:\/\/charter.baltimorecode\/IX-4\/","api_url":"http:\/\/charter.baltimorecode\/api\/law\/IX-4\/"},"4":{"id":"111","structure_id":"22","section_number":"IX-5","catch_line":"Records and funds.","url":"http:\/\/charter.baltimorecode\/IX-5\/","api_url":"http:\/\/charter.baltimorecode\/api\/law\/IX-5\/"},"5":{"id":"112","structure_id":"22","section_number":"IX-6","catch_line":"Ordinances, orders, regulations.","url":"http:\/\/charter.baltimorecode\/IX-6\/","api_url":"http:\/\/charter.baltimorecode\/api\/law\/IX-6\/"},"6":{"id":"113","structure_id":"22","section_number":"IX-7","catch_line":"Contracts and obligations.","url":"http:\/\/charter.baltimorecode\/IX-7\/","api_url":"http:\/\/charter.baltimorecode\/api\/law\/IX-7\/"},"7":{"id":"114","structure_id":"22","section_number":"IX-8","catch_line":"New terms for boards and commissions.","url":"http:\/\/charter.baltimorecode\/IX-8\/","api_url":"http:\/\/charter.baltimorecode\/api\/law\/IX-8\/"}},"next_section":{"id":"110","structure_id":"22","section_number":"IX-4","catch_line":"Existing employees.","url":"http:\/\/charter.baltimorecode\/IX-4\/","api_url":"http:\/\/charter.baltimorecode\/api\/law\/IX-4\/"},"references":false,"url":"http:\/\/charter.baltimorecode\/IX-3\/","dublin_core":{"Title":"Advanced effective dates.","Type":"Text","Format":"text\/html","Identifier":"\u00a7 IX-3","Relation":"Baltimore City Charter"},"html":"\n\t\t\t\t\t<section><p><p><span class=\"dictionary\"><\/span>By<span class=\"dictionary\"><\/span> <span class=\"dictionary\"><\/span>resolution<span class=\"dictionary\"><\/span>, <span class=\"dictionary\"><\/span>the<span class=\"dictionary\"><\/span> <span class=\"dictionary\"><\/span>Board<span class=\"dictionary\"><\/span> <span class=\"dictionary\"><\/span>of<span class=\"dictionary\"><\/span> <span class=\"dictionary\"><\/span>Estimates<span class=\"dictionary\"><\/span> <span class=\"dictionary\"><\/span>may<span class=\"dictionary\"><\/span> <span class=\"dictionary\"><\/span>make<span class=\"dictionary\"><\/span> <span class=\"dictionary\"><\/span>effective<span class=\"dictionary\"><\/span> <span class=\"dictionary\"><\/span>any<span class=\"dictionary\"><\/span> <span class=\"dictionary\"><\/span>provision<span class=\"dictionary\"><\/span> <span class=\"dictionary\"><\/span>or<span class=\"dictionary\"><\/span> <span class=\"dictionary\"><\/span>provisions<span class=\"dictionary\"><\/span> <span class=\"dictionary\"><\/span>of<span class=\"dictionary\"><\/span> <span class=\"dictionary\"><\/span>the<span class=\"dictionary\"><\/span> <span class=\"dictionary\"><\/span>new<span class=\"dictionary\"><\/span><br \/>\n<span class=\"dictionary\"><\/span>Charter<span class=\"dictionary\"><\/span> <span class=\"dictionary\"><\/span>as<span class=\"dictionary\"><\/span> <span class=\"dictionary\"><\/span>of<span class=\"dictionary\"><\/span> <span class=\"dictionary\"><\/span>any<span class=\"dictionary\"><\/span> <span class=\"dictionary\"><\/span>date<span class=\"dictionary\"><\/span> <span class=\"dictionary\"><\/span>from<span class=\"dictionary\"><\/span> <span class=\"dictionary\"><\/span>and<span class=\"dictionary\"><\/span> <span class=\"dictionary\"><\/span>after<span class=\"dictionary\"><\/span> <span class=\"dictionary\"><\/span>the<span class=\"dictionary\"><\/span> <span class=\"dictionary\"><\/span>thirtieth<span class=\"dictionary\"><\/span> <span class=\"dictionary\"><\/span>day<span class=\"dictionary\"><\/span> <span class=\"dictionary\"><\/span>after<span class=\"dictionary\"><\/span> <span class=\"dictionary\"><\/span>the<span class=\"dictionary\"><\/span> <span class=\"dictionary\"><\/span>election<span class=\"dictionary\"><\/span> <span class=\"dictionary\"><\/span>at<span class=\"dictionary\"><\/span> <span class=\"dictionary\"><\/span>which<span class=\"dictionary\"><\/span> <span class=\"dictionary\"><\/span>the<span class=\"dictionary\"><\/span> <span class=\"dictionary\"><\/span>new<span class=\"dictionary\"><\/span> <span class=\"dictionary\"><\/span>Charter<span class=\"dictionary\"><\/span> <span class=\"dictionary\"><\/span>is<span class=\"dictionary\"><\/span><br \/>\n<span class=\"dictionary\"><\/span>approved<span class=\"dictionary\"><\/span> <span class=\"dictionary\"><\/span>by<span class=\"dictionary\"><\/span> <span class=\"dictionary\"><\/span>the<span class=\"dictionary\"><\/span> <span class=\"dictionary\"><\/span>voters<span class=\"dictionary\"><\/span> <span class=\"dictionary\"><\/span>and<span class=\"dictionary\"><\/span> <span class=\"dictionary\"><\/span>prior<span class=\"dictionary\"><\/span> <span class=\"dictionary\"><\/span>to<span class=\"dictionary\"><\/span> <span class=\"dictionary\"><\/span>July<span class=\"dictionary\"><\/span> <span class=\"dictionary\"><\/span>1<span class=\"dictionary\"><\/span>, <span class=\"dictionary\"><\/span>1996<span class=\"dictionary\"><\/span>, <span class=\"dictionary\"><\/span>in<span class=\"dictionary\"><\/span> <span class=\"dictionary\"><\/span>which<span class=\"dictionary\"><\/span> <span class=\"dictionary\"><\/span>case<span class=\"dictionary\"><\/span>, <span class=\"dictionary\"><\/span>to<span class=\"dictionary\"><\/span> <span class=\"dictionary\"><\/span>the<span class=\"dictionary\"><\/span> <span class=\"dictionary\"><\/span>extent<span class=\"dictionary\"><\/span> <span class=\"dictionary\"><\/span>of<span class=\"dictionary\"><\/span> <span class=\"dictionary\"><\/span>any<span class=\"dictionary\"><\/span> <span class=\"dictionary\"><\/span>inconsistency<span class=\"dictionary\"><\/span> <span class=\"dictionary\"><\/span>or<span class=\"dictionary\"><\/span><br \/>\n<span class=\"dictionary\"><\/span>conflict<span class=\"dictionary\"><\/span> <span class=\"dictionary\"><\/span>between<span class=\"dictionary\"><\/span> <span class=\"dictionary\"><\/span>such<span class=\"dictionary\"><\/span> <span class=\"dictionary\"><\/span>provision<span class=\"dictionary\"><\/span> <span class=\"dictionary\"><\/span>or<span class=\"dictionary\"><\/span> <span class=\"dictionary\"><\/span>provisions<span class=\"dictionary\"><\/span> <span class=\"dictionary\"><\/span>of<span class=\"dictionary\"><\/span> <span class=\"dictionary\"><\/span>the<span class=\"dictionary\"><\/span> <span class=\"dictionary\"><\/span>new<span class=\"dictionary\"><\/span> <span class=\"dictionary\"><\/span>Charter<span class=\"dictionary\"><\/span> <span class=\"dictionary\"><\/span>and<span class=\"dictionary\"><\/span> <span class=\"dictionary\"><\/span>the<span class=\"dictionary\"><\/span> <span class=\"dictionary\"><\/span>old<span class=\"dictionary\"><\/span> <span class=\"dictionary\"><\/span>Charter<span class=\"dictionary\"><\/span>, <span class=\"dictionary\"><\/span>the<span class=\"dictionary\"><\/span> <span class=\"dictionary\"><\/span>provision<span class=\"dictionary\"><\/span><br \/>\n<span class=\"dictionary\"><\/span>or<span class=\"dictionary\"><\/span> <span class=\"dictionary\"><\/span>provisions<span class=\"dictionary\"><\/span> <span class=\"dictionary\"><\/span>of<span class=\"dictionary\"><\/span> <span class=\"dictionary\"><\/span>the<span class=\"dictionary\"><\/span> <span class=\"dictionary\"><\/span>new<span class=\"dictionary\"><\/span> <span class=\"dictionary\"><\/span>Charter<span class=\"dictionary\"><\/span> <span class=\"dictionary\"><\/span>shall<span class=\"dictionary\"><\/span> <span class=\"dictionary\"><\/span>prevail<span class=\"dictionary\"><\/span>.<\/p>\n<\/p><\/section>","plain_text":"                              BALTIMORE CITY CHARTER\n\nADVANCED EFFECTIVE DATES. (\u00a7 IX-3)\n\nBy resolution, the Board of Estimates may make effective any provision or\nprovisions of the new\nCharter as of any date from and after the thirtieth day after the election at\nwhich the new Charter is\napproved by the voters and prior to July 1, 1996, in which case, to the extent\nof any inconsistency or\nconflict between such provision or provisions of the new Charter and the old\nCharter, the provision\nor provisions of the new Charter shall prevail.\n","previous_section":{"id":"108","structure_id":"22","section_number":"IX-2","catch_line":"Final effective date.","url":"http:\/\/charter.baltimorecode\/IX-2\/","api_url":"http:\/\/charter.baltimorecode\/api\/law\/IX-2\/"},"text":{"0":{"id":"109","text":"By resolution, the Board of Estimates may make effective any provision or provisions of the new\nCharter as of any date from and after the thirtieth day after the election at which the new Charter is\napproved by the voters and prior to July 1, 1996, in which case, to the extent of any inconsistency or\nconflict between such provision or provisions of the new Charter and the old Charter, the provision\nor provisions of the new Charter shall prevail.\n","type":"section","prefixes":[""],"prefix":"","entire_prefix":"","prefix_anchor":"","level":1}}}