{"section_number":"IX-4","section_id":"110","structure_id":"5","catch_line":"Existing employees.","history":"","full_text":" (a)  Positions and salaries unaffected.\n\nNotwithstanding that the entry into effect of the new Charter will cause the transfer of certain\npowers and duties among municipal agencies, no position occupied by any employee in the Civil\nService as of July 1, 1996, shall be abolished nor shall the salary of any such employee be\naffected by virtue of the entry into effect of the new Charter.\n\n (b)  Civil Service status.\n\nThe officers and employees of the City who, on July 1, 1996, are in positions that the new\nCharter removes from the Civil Service shall retain their Civil Service status until they retire or\nuntil and unless their positions are abolished or they are removed from them pursuant to law.\r\r","ancestry":{"1":{"id":"5","name":"Transition Provisions","identifier":"IX","label":"article","url":"http:\/\/charter.baltimorecode.localhost\/IX\/"}},"structure_contents":{"0":{"id":"107","structure_id":"5","section_number":"IX-1","catch_line":"Terminology.","url":"http:\/\/charter.baltimorecode.localhost\/IX-1\/","api_url":"http:\/\/charter.baltimorecode.localhost\/api\/law\/IX-1\/"},"1":{"id":"108","structure_id":"5","section_number":"IX-2","catch_line":"Final effective date.","url":"http:\/\/charter.baltimorecode.localhost\/IX-2\/","api_url":"http:\/\/charter.baltimorecode.localhost\/api\/law\/IX-2\/"},"2":{"id":"109","structure_id":"5","section_number":"IX-3","catch_line":"Advanced effective dates.","url":"http:\/\/charter.baltimorecode.localhost\/IX-3\/","api_url":"http:\/\/charter.baltimorecode.localhost\/api\/law\/IX-3\/"},"3":{"id":"110","structure_id":"5","section_number":"IX-4","catch_line":"Existing employees.","url":"http:\/\/charter.baltimorecode.localhost\/IX-4\/","api_url":"http:\/\/charter.baltimorecode.localhost\/api\/law\/IX-4\/"},"4":{"id":"111","structure_id":"5","section_number":"IX-5","catch_line":"Records and funds.","url":"http:\/\/charter.baltimorecode.localhost\/IX-5\/","api_url":"http:\/\/charter.baltimorecode.localhost\/api\/law\/IX-5\/"},"5":{"id":"112","structure_id":"5","section_number":"IX-6","catch_line":"Ordinances, orders, regulations.","url":"http:\/\/charter.baltimorecode.localhost\/IX-6\/","api_url":"http:\/\/charter.baltimorecode.localhost\/api\/law\/IX-6\/"},"6":{"id":"113","structure_id":"5","section_number":"IX-7","catch_line":"Contracts and obligations.","url":"http:\/\/charter.baltimorecode.localhost\/IX-7\/","api_url":"http:\/\/charter.baltimorecode.localhost\/api\/law\/IX-7\/"},"7":{"id":"114","structure_id":"5","section_number":"IX-8","catch_line":"New terms for boards and commissions.","url":"http:\/\/charter.baltimorecode.localhost\/IX-8\/","api_url":"http:\/\/charter.baltimorecode.localhost\/api\/law\/IX-8\/"}},"next_section":{"id":"111","structure_id":"5","section_number":"IX-5","catch_line":"Records and funds.","url":"http:\/\/charter.baltimorecode.localhost\/IX-5\/","api_url":"http:\/\/charter.baltimorecode.localhost\/api\/law\/IX-5\/"},"references":false,"url":"http:\/\/charter.baltimorecode.localhost\/IX-4\/","dublin_core":{"Title":"Existing employees.","Type":"Text","Format":"text\/html","Identifier":"\u00a7 IX-4","Relation":"Baltimore City Charter"},"html":"\n\t\t\t\t\t<section><p><p>(<span class=\"dictionary\"><\/span>a<span class=\"dictionary\"><\/span>)  <span class=\"dictionary\"><\/span>Positions<span class=\"dictionary\"><\/span> <span class=\"dictionary\"><\/span>and<span class=\"dictionary\"><\/span> <span class=\"dictionary\"><\/span>salaries<span class=\"dictionary\"><\/span> <span class=\"dictionary\"><\/span>unaffected<span class=\"dictionary\"><\/span>.<\/p>\n<p><span class=\"dictionary\"><\/span>Notwithstanding<span class=\"dictionary\"><\/span> <span class=\"dictionary\"><\/span>that<span class=\"dictionary\"><\/span> <span class=\"dictionary\"><\/span>the<span class=\"dictionary\"><\/span> <span class=\"dictionary\"><\/span>entry<span class=\"dictionary\"><\/span> <span class=\"dictionary\"><\/span>into<span class=\"dictionary\"><\/span> <span class=\"dictionary\"><\/span>effect<span class=\"dictionary\"><\/span> <span class=\"dictionary\"><\/span>of<span class=\"dictionary\"><\/span> <span class=\"dictionary\"><\/span>the<span class=\"dictionary\"><\/span> <span class=\"dictionary\"><\/span>new<span class=\"dictionary\"><\/span> <span class=\"dictionary\"><\/span>Charter<span class=\"dictionary\"><\/span> <span class=\"dictionary\"><\/span>will<span class=\"dictionary\"><\/span> <span class=\"dictionary\"><\/span>cause<span class=\"dictionary\"><\/span> <span class=\"dictionary\"><\/span>the<span class=\"dictionary\"><\/span> <span class=\"dictionary\"><\/span>transfer<span class=\"dictionary\"><\/span> <span class=\"dictionary\"><\/span>of<span class=\"dictionary\"><\/span> <span class=\"dictionary\"><\/span>certain<span class=\"dictionary\"><\/span><br \/>\n<span class=\"dictionary\"><\/span>powers<span class=\"dictionary\"><\/span> <span class=\"dictionary\"><\/span>and<span class=\"dictionary\"><\/span> <span class=\"dictionary\"><\/span>duties<span class=\"dictionary\"><\/span> <span class=\"dictionary\"><\/span>among<span class=\"dictionary\"><\/span> <span class=\"dictionary\"><\/span>municipal<span class=\"dictionary\"><\/span> <span class=\"dictionary\"><\/span>agencies<span class=\"dictionary\"><\/span>, <span class=\"dictionary\"><\/span>no<span class=\"dictionary\"><\/span> <span class=\"dictionary\"><\/span>position<span class=\"dictionary\"><\/span> <span class=\"dictionary\"><\/span>occupied<span class=\"dictionary\"><\/span> <span class=\"dictionary\"><\/span>by<span class=\"dictionary\"><\/span> <span class=\"dictionary\"><\/span>any<span class=\"dictionary\"><\/span> <span class=\"dictionary\"><\/span>employee<span class=\"dictionary\"><\/span> <span class=\"dictionary\"><\/span>in<span class=\"dictionary\"><\/span> <span class=\"dictionary\"><\/span>the<span class=\"dictionary\"><\/span> <span class=\"dictionary\"><\/span>Civil<span class=\"dictionary\"><\/span><br \/>\n<span class=\"dictionary\"><\/span>Service<span class=\"dictionary\"><\/span> <span class=\"dictionary\"><\/span>as<span class=\"dictionary\"><\/span> <span class=\"dictionary\"><\/span>of<span class=\"dictionary\"><\/span> <span class=\"dictionary\"><\/span>July<span class=\"dictionary\"><\/span> <span class=\"dictionary\"><\/span>1<span class=\"dictionary\"><\/span>, <span class=\"dictionary\"><\/span>1996<span class=\"dictionary\"><\/span>, <span class=\"dictionary\"><\/span>shall<span class=\"dictionary\"><\/span> <span class=\"dictionary\"><\/span>be<span class=\"dictionary\"><\/span> <span class=\"dictionary\"><\/span>abolished<span class=\"dictionary\"><\/span> <span class=\"dictionary\"><\/span>nor<span class=\"dictionary\"><\/span> <span class=\"dictionary\"><\/span>shall<span class=\"dictionary\"><\/span> <span class=\"dictionary\"><\/span>the<span class=\"dictionary\"><\/span> <span class=\"dictionary\"><\/span>salary<span class=\"dictionary\"><\/span> <span class=\"dictionary\"><\/span>of<span class=\"dictionary\"><\/span> <span class=\"dictionary\"><\/span>any<span class=\"dictionary\"><\/span> <span class=\"dictionary\"><\/span>such<span class=\"dictionary\"><\/span> <span class=\"dictionary\"><\/span>employee<span class=\"dictionary\"><\/span> <span class=\"dictionary\"><\/span>be<span class=\"dictionary\"><\/span><br \/>\n<span class=\"dictionary\"><\/span>affected<span class=\"dictionary\"><\/span> <span class=\"dictionary\"><\/span>by<span class=\"dictionary\"><\/span> <span class=\"dictionary\"><\/span>virtue<span class=\"dictionary\"><\/span> <span class=\"dictionary\"><\/span>of<span class=\"dictionary\"><\/span> <span class=\"dictionary\"><\/span>the<span class=\"dictionary\"><\/span> <span class=\"dictionary\"><\/span>entry<span class=\"dictionary\"><\/span> <span class=\"dictionary\"><\/span>into<span class=\"dictionary\"><\/span> <span class=\"dictionary\"><\/span>effect<span class=\"dictionary\"><\/span> <span class=\"dictionary\"><\/span>of<span class=\"dictionary\"><\/span> <span class=\"dictionary\"><\/span>the<span class=\"dictionary\"><\/span> <span class=\"dictionary\"><\/span>new<span class=\"dictionary\"><\/span> <span class=\"dictionary\"><\/span>Charter<span class=\"dictionary\"><\/span>.<\/p>\n<p> (<span class=\"dictionary\"><\/span>b<span class=\"dictionary\"><\/span>)  <span class=\"dictionary\"><\/span>Civil<span class=\"dictionary\"><\/span> <span class=\"dictionary\"><\/span>Service<span class=\"dictionary\"><\/span> <span class=\"dictionary\"><\/span>status<span class=\"dictionary\"><\/span>.<\/p>\n<p><span class=\"dictionary\"><\/span>The<span class=\"dictionary\"><\/span> <span class=\"dictionary\"><\/span>officers<span class=\"dictionary\"><\/span> <span class=\"dictionary\"><\/span>and<span class=\"dictionary\"><\/span> <span class=\"dictionary\"><\/span>employees<span class=\"dictionary\"><\/span> <span class=\"dictionary\"><\/span>of<span class=\"dictionary\"><\/span> <span class=\"dictionary\"><\/span>the<span class=\"dictionary\"><\/span> <span class=\"dictionary\"><\/span>City<span class=\"dictionary\"><\/span> <span class=\"dictionary\"><\/span>who<span class=\"dictionary\"><\/span>, <span class=\"dictionary\"><\/span>on<span class=\"dictionary\"><\/span> <span class=\"dictionary\"><\/span>July<span class=\"dictionary\"><\/span> <span class=\"dictionary\"><\/span>1<span class=\"dictionary\"><\/span>, <span class=\"dictionary\"><\/span>1996<span class=\"dictionary\"><\/span>, <span class=\"dictionary\"><\/span>are<span class=\"dictionary\"><\/span> <span class=\"dictionary\"><\/span>in<span class=\"dictionary\"><\/span> <span class=\"dictionary\"><\/span>positions<span class=\"dictionary\"><\/span> <span class=\"dictionary\"><\/span>that<span class=\"dictionary\"><\/span> <span class=\"dictionary\"><\/span>the<span class=\"dictionary\"><\/span> <span class=\"dictionary\"><\/span>new<span class=\"dictionary\"><\/span><br \/>\n<span class=\"dictionary\"><\/span>Charter<span class=\"dictionary\"><\/span> <span class=\"dictionary\"><\/span>removes<span class=\"dictionary\"><\/span> <span class=\"dictionary\"><\/span>from<span class=\"dictionary\"><\/span> <span class=\"dictionary\"><\/span>the<span class=\"dictionary\"><\/span> <span class=\"dictionary\"><\/span>Civil<span class=\"dictionary\"><\/span> <span class=\"dictionary\"><\/span>Service<span class=\"dictionary\"><\/span> <span class=\"dictionary\"><\/span>shall<span class=\"dictionary\"><\/span> <span class=\"dictionary\"><\/span>retain<span class=\"dictionary\"><\/span> <span class=\"dictionary\"><\/span>their<span class=\"dictionary\"><\/span> <span class=\"dictionary\"><\/span>Civil<span class=\"dictionary\"><\/span> <span class=\"dictionary\"><\/span>Service<span class=\"dictionary\"><\/span> <span class=\"dictionary\"><\/span>status<span class=\"dictionary\"><\/span> <span class=\"dictionary\"><\/span>until<span class=\"dictionary\"><\/span> <span class=\"dictionary\"><\/span>they<span class=\"dictionary\"><\/span> <span class=\"dictionary\"><\/span>retire<span class=\"dictionary\"><\/span> <span class=\"dictionary\"><\/span>or<span class=\"dictionary\"><\/span><br \/>\n<span class=\"dictionary\"><\/span>until<span class=\"dictionary\"><\/span> <span class=\"dictionary\"><\/span>and<span class=\"dictionary\"><\/span> <span class=\"dictionary\"><\/span>unless<span class=\"dictionary\"><\/span> <span class=\"dictionary\"><\/span>their<span class=\"dictionary\"><\/span> <span class=\"dictionary\"><\/span>positions<span class=\"dictionary\"><\/span> <span class=\"dictionary\"><\/span>are<span class=\"dictionary\"><\/span> <span class=\"dictionary\"><\/span>abolished<span class=\"dictionary\"><\/span> <span class=\"dictionary\"><\/span>or<span class=\"dictionary\"><\/span> <span class=\"dictionary\"><\/span>they<span class=\"dictionary\"><\/span> <span class=\"dictionary\"><\/span>are<span class=\"dictionary\"><\/span> <span class=\"dictionary\"><\/span>removed<span class=\"dictionary\"><\/span> <span class=\"dictionary\"><\/span>from<span class=\"dictionary\"><\/span> <span class=\"dictionary\"><\/span>them<span class=\"dictionary\"><\/span> <span class=\"dictionary\"><\/span>pursuant<span class=\"dictionary\"><\/span> <span class=\"dictionary\"><\/span>to<span class=\"dictionary\"><\/span> <span class=\"dictionary\"><\/span>law<span class=\"dictionary\"><\/span>.<\/p>\n<\/p><\/section>","plain_text":"                              BALTIMORE CITY CHARTER\n\nEXISTING EMPLOYEES. (\u00a7 IX-4)\n\n(a)  Positions and salaries unaffected.\nNotwithstanding that the entry into effect of the new Charter will cause the\ntransfer of certain\npowers and duties among municipal agencies, no position occupied by any employee\nin the Civil\nService as of July 1, 1996, shall be abolished nor shall the salary of any such\nemployee be\naffected by virtue of the entry into effect of the new Charter.\n (b)  Civil Service status.\nThe officers and employees of the City who, on July 1, 1996, are in positions\nthat the new\nCharter removes from the Civil Service shall retain their Civil Service status\nuntil they retire or\nuntil and unless their positions are abolished or they are removed from them\npursuant to law.\n","previous_section":{"id":"109","structure_id":"5","section_number":"IX-3","catch_line":"Advanced effective dates.","url":"http:\/\/charter.baltimorecode.localhost\/IX-3\/","api_url":"http:\/\/charter.baltimorecode.localhost\/api\/law\/IX-3\/"},"text":{"0":{"id":"110","text":"(a)  Positions and salaries unaffected.\nNotwithstanding that the entry into effect of the new Charter will cause the transfer of certain\npowers and duties among municipal agencies, no position occupied by any employee in the Civil\nService as of July 1, 1996, shall be abolished nor shall the salary of any such employee be\naffected by virtue of the entry into effect of the new Charter.\n (b)  Civil Service status.\nThe officers and employees of the City who, on July 1, 1996, are in positions that the new\nCharter removes from the Civil Service shall retain their Civil Service status until they retire or\nuntil and unless their positions are abolished or they are removed from them pursuant to law.\n","type":"section","prefixes":[""],"prefix":"","entire_prefix":"","prefix_anchor":"","level":1}}}