{"section_number":"IX-7","section_id":"113","structure_id":"5","catch_line":"Contracts and obligations.","history":"","full_text":" All contracts, leases and obligations to which the City is a party at the applicable effective date of the\nnew Charter shall remain in full force and effect according to their terms, and shall be performed by\nor for that municipal agency which, by the new Charter or applicable ordinances, shall have\njurisdiction over the subject matter of such contracts, leases or obligations.\r\r","ancestry":{"1":{"id":"5","name":"Transition Provisions","identifier":"IX","label":"article","url":"http:\/\/charter.baltimorecode.localhost\/IX\/"}},"structure_contents":{"0":{"id":"107","structure_id":"5","section_number":"IX-1","catch_line":"Terminology.","url":"http:\/\/charter.baltimorecode.localhost\/IX-1\/","api_url":"http:\/\/charter.baltimorecode.localhost\/api\/law\/IX-1\/"},"1":{"id":"108","structure_id":"5","section_number":"IX-2","catch_line":"Final effective date.","url":"http:\/\/charter.baltimorecode.localhost\/IX-2\/","api_url":"http:\/\/charter.baltimorecode.localhost\/api\/law\/IX-2\/"},"2":{"id":"109","structure_id":"5","section_number":"IX-3","catch_line":"Advanced effective dates.","url":"http:\/\/charter.baltimorecode.localhost\/IX-3\/","api_url":"http:\/\/charter.baltimorecode.localhost\/api\/law\/IX-3\/"},"3":{"id":"110","structure_id":"5","section_number":"IX-4","catch_line":"Existing employees.","url":"http:\/\/charter.baltimorecode.localhost\/IX-4\/","api_url":"http:\/\/charter.baltimorecode.localhost\/api\/law\/IX-4\/"},"4":{"id":"111","structure_id":"5","section_number":"IX-5","catch_line":"Records and funds.","url":"http:\/\/charter.baltimorecode.localhost\/IX-5\/","api_url":"http:\/\/charter.baltimorecode.localhost\/api\/law\/IX-5\/"},"5":{"id":"112","structure_id":"5","section_number":"IX-6","catch_line":"Ordinances, orders, regulations.","url":"http:\/\/charter.baltimorecode.localhost\/IX-6\/","api_url":"http:\/\/charter.baltimorecode.localhost\/api\/law\/IX-6\/"},"6":{"id":"113","structure_id":"5","section_number":"IX-7","catch_line":"Contracts and obligations.","url":"http:\/\/charter.baltimorecode.localhost\/IX-7\/","api_url":"http:\/\/charter.baltimorecode.localhost\/api\/law\/IX-7\/"},"7":{"id":"114","structure_id":"5","section_number":"IX-8","catch_line":"New terms for boards and commissions.","url":"http:\/\/charter.baltimorecode.localhost\/IX-8\/","api_url":"http:\/\/charter.baltimorecode.localhost\/api\/law\/IX-8\/"}},"next_section":{"id":"114","structure_id":"5","section_number":"IX-8","catch_line":"New terms for boards and commissions.","url":"http:\/\/charter.baltimorecode.localhost\/IX-8\/","api_url":"http:\/\/charter.baltimorecode.localhost\/api\/law\/IX-8\/"},"references":false,"url":"http:\/\/charter.baltimorecode.localhost\/IX-7\/","dublin_core":{"Title":"Contracts and obligations.","Type":"Text","Format":"text\/html","Identifier":"\u00a7 IX-7","Relation":"Baltimore City Charter"},"html":"\n\t\t\t\t\t<section><p><p><span class=\"dictionary\"><\/span>All<span class=\"dictionary\"><\/span> <span class=\"dictionary\"><\/span>contracts<span class=\"dictionary\"><\/span>, <span class=\"dictionary\"><\/span>leases<span class=\"dictionary\"><\/span> <span class=\"dictionary\"><\/span>and<span class=\"dictionary\"><\/span> <span class=\"dictionary\"><\/span>obligations<span class=\"dictionary\"><\/span> <span class=\"dictionary\"><\/span>to<span class=\"dictionary\"><\/span> <span class=\"dictionary\"><\/span>which<span class=\"dictionary\"><\/span> <span class=\"dictionary\"><\/span>the<span class=\"dictionary\"><\/span> <span class=\"dictionary\"><\/span>City<span class=\"dictionary\"><\/span> <span class=\"dictionary\"><\/span>is<span class=\"dictionary\"><\/span> <span class=\"dictionary\"><\/span>a<span class=\"dictionary\"><\/span> <span class=\"dictionary\"><\/span>party<span class=\"dictionary\"><\/span> <span class=\"dictionary\"><\/span>at<span class=\"dictionary\"><\/span> <span class=\"dictionary\"><\/span>the<span class=\"dictionary\"><\/span> <span class=\"dictionary\"><\/span>applicable<span class=\"dictionary\"><\/span> <span class=\"dictionary\"><\/span>effective<span class=\"dictionary\"><\/span> <span class=\"dictionary\"><\/span>date<span class=\"dictionary\"><\/span> <span class=\"dictionary\"><\/span>of<span class=\"dictionary\"><\/span> <span class=\"dictionary\"><\/span>the<span class=\"dictionary\"><\/span><br \/>\n<span class=\"dictionary\"><\/span>new<span class=\"dictionary\"><\/span> <span class=\"dictionary\"><\/span>Charter<span class=\"dictionary\"><\/span> <span class=\"dictionary\"><\/span>shall<span class=\"dictionary\"><\/span> <span class=\"dictionary\"><\/span>remain<span class=\"dictionary\"><\/span> <span class=\"dictionary\"><\/span>in<span class=\"dictionary\"><\/span> <span class=\"dictionary\"><\/span>full<span class=\"dictionary\"><\/span> <span class=\"dictionary\"><\/span>force<span class=\"dictionary\"><\/span> <span class=\"dictionary\"><\/span>and<span class=\"dictionary\"><\/span> <span class=\"dictionary\"><\/span>effect<span class=\"dictionary\"><\/span> <span class=\"dictionary\"><\/span>according<span class=\"dictionary\"><\/span> <span class=\"dictionary\"><\/span>to<span class=\"dictionary\"><\/span> <span class=\"dictionary\"><\/span>their<span class=\"dictionary\"><\/span> <span class=\"dictionary\"><\/span>terms<span class=\"dictionary\"><\/span>, <span class=\"dictionary\"><\/span>and<span class=\"dictionary\"><\/span> <span class=\"dictionary\"><\/span>shall<span class=\"dictionary\"><\/span> <span class=\"dictionary\"><\/span>be<span class=\"dictionary\"><\/span> <span class=\"dictionary\"><\/span>performed<span class=\"dictionary\"><\/span> <span class=\"dictionary\"><\/span>by<span class=\"dictionary\"><\/span><br \/>\n<span class=\"dictionary\"><\/span>or<span class=\"dictionary\"><\/span> <span class=\"dictionary\"><\/span>for<span class=\"dictionary\"><\/span> <span class=\"dictionary\"><\/span>that<span class=\"dictionary\"><\/span> <span class=\"dictionary\"><\/span>municipal<span class=\"dictionary\"><\/span> <span class=\"dictionary\"><\/span>agency<span class=\"dictionary\"><\/span> <span class=\"dictionary\"><\/span>which<span class=\"dictionary\"><\/span>, <span class=\"dictionary\"><\/span>by<span class=\"dictionary\"><\/span> <span class=\"dictionary\"><\/span>the<span class=\"dictionary\"><\/span> <span class=\"dictionary\"><\/span>new<span class=\"dictionary\"><\/span> <span class=\"dictionary\"><\/span>Charter<span class=\"dictionary\"><\/span> <span class=\"dictionary\"><\/span>or<span class=\"dictionary\"><\/span> <span class=\"dictionary\"><\/span>applicable<span class=\"dictionary\"><\/span> <span class=\"dictionary\"><\/span>ordinances<span class=\"dictionary\"><\/span>, <span class=\"dictionary\"><\/span>shall<span class=\"dictionary\"><\/span> <span class=\"dictionary\"><\/span>have<span class=\"dictionary\"><\/span><br \/>\n<span class=\"dictionary\"><\/span>jurisdiction<span class=\"dictionary\"><\/span> <span class=\"dictionary\"><\/span>over<span class=\"dictionary\"><\/span> <span class=\"dictionary\"><\/span>the<span class=\"dictionary\"><\/span> <span class=\"dictionary\"><\/span>subject<span class=\"dictionary\"><\/span> <span class=\"dictionary\"><\/span>matter<span class=\"dictionary\"><\/span> <span class=\"dictionary\"><\/span>of<span class=\"dictionary\"><\/span> <span class=\"dictionary\"><\/span>such<span class=\"dictionary\"><\/span> <span class=\"dictionary\"><\/span>contracts<span class=\"dictionary\"><\/span>, <span class=\"dictionary\"><\/span>leases<span class=\"dictionary\"><\/span> <span class=\"dictionary\"><\/span>or<span class=\"dictionary\"><\/span> <span class=\"dictionary\"><\/span>obligations<span class=\"dictionary\"><\/span>.<\/p>\n<\/p><\/section>","plain_text":"                              BALTIMORE CITY CHARTER\n\nCONTRACTS AND OBLIGATIONS. (\u00a7 IX-7)\n\nAll contracts, leases and obligations to which the City is a party at the\napplicable effective date of the\nnew Charter shall remain in full force and effect according to their terms, and\nshall be performed by\nor for that municipal agency which, by the new Charter or applicable ordinances,\nshall have\njurisdiction over the subject matter of such contracts, leases or obligations.\n","previous_section":{"id":"112","structure_id":"5","section_number":"IX-6","catch_line":"Ordinances, orders, regulations.","url":"http:\/\/charter.baltimorecode.localhost\/IX-6\/","api_url":"http:\/\/charter.baltimorecode.localhost\/api\/law\/IX-6\/"},"text":{"0":{"id":"113","text":"All contracts, leases and obligations to which the City is a party at the applicable effective date of the\nnew Charter shall remain in full force and effect according to their terms, and shall be performed by\nor for that municipal agency which, by the new Charter or applicable ordinances, shall have\njurisdiction over the subject matter of such contracts, leases or obligations.\n","type":"section","prefixes":[""],"prefix":"","entire_prefix":"","prefix_anchor":"","level":1}}}