{"section_number":"V-10","section_id":"116","structure_id":"23","catch_line":"Department of Audits \u2013 independent auditors.","history":"","full_text":" (a)  Required engagement.\n\nThe Board of Estimates, at appropriate intervals, shall engage an independent firm of certified\npublic accountants to audit:\n\n   (1)the financial transactions of the Department of Audits; and\n\n   (2)the comprehensive annual financial report of the City.\n\n (b)  Permissive engagement.\n\nThe Board of Estimates may engage an independent firm of certified public accountants to audit\nthe financial transactions of any municipal agency and to examine the fiscal procedures, records,\naccounts, and methods of any municipal agency, including the Department of Audits.\n\n (c)  Reports.\n\nThe independent firm of certified public accountants shall make reports of its audits,\nexaminations, and recommendations to the Board of Estimates.\n\n\n\n\n\n\n\n{Page Intentionally Left Blank}\r\r","ancestry":{"1":{"id":"23","name":"Comptroller","identifier":"V","label":"article","url":"http:\/\/charter.baltimorecode\/V\/"}},"structure_contents":{"0":{"id":"115","structure_id":"23","section_number":"V-1","catch_line":"Election, term, etc.; Deputy Comptroller, staff.","url":"http:\/\/charter.baltimorecode\/V-1\/","api_url":"http:\/\/charter.baltimorecode\/api\/law\/V-1\/"},"1":{"id":"117","structure_id":"23","section_number":"V-2","catch_line":"Removal; vacancy.","url":"http:\/\/charter.baltimorecode\/V-2\/","api_url":"http:\/\/charter.baltimorecode\/api\/law\/V-2\/"},"2":{"id":"118","structure_id":"23","section_number":"V-3","catch_line":"General duties.","url":"http:\/\/charter.baltimorecode\/V-3\/","api_url":"http:\/\/charter.baltimorecode\/api\/law\/V-3\/"},"3":{"id":"119","structure_id":"23","section_number":"V-4","catch_line":"Department of Real Estate \u2013 established.","url":"http:\/\/charter.baltimorecode\/V-4\/","api_url":"http:\/\/charter.baltimorecode\/api\/law\/V-4\/"},"4":{"id":"120","structure_id":"23","section_number":"V-5","catch_line":"Department of Real Estate \u2013 duties.","url":"http:\/\/charter.baltimorecode\/V-5\/","api_url":"http:\/\/charter.baltimorecode\/api\/law\/V-5\/"},"5":{"id":"121","structure_id":"23","section_number":"V-6","catch_line":"Real Property Account.","url":"http:\/\/charter.baltimorecode\/V-6\/","api_url":"http:\/\/charter.baltimorecode\/api\/law\/V-6\/"},"6":{"id":"122","structure_id":"23","section_number":"V-7","catch_line":"Department of Audits \u2013 established.","url":"http:\/\/charter.baltimorecode\/V-7\/","api_url":"http:\/\/charter.baltimorecode\/api\/law\/V-7\/"},"7":{"id":"123","structure_id":"23","section_number":"V-8","catch_line":"Department of Audits \u2013 general powers and duties.","url":"http:\/\/charter.baltimorecode\/V-8\/","api_url":"http:\/\/charter.baltimorecode\/api\/law\/V-8\/"},"8":{"id":"124","structure_id":"23","section_number":"V-9","catch_line":"Department of Audits \u2013 comprehensive annual financial report.","url":"http:\/\/charter.baltimorecode\/V-9\/","api_url":"http:\/\/charter.baltimorecode\/api\/law\/V-9\/"},"9":{"id":"116","structure_id":"23","section_number":"V-10","catch_line":"Department of Audits \u2013 independent auditors.","url":"http:\/\/charter.baltimorecode\/V-10\/","api_url":"http:\/\/charter.baltimorecode\/api\/law\/V-10\/"}},"next_section":{"id":"2","structure_id":"18","section_number":"I-10","catch_line":"Affordable housing funds.","url":"http:\/\/charter.baltimorecode\/I-10\/","api_url":"http:\/\/charter.baltimorecode\/api\/law\/I-10\/"},"references":false,"url":"http:\/\/charter.baltimorecode\/V-10\/","dublin_core":{"Title":"Department of Audits \u2013 independent auditors.","Type":"Text","Format":"text\/html","Identifier":"\u00a7 V-10","Relation":"Baltimore City Charter"},"html":"\n\t\t\t\t\t<section><p><p>(<span class=\"dictionary\"><\/span>a<span class=\"dictionary\"><\/span>)  <span class=\"dictionary\"><\/span>Required<span class=\"dictionary\"><\/span> <span class=\"dictionary\"><\/span>engagement<span class=\"dictionary\"><\/span>.<\/p>\n<p><span class=\"dictionary\"><\/span>The<span class=\"dictionary\"><\/span> <span class=\"dictionary\"><\/span>Board<span class=\"dictionary\"><\/span> <span class=\"dictionary\"><\/span>of<span class=\"dictionary\"><\/span> <span class=\"dictionary\"><\/span>Estimates<span class=\"dictionary\"><\/span>, <span class=\"dictionary\"><\/span>at<span class=\"dictionary\"><\/span> <span class=\"dictionary\"><\/span>appropriate<span class=\"dictionary\"><\/span> <span class=\"dictionary\"><\/span>intervals<span class=\"dictionary\"><\/span>, <span class=\"dictionary\"><\/span>shall<span class=\"dictionary\"><\/span> <span class=\"dictionary\"><\/span>engage<span class=\"dictionary\"><\/span> <span class=\"dictionary\"><\/span>an<span class=\"dictionary\"><\/span> <span class=\"dictionary\"><\/span>independent<span class=\"dictionary\"><\/span> <span class=\"dictionary\"><\/span>firm<span class=\"dictionary\"><\/span> <span class=\"dictionary\"><\/span>of<span class=\"dictionary\"><\/span> <span class=\"dictionary\"><\/span>certified<span class=\"dictionary\"><\/span><br \/>\n<span class=\"dictionary\"><\/span>public<span class=\"dictionary\"><\/span> <span class=\"dictionary\"><\/span>accountants<span class=\"dictionary\"><\/span> <span class=\"dictionary\"><\/span>to<span class=\"dictionary\"><\/span> <span class=\"dictionary\"><\/span>audit<span class=\"dictionary\"><\/span>:<\/p>\n<p>   (<span class=\"dictionary\"><\/span>1<span class=\"dictionary\"><\/span>)<span class=\"dictionary\"><\/span>the<span class=\"dictionary\"><\/span> <span class=\"dictionary\"><\/span>financial<span class=\"dictionary\"><\/span> <span class=\"dictionary\"><\/span>transactions<span class=\"dictionary\"><\/span> <span class=\"dictionary\"><\/span>of<span class=\"dictionary\"><\/span> <span class=\"dictionary\"><\/span>the<span class=\"dictionary\"><\/span> <span class=\"dictionary\"><\/span>Department<span class=\"dictionary\"><\/span> <span class=\"dictionary\"><\/span>of<span class=\"dictionary\"><\/span> <span class=\"dictionary\"><\/span>Audits<span class=\"dictionary\"><\/span>; <span class=\"dictionary\"><\/span>and<span class=\"dictionary\"><\/span><\/p>\n<p>   (<span class=\"dictionary\"><\/span>2<span class=\"dictionary\"><\/span>)<span class=\"dictionary\"><\/span>the<span class=\"dictionary\"><\/span> <span class=\"dictionary\"><\/span>comprehensive<span class=\"dictionary\"><\/span> <span class=\"dictionary\"><\/span>annual<span class=\"dictionary\"><\/span> <span class=\"dictionary\"><\/span>financial<span class=\"dictionary\"><\/span> <span class=\"dictionary\"><\/span>report<span class=\"dictionary\"><\/span> <span class=\"dictionary\"><\/span>of<span class=\"dictionary\"><\/span> <span class=\"dictionary\"><\/span>the<span class=\"dictionary\"><\/span> <span class=\"dictionary\"><\/span>City<span class=\"dictionary\"><\/span>.<\/p>\n<p> (<span class=\"dictionary\"><\/span>b<span class=\"dictionary\"><\/span>)  <span class=\"dictionary\"><\/span>Permissive<span class=\"dictionary\"><\/span> <span class=\"dictionary\"><\/span>engagement<span class=\"dictionary\"><\/span>.<\/p>\n<p><span class=\"dictionary\"><\/span>The<span class=\"dictionary\"><\/span> <span class=\"dictionary\"><\/span>Board<span class=\"dictionary\"><\/span> <span class=\"dictionary\"><\/span>of<span class=\"dictionary\"><\/span> <span class=\"dictionary\"><\/span>Estimates<span class=\"dictionary\"><\/span> <span class=\"dictionary\"><\/span>may<span class=\"dictionary\"><\/span> <span class=\"dictionary\"><\/span>engage<span class=\"dictionary\"><\/span> <span class=\"dictionary\"><\/span>an<span class=\"dictionary\"><\/span> <span class=\"dictionary\"><\/span>independent<span class=\"dictionary\"><\/span> <span class=\"dictionary\"><\/span>firm<span class=\"dictionary\"><\/span> <span class=\"dictionary\"><\/span>of<span class=\"dictionary\"><\/span> <span class=\"dictionary\"><\/span>certified<span class=\"dictionary\"><\/span> <span class=\"dictionary\"><\/span>public<span class=\"dictionary\"><\/span> <span class=\"dictionary\"><\/span>accountants<span class=\"dictionary\"><\/span> <span class=\"dictionary\"><\/span>to<span class=\"dictionary\"><\/span> <span class=\"dictionary\"><\/span>audit<span class=\"dictionary\"><\/span><br \/>\n<span class=\"dictionary\"><\/span>the<span class=\"dictionary\"><\/span> <span class=\"dictionary\"><\/span>financial<span class=\"dictionary\"><\/span> <span class=\"dictionary\"><\/span>transactions<span class=\"dictionary\"><\/span> <span class=\"dictionary\"><\/span>of<span class=\"dictionary\"><\/span> <span class=\"dictionary\"><\/span>any<span class=\"dictionary\"><\/span> <span class=\"dictionary\"><\/span>municipal<span class=\"dictionary\"><\/span> <span class=\"dictionary\"><\/span>agency<span class=\"dictionary\"><\/span> <span class=\"dictionary\"><\/span>and<span class=\"dictionary\"><\/span> <span class=\"dictionary\"><\/span>to<span class=\"dictionary\"><\/span> <span class=\"dictionary\"><\/span>examine<span class=\"dictionary\"><\/span> <span class=\"dictionary\"><\/span>the<span class=\"dictionary\"><\/span> <span class=\"dictionary\"><\/span>fiscal<span class=\"dictionary\"><\/span> <span class=\"dictionary\"><\/span>procedures<span class=\"dictionary\"><\/span>, <span class=\"dictionary\"><\/span>records<span class=\"dictionary\"><\/span>,<br \/>\n<span class=\"dictionary\"><\/span>accounts<span class=\"dictionary\"><\/span>, <span class=\"dictionary\"><\/span>and<span class=\"dictionary\"><\/span> <span class=\"dictionary\"><\/span>methods<span class=\"dictionary\"><\/span> <span class=\"dictionary\"><\/span>of<span class=\"dictionary\"><\/span> <span class=\"dictionary\"><\/span>any<span class=\"dictionary\"><\/span> <span class=\"dictionary\"><\/span>municipal<span class=\"dictionary\"><\/span> <span class=\"dictionary\"><\/span>agency<span class=\"dictionary\"><\/span>, <span class=\"dictionary\"><\/span>including<span class=\"dictionary\"><\/span> <span class=\"dictionary\"><\/span>the<span class=\"dictionary\"><\/span> <span class=\"dictionary\"><\/span>Department<span class=\"dictionary\"><\/span> <span class=\"dictionary\"><\/span>of<span class=\"dictionary\"><\/span> <span class=\"dictionary\"><\/span>Audits<span class=\"dictionary\"><\/span>.<\/p>\n<p> (<span class=\"dictionary\"><\/span>c<span class=\"dictionary\"><\/span>)  <span class=\"dictionary\"><\/span>Reports<span class=\"dictionary\"><\/span>.<\/p>\n<p><span class=\"dictionary\"><\/span>The<span class=\"dictionary\"><\/span> <span class=\"dictionary\"><\/span>independent<span class=\"dictionary\"><\/span> <span class=\"dictionary\"><\/span>firm<span class=\"dictionary\"><\/span> <span class=\"dictionary\"><\/span>of<span class=\"dictionary\"><\/span> <span class=\"dictionary\"><\/span>certified<span class=\"dictionary\"><\/span> <span class=\"dictionary\"><\/span>public<span class=\"dictionary\"><\/span> <span class=\"dictionary\"><\/span>accountants<span class=\"dictionary\"><\/span> <span class=\"dictionary\"><\/span>shall<span class=\"dictionary\"><\/span> <span class=\"dictionary\"><\/span>make<span class=\"dictionary\"><\/span> <span class=\"dictionary\"><\/span>reports<span class=\"dictionary\"><\/span> <span class=\"dictionary\"><\/span>of<span class=\"dictionary\"><\/span> <span class=\"dictionary\"><\/span>its<span class=\"dictionary\"><\/span> <span class=\"dictionary\"><\/span>audits<span class=\"dictionary\"><\/span>,<br \/>\n<span class=\"dictionary\"><\/span>examinations<span class=\"dictionary\"><\/span>, <span class=\"dictionary\"><\/span>and<span class=\"dictionary\"><\/span> <span class=\"dictionary\"><\/span>recommendations<span class=\"dictionary\"><\/span> <span class=\"dictionary\"><\/span>to<span class=\"dictionary\"><\/span> <span class=\"dictionary\"><\/span>the<span class=\"dictionary\"><\/span> <span class=\"dictionary\"><\/span>Board<span class=\"dictionary\"><\/span> <span class=\"dictionary\"><\/span>of<span class=\"dictionary\"><\/span> <span class=\"dictionary\"><\/span>Estimates<span class=\"dictionary\"><\/span>.<\/p>\n<p>{<span class=\"dictionary\"><\/span>Page<span class=\"dictionary\"><\/span> <span class=\"dictionary\"><\/span>Intentionally<span class=\"dictionary\"><\/span> <span class=\"dictionary\"><\/span>Left<span class=\"dictionary\"><\/span> <span class=\"dictionary\"><\/span>Blank<span class=\"dictionary\"><\/span>}<\/p>\n<\/p><\/section>","plain_text":"                              BALTIMORE CITY CHARTER\n\nDEPARTMENT OF AUDITS \u2013 INDEPENDENT AUDITORS. (\u00a7 V-10)\n\n(a)  Required engagement.\nThe Board of Estimates, at appropriate intervals, shall engage an independent\nfirm of certified\npublic accountants to audit:\n   (1)the financial transactions of the Department of Audits; and\n   (2)the comprehensive annual financial report of the City.\n (b)  Permissive engagement.\nThe Board of Estimates may engage an independent firm of certified public\naccountants to audit\nthe financial transactions of any municipal agency and to examine the fiscal\nprocedures, records,\naccounts, and methods of any municipal agency, including the Department of\nAudits.\n (c)  Reports.\nThe independent firm of certified public accountants shall make reports of its\naudits,\nexaminations, and recommendations to the Board of Estimates.\n{Page Intentionally Left Blank}\n","previous_section":{"id":"124","structure_id":"23","section_number":"V-9","catch_line":"Department of Audits \u2013 comprehensive annual financial report.","url":"http:\/\/charter.baltimorecode\/V-9\/","api_url":"http:\/\/charter.baltimorecode\/api\/law\/V-9\/"},"text":{"0":{"id":"116","text":"(a)  Required engagement.\nThe Board of Estimates, at appropriate intervals, shall engage an independent firm of certified\npublic accountants to audit:\n   (1)the financial transactions of the Department of Audits; and\n   (2)the comprehensive annual financial report of the City.\n (b)  Permissive engagement.\nThe Board of Estimates may engage an independent firm of certified public accountants to audit\nthe financial transactions of any municipal agency and to examine the fiscal procedures, records,\naccounts, and methods of any municipal agency, including the Department of Audits.\n (c)  Reports.\nThe independent firm of certified public accountants shall make reports of its audits,\nexaminations, and recommendations to the Board of Estimates.\n{Page Intentionally Left Blank}\n","type":"section","prefixes":[""],"prefix":"","entire_prefix":"","prefix_anchor":"","level":1}}}