{"section_number":"V-3","section_id":"118","structure_id":"6","catch_line":"General duties.","history":"","full_text":" The Comptroller shall:\n\n  (a)serve as a member of the Board of Estimates;\n\n  (b)serve as a member of the Board of Finance;\n\n  (c)have such general supervision of the Department of Audits and the activities of the City\nAuditor as provided for in the Charter;\n\n  (d)be responsible for the proper conduct, management and operation of the Department of Real\nEstate; and\n\n  (e)subject to the approval of the Board of Estimates, and within the limits of the appropriation\ntherefor in the Ordinance of Estimates, obtain such insurance as may be necessary for the\nproper protection of the City or as may be required by applicable law, and shall, whenever it\nwould be to the City\u2019s advantage, seek competitive bids for the insurance; and\n\n  (f)perform such other duties, not inconsistent with the office, as prescribed by law.\r\r","ancestry":{"1":{"id":"6","name":"Comptroller","identifier":"V","label":"article","url":"http:\/\/charter.baltimorecode.localhost\/V\/"}},"structure_contents":{"0":{"id":"115","structure_id":"6","section_number":"V-1","catch_line":"Election, term, etc.; Deputy Comptroller, staff.","url":"http:\/\/charter.baltimorecode.localhost\/V-1\/","api_url":"http:\/\/charter.baltimorecode.localhost\/api\/law\/V-1\/"},"1":{"id":"116","structure_id":"6","section_number":"V-10","catch_line":"Department of Audits \u2013 independent auditors.","url":"http:\/\/charter.baltimorecode.localhost\/V-10\/","api_url":"http:\/\/charter.baltimorecode.localhost\/api\/law\/V-10\/"},"2":{"id":"117","structure_id":"6","section_number":"V-2","catch_line":"Removal; vacancy.","url":"http:\/\/charter.baltimorecode.localhost\/V-2\/","api_url":"http:\/\/charter.baltimorecode.localhost\/api\/law\/V-2\/"},"3":{"id":"118","structure_id":"6","section_number":"V-3","catch_line":"General duties.","url":"http:\/\/charter.baltimorecode.localhost\/V-3\/","api_url":"http:\/\/charter.baltimorecode.localhost\/api\/law\/V-3\/"},"4":{"id":"119","structure_id":"6","section_number":"V-4","catch_line":"Department of Real Estate \u2013 established.","url":"http:\/\/charter.baltimorecode.localhost\/V-4\/","api_url":"http:\/\/charter.baltimorecode.localhost\/api\/law\/V-4\/"},"5":{"id":"120","structure_id":"6","section_number":"V-5","catch_line":"Department of Real Estate \u2013 duties.","url":"http:\/\/charter.baltimorecode.localhost\/V-5\/","api_url":"http:\/\/charter.baltimorecode.localhost\/api\/law\/V-5\/"},"6":{"id":"121","structure_id":"6","section_number":"V-6","catch_line":"Real Property Account.","url":"http:\/\/charter.baltimorecode.localhost\/V-6\/","api_url":"http:\/\/charter.baltimorecode.localhost\/api\/law\/V-6\/"},"7":{"id":"122","structure_id":"6","section_number":"V-7","catch_line":"Department of Audits \u2013 established.","url":"http:\/\/charter.baltimorecode.localhost\/V-7\/","api_url":"http:\/\/charter.baltimorecode.localhost\/api\/law\/V-7\/"},"8":{"id":"123","structure_id":"6","section_number":"V-8","catch_line":"Department of Audits \u2013 general powers and duties.","url":"http:\/\/charter.baltimorecode.localhost\/V-8\/","api_url":"http:\/\/charter.baltimorecode.localhost\/api\/law\/V-8\/"},"9":{"id":"124","structure_id":"6","section_number":"V-9","catch_line":"Department of Audits \u2013 comprehensive annual financial report.","url":"http:\/\/charter.baltimorecode.localhost\/V-9\/","api_url":"http:\/\/charter.baltimorecode.localhost\/api\/law\/V-9\/"}},"next_section":{"id":"119","structure_id":"6","section_number":"V-4","catch_line":"Department of Real Estate \u2013 established.","url":"http:\/\/charter.baltimorecode.localhost\/V-4\/","api_url":"http:\/\/charter.baltimorecode.localhost\/api\/law\/V-4\/"},"references":false,"url":"http:\/\/charter.baltimorecode.localhost\/V-3\/","dublin_core":{"Title":"General duties.","Type":"Text","Format":"text\/html","Identifier":"\u00a7 V-3","Relation":"Baltimore City Charter"},"html":"\n\t\t\t\t\t<section><p><p><span class=\"dictionary\"><\/span>The<span class=\"dictionary\"><\/span> <span class=\"dictionary\"><\/span>Comptroller<span class=\"dictionary\"><\/span> <span class=\"dictionary\"><\/span>shall<span class=\"dictionary\"><\/span>:<\/p>\n<p>  (<span class=\"dictionary\"><\/span>a<span class=\"dictionary\"><\/span>)<span class=\"dictionary\"><\/span>serve<span class=\"dictionary\"><\/span> <span class=\"dictionary\"><\/span>as<span class=\"dictionary\"><\/span> <span class=\"dictionary\"><\/span>a<span class=\"dictionary\"><\/span> <span class=\"dictionary\"><\/span>member<span class=\"dictionary\"><\/span> <span class=\"dictionary\"><\/span>of<span class=\"dictionary\"><\/span> <span class=\"dictionary\"><\/span>the<span class=\"dictionary\"><\/span> <span class=\"dictionary\"><\/span>Board<span class=\"dictionary\"><\/span> <span class=\"dictionary\"><\/span>of<span class=\"dictionary\"><\/span> <span class=\"dictionary\"><\/span>Estimates<span class=\"dictionary\"><\/span>;<\/p>\n<p>  (<span class=\"dictionary\"><\/span>b<span class=\"dictionary\"><\/span>)<span class=\"dictionary\"><\/span>serve<span class=\"dictionary\"><\/span> <span class=\"dictionary\"><\/span>as<span class=\"dictionary\"><\/span> <span class=\"dictionary\"><\/span>a<span class=\"dictionary\"><\/span> <span class=\"dictionary\"><\/span>member<span class=\"dictionary\"><\/span> <span class=\"dictionary\"><\/span>of<span class=\"dictionary\"><\/span> <span class=\"dictionary\"><\/span>the<span class=\"dictionary\"><\/span> <span class=\"dictionary\"><\/span>Board<span class=\"dictionary\"><\/span> <span class=\"dictionary\"><\/span>of<span class=\"dictionary\"><\/span> <span class=\"dictionary\"><\/span>Finance<span class=\"dictionary\"><\/span>;<\/p>\n<p>  (<span class=\"dictionary\"><\/span>c<span class=\"dictionary\"><\/span>)<span class=\"dictionary\"><\/span>have<span class=\"dictionary\"><\/span> <span class=\"dictionary\"><\/span>such<span class=\"dictionary\"><\/span> <span class=\"dictionary\"><\/span>general<span class=\"dictionary\"><\/span> <span class=\"dictionary\"><\/span>supervision<span class=\"dictionary\"><\/span> <span class=\"dictionary\"><\/span>of<span class=\"dictionary\"><\/span> <span class=\"dictionary\"><\/span>the<span class=\"dictionary\"><\/span> <span class=\"dictionary\"><\/span>Department<span class=\"dictionary\"><\/span> <span class=\"dictionary\"><\/span>of<span class=\"dictionary\"><\/span> <span class=\"dictionary\"><\/span>Audits<span class=\"dictionary\"><\/span> <span class=\"dictionary\"><\/span>and<span class=\"dictionary\"><\/span> <span class=\"dictionary\"><\/span>the<span class=\"dictionary\"><\/span> <span class=\"dictionary\"><\/span>activities<span class=\"dictionary\"><\/span> <span class=\"dictionary\"><\/span>of<span class=\"dictionary\"><\/span> <span class=\"dictionary\"><\/span>the<span class=\"dictionary\"><\/span> <span class=\"dictionary\"><\/span>City<span class=\"dictionary\"><\/span><br \/>\n<span class=\"dictionary\"><\/span>Auditor<span class=\"dictionary\"><\/span> <span class=\"dictionary\"><\/span>as<span class=\"dictionary\"><\/span> <span class=\"dictionary\"><\/span>provided<span class=\"dictionary\"><\/span> <span class=\"dictionary\"><\/span>for<span class=\"dictionary\"><\/span> <span class=\"dictionary\"><\/span>in<span class=\"dictionary\"><\/span> <span class=\"dictionary\"><\/span>the<span class=\"dictionary\"><\/span> <span class=\"dictionary\"><\/span>Charter<span class=\"dictionary\"><\/span>;<\/p>\n<p>  (<span class=\"dictionary\"><\/span>d<span class=\"dictionary\"><\/span>)<span class=\"dictionary\"><\/span>be<span class=\"dictionary\"><\/span> <span class=\"dictionary\"><\/span>responsible<span class=\"dictionary\"><\/span> <span class=\"dictionary\"><\/span>for<span class=\"dictionary\"><\/span> <span class=\"dictionary\"><\/span>the<span class=\"dictionary\"><\/span> <span class=\"dictionary\"><\/span>proper<span class=\"dictionary\"><\/span> <span class=\"dictionary\"><\/span>conduct<span class=\"dictionary\"><\/span>, <span class=\"dictionary\"><\/span>management<span class=\"dictionary\"><\/span> <span class=\"dictionary\"><\/span>and<span class=\"dictionary\"><\/span> <span class=\"dictionary\"><\/span>operation<span class=\"dictionary\"><\/span> <span class=\"dictionary\"><\/span>of<span class=\"dictionary\"><\/span> <span class=\"dictionary\"><\/span>the<span class=\"dictionary\"><\/span> <span class=\"dictionary\"><\/span>Department<span class=\"dictionary\"><\/span> <span class=\"dictionary\"><\/span>of<span class=\"dictionary\"><\/span> <span class=\"dictionary\"><\/span>Real<span class=\"dictionary\"><\/span><br \/>\n<span class=\"dictionary\"><\/span>Estate<span class=\"dictionary\"><\/span>; <span class=\"dictionary\"><\/span>and<span class=\"dictionary\"><\/span><\/p>\n<p>  (<span class=\"dictionary\"><\/span>e<span class=\"dictionary\"><\/span>)<span class=\"dictionary\"><\/span>subject<span class=\"dictionary\"><\/span> <span class=\"dictionary\"><\/span>to<span class=\"dictionary\"><\/span> <span class=\"dictionary\"><\/span>the<span class=\"dictionary\"><\/span> <span class=\"dictionary\"><\/span>approval<span class=\"dictionary\"><\/span> <span class=\"dictionary\"><\/span>of<span class=\"dictionary\"><\/span> <span class=\"dictionary\"><\/span>the<span class=\"dictionary\"><\/span> <span class=\"dictionary\"><\/span>Board<span class=\"dictionary\"><\/span> <span class=\"dictionary\"><\/span>of<span class=\"dictionary\"><\/span> <span class=\"dictionary\"><\/span>Estimates<span class=\"dictionary\"><\/span>, <span class=\"dictionary\"><\/span>and<span class=\"dictionary\"><\/span> <span class=\"dictionary\"><\/span>within<span class=\"dictionary\"><\/span> <span class=\"dictionary\"><\/span>the<span class=\"dictionary\"><\/span> <span class=\"dictionary\"><\/span>limits<span class=\"dictionary\"><\/span> <span class=\"dictionary\"><\/span>of<span class=\"dictionary\"><\/span> <span class=\"dictionary\"><\/span>the<span class=\"dictionary\"><\/span> <span class=\"dictionary\"><\/span>appropriation<span class=\"dictionary\"><\/span><br \/>\n<span class=\"dictionary\"><\/span>therefor<span class=\"dictionary\"><\/span> <span class=\"dictionary\"><\/span>in<span class=\"dictionary\"><\/span> <span class=\"dictionary\"><\/span>the<span class=\"dictionary\"><\/span> <span class=\"dictionary\"><\/span>Ordinance<span class=\"dictionary\"><\/span> <span class=\"dictionary\"><\/span>of<span class=\"dictionary\"><\/span> <span class=\"dictionary\"><\/span>Estimates<span class=\"dictionary\"><\/span>, <span class=\"dictionary\"><\/span>obtain<span class=\"dictionary\"><\/span> <span class=\"dictionary\"><\/span>such<span class=\"dictionary\"><\/span> <span class=\"dictionary\"><\/span>insurance<span class=\"dictionary\"><\/span> <span class=\"dictionary\"><\/span>as<span class=\"dictionary\"><\/span> <span class=\"dictionary\"><\/span>may<span class=\"dictionary\"><\/span> <span class=\"dictionary\"><\/span>be<span class=\"dictionary\"><\/span> <span class=\"dictionary\"><\/span>necessary<span class=\"dictionary\"><\/span> <span class=\"dictionary\"><\/span>for<span class=\"dictionary\"><\/span> <span class=\"dictionary\"><\/span>the<span class=\"dictionary\"><\/span><br \/>\n<span class=\"dictionary\"><\/span>proper<span class=\"dictionary\"><\/span> <span class=\"dictionary\"><\/span>protection<span class=\"dictionary\"><\/span> <span class=\"dictionary\"><\/span>of<span class=\"dictionary\"><\/span> <span class=\"dictionary\"><\/span>the<span class=\"dictionary\"><\/span> <span class=\"dictionary\"><\/span>City<span class=\"dictionary\"><\/span> <span class=\"dictionary\"><\/span>or<span class=\"dictionary\"><\/span> <span class=\"dictionary\"><\/span>as<span class=\"dictionary\"><\/span> <span class=\"dictionary\"><\/span>may<span class=\"dictionary\"><\/span> <span class=\"dictionary\"><\/span>be<span class=\"dictionary\"><\/span> <span class=\"dictionary\"><\/span>required<span class=\"dictionary\"><\/span> <span class=\"dictionary\"><\/span>by<span class=\"dictionary\"><\/span> <span class=\"dictionary\"><\/span>applicable<span class=\"dictionary\"><\/span> <span class=\"dictionary\"><\/span>law<span class=\"dictionary\"><\/span>, <span class=\"dictionary\"><\/span>and<span class=\"dictionary\"><\/span> <span class=\"dictionary\"><\/span>shall<span class=\"dictionary\"><\/span>, <span class=\"dictionary\"><\/span>whenever<span class=\"dictionary\"><\/span> <span class=\"dictionary\"><\/span>it<span class=\"dictionary\"><\/span><br \/>\n<span class=\"dictionary\"><\/span>would<span class=\"dictionary\"><\/span> <span class=\"dictionary\"><\/span>be<span class=\"dictionary\"><\/span> <span class=\"dictionary\"><\/span>to<span class=\"dictionary\"><\/span> <span class=\"dictionary\"><\/span>the<span class=\"dictionary\"><\/span> <span class=\"dictionary\"><\/span>City<span class=\"dictionary\"><\/span>\u2019<span class=\"dictionary\">s<\/span><span class=\"dictionary\"><\/span> <span class=\"dictionary\"><\/span>advantage<span class=\"dictionary\"><\/span>, <span class=\"dictionary\"><\/span>seek<span class=\"dictionary\"><\/span> <span class=\"dictionary\"><\/span>competitive<span class=\"dictionary\"><\/span> <span class=\"dictionary\"><\/span>bids<span class=\"dictionary\"><\/span> <span class=\"dictionary\"><\/span>for<span class=\"dictionary\"><\/span> <span class=\"dictionary\"><\/span>the<span class=\"dictionary\"><\/span> <span class=\"dictionary\"><\/span>insurance<span class=\"dictionary\"><\/span>; <span class=\"dictionary\"><\/span>and<span class=\"dictionary\"><\/span><\/p>\n<p>  (<span class=\"dictionary\"><\/span>f<span class=\"dictionary\"><\/span>)<span class=\"dictionary\"><\/span>perform<span class=\"dictionary\"><\/span> <span class=\"dictionary\"><\/span>such<span class=\"dictionary\"><\/span> <span class=\"dictionary\"><\/span>other<span class=\"dictionary\"><\/span> <span class=\"dictionary\"><\/span>duties<span class=\"dictionary\"><\/span>, <span class=\"dictionary\"><\/span>not<span class=\"dictionary\"><\/span> <span class=\"dictionary\"><\/span>inconsistent<span class=\"dictionary\"><\/span> <span class=\"dictionary\"><\/span>with<span class=\"dictionary\"><\/span> <span class=\"dictionary\"><\/span>the<span class=\"dictionary\"><\/span> <span class=\"dictionary\"><\/span>office<span class=\"dictionary\"><\/span>, <span class=\"dictionary\"><\/span>as<span class=\"dictionary\"><\/span> <span class=\"dictionary\"><\/span>prescribed<span class=\"dictionary\"><\/span> <span class=\"dictionary\"><\/span>by<span class=\"dictionary\"><\/span> <span class=\"dictionary\"><\/span>law<span class=\"dictionary\"><\/span>.<\/p>\n<\/p><\/section>","plain_text":"                              BALTIMORE CITY CHARTER\n\nGENERAL DUTIES. (\u00a7 V-3)\n\nThe Comptroller shall:\n  (a)serve as a member of the Board of Estimates;\n  (b)serve as a member of the Board of Finance;\n  (c)have such general supervision of the Department of Audits and the\nactivities of the City\nAuditor as provided for in the Charter;\n  (d)be responsible for the proper conduct, management and operation of the\nDepartment of Real\nEstate; and\n  (e)subject to the approval of the Board of Estimates, and within the limits of\nthe appropriation\ntherefor in the Ordinance of Estimates, obtain such insurance as may be\nnecessary for the\nproper protection of the City or as may be required by applicable law, and\nshall, whenever it\nwould be to the City\u2019s advantage, seek competitive bids for the insurance; and\n  (f)perform such other duties, not inconsistent with the office, as prescribed\nby law.\n","previous_section":{"id":"117","structure_id":"6","section_number":"V-2","catch_line":"Removal; vacancy.","url":"http:\/\/charter.baltimorecode.localhost\/V-2\/","api_url":"http:\/\/charter.baltimorecode.localhost\/api\/law\/V-2\/"},"text":{"0":{"id":"118","text":"The Comptroller shall:\n  (a)serve as a member of the Board of Estimates;\n  (b)serve as a member of the Board of Finance;\n  (c)have such general supervision of the Department of Audits and the activities of the City\nAuditor as provided for in the Charter;\n  (d)be responsible for the proper conduct, management and operation of the Department of Real\nEstate; and\n  (e)subject to the approval of the Board of Estimates, and within the limits of the appropriation\ntherefor in the Ordinance of Estimates, obtain such insurance as may be necessary for the\nproper protection of the City or as may be required by applicable law, and shall, whenever it\nwould be to the City\u2019s advantage, seek competitive bids for the insurance; and\n  (f)perform such other duties, not inconsistent with the office, as prescribed by law.\n","type":"section","prefixes":[""],"prefix":"","entire_prefix":"","prefix_anchor":"","level":1}}}