{"section_number":"V-9","section_id":"124","structure_id":"23","catch_line":"Department of Audits \u2013 comprehensive annual financial report.","history":"","full_text":" (a)  Audit of report.\n\nThe City Auditor, under the supervision of the Comptroller, shall audit the comprehensive annual\nfinancial report of the City, prepared by the Director of Finance.  This report shall be a public\ndocument.\n\n (b)  Access to records.\n\nTo carry out the Auditor\u2019s duties, the Auditor shall have access at all times to the financial\nrecords of all municipal agencies and the relevant financial records of contractors with, and\ngrantees of, the City.\r\r","ancestry":{"1":{"id":"23","name":"Comptroller","identifier":"V","label":"article","url":"http:\/\/charter.baltimorecode\/V\/"}},"structure_contents":{"0":{"id":"115","structure_id":"23","section_number":"V-1","catch_line":"Election, term, etc.; Deputy Comptroller, staff.","url":"http:\/\/charter.baltimorecode\/V-1\/","api_url":"http:\/\/charter.baltimorecode\/api\/law\/V-1\/"},"1":{"id":"117","structure_id":"23","section_number":"V-2","catch_line":"Removal; vacancy.","url":"http:\/\/charter.baltimorecode\/V-2\/","api_url":"http:\/\/charter.baltimorecode\/api\/law\/V-2\/"},"2":{"id":"118","structure_id":"23","section_number":"V-3","catch_line":"General duties.","url":"http:\/\/charter.baltimorecode\/V-3\/","api_url":"http:\/\/charter.baltimorecode\/api\/law\/V-3\/"},"3":{"id":"119","structure_id":"23","section_number":"V-4","catch_line":"Department of Real Estate \u2013 established.","url":"http:\/\/charter.baltimorecode\/V-4\/","api_url":"http:\/\/charter.baltimorecode\/api\/law\/V-4\/"},"4":{"id":"120","structure_id":"23","section_number":"V-5","catch_line":"Department of Real Estate \u2013 duties.","url":"http:\/\/charter.baltimorecode\/V-5\/","api_url":"http:\/\/charter.baltimorecode\/api\/law\/V-5\/"},"5":{"id":"121","structure_id":"23","section_number":"V-6","catch_line":"Real Property Account.","url":"http:\/\/charter.baltimorecode\/V-6\/","api_url":"http:\/\/charter.baltimorecode\/api\/law\/V-6\/"},"6":{"id":"122","structure_id":"23","section_number":"V-7","catch_line":"Department of Audits \u2013 established.","url":"http:\/\/charter.baltimorecode\/V-7\/","api_url":"http:\/\/charter.baltimorecode\/api\/law\/V-7\/"},"7":{"id":"123","structure_id":"23","section_number":"V-8","catch_line":"Department of Audits \u2013 general powers and duties.","url":"http:\/\/charter.baltimorecode\/V-8\/","api_url":"http:\/\/charter.baltimorecode\/api\/law\/V-8\/"},"8":{"id":"124","structure_id":"23","section_number":"V-9","catch_line":"Department of Audits \u2013 comprehensive annual financial report.","url":"http:\/\/charter.baltimorecode\/V-9\/","api_url":"http:\/\/charter.baltimorecode\/api\/law\/V-9\/"},"9":{"id":"116","structure_id":"23","section_number":"V-10","catch_line":"Department of Audits \u2013 independent auditors.","url":"http:\/\/charter.baltimorecode\/V-10\/","api_url":"http:\/\/charter.baltimorecode\/api\/law\/V-10\/"}},"next_section":{"id":"116","structure_id":"23","section_number":"V-10","catch_line":"Department of Audits \u2013 independent auditors.","url":"http:\/\/charter.baltimorecode\/V-10\/","api_url":"http:\/\/charter.baltimorecode\/api\/law\/V-10\/"},"references":false,"url":"http:\/\/charter.baltimorecode\/V-9\/","dublin_core":{"Title":"Department of Audits \u2013 comprehensive annual financial report.","Type":"Text","Format":"text\/html","Identifier":"\u00a7 V-9","Relation":"Baltimore City Charter"},"html":"\n\t\t\t\t\t<section><p><p>(<span class=\"dictionary\"><\/span>a<span class=\"dictionary\"><\/span>)  <span class=\"dictionary\"><\/span>Audit<span class=\"dictionary\"><\/span> <span class=\"dictionary\"><\/span>of<span class=\"dictionary\"><\/span> <span class=\"dictionary\"><\/span>report<span class=\"dictionary\"><\/span>.<\/p>\n<p><span class=\"dictionary\"><\/span>The<span class=\"dictionary\"><\/span> <span class=\"dictionary\"><\/span>City<span class=\"dictionary\"><\/span> <span class=\"dictionary\"><\/span>Auditor<span class=\"dictionary\"><\/span>, <span class=\"dictionary\"><\/span>under<span class=\"dictionary\"><\/span> <span class=\"dictionary\"><\/span>the<span class=\"dictionary\"><\/span> <span class=\"dictionary\"><\/span>supervision<span class=\"dictionary\"><\/span> <span class=\"dictionary\"><\/span>of<span class=\"dictionary\"><\/span> <span class=\"dictionary\"><\/span>the<span class=\"dictionary\"><\/span> <span class=\"dictionary\"><\/span>Comptroller<span class=\"dictionary\"><\/span>, <span class=\"dictionary\"><\/span>shall<span class=\"dictionary\"><\/span> <span class=\"dictionary\"><\/span>audit<span class=\"dictionary\"><\/span> <span class=\"dictionary\"><\/span>the<span class=\"dictionary\"><\/span> <span class=\"dictionary\"><\/span>comprehensive<span class=\"dictionary\"><\/span> <span class=\"dictionary\"><\/span>annual<span class=\"dictionary\"><\/span><br \/>\n<span class=\"dictionary\"><\/span>financial<span class=\"dictionary\"><\/span> <span class=\"dictionary\"><\/span>report<span class=\"dictionary\"><\/span> <span class=\"dictionary\"><\/span>of<span class=\"dictionary\"><\/span> <span class=\"dictionary\"><\/span>the<span class=\"dictionary\"><\/span> <span class=\"dictionary\"><\/span>City<span class=\"dictionary\"><\/span>, <span class=\"dictionary\"><\/span>prepared<span class=\"dictionary\"><\/span> <span class=\"dictionary\"><\/span>by<span class=\"dictionary\"><\/span> <span class=\"dictionary\"><\/span>the<span class=\"dictionary\"><\/span> <span class=\"dictionary\"><\/span>Director<span class=\"dictionary\"><\/span> <span class=\"dictionary\"><\/span>of<span class=\"dictionary\"><\/span> <span class=\"dictionary\"><\/span>Finance<span class=\"dictionary\"><\/span>.  <span class=\"dictionary\"><\/span>This<span class=\"dictionary\"><\/span> <span class=\"dictionary\"><\/span>report<span class=\"dictionary\"><\/span> <span class=\"dictionary\"><\/span>shall<span class=\"dictionary\"><\/span> <span class=\"dictionary\"><\/span>be<span class=\"dictionary\"><\/span> <span class=\"dictionary\"><\/span>a<span class=\"dictionary\"><\/span> <span class=\"dictionary\"><\/span>public<span class=\"dictionary\"><\/span><br \/>\n<span class=\"dictionary\"><\/span>document<span class=\"dictionary\"><\/span>.<\/p>\n<p> (<span class=\"dictionary\"><\/span>b<span class=\"dictionary\"><\/span>)  <span class=\"dictionary\"><\/span>Access<span class=\"dictionary\"><\/span> <span class=\"dictionary\"><\/span>to<span class=\"dictionary\"><\/span> <span class=\"dictionary\"><\/span>records<span class=\"dictionary\"><\/span>.<\/p>\n<p><span class=\"dictionary\"><\/span>To<span class=\"dictionary\"><\/span> <span class=\"dictionary\"><\/span>carry<span class=\"dictionary\"><\/span> <span class=\"dictionary\"><\/span>out<span class=\"dictionary\"><\/span> <span class=\"dictionary\"><\/span>the<span class=\"dictionary\"><\/span> <span class=\"dictionary\"><\/span>Auditor<span class=\"dictionary\"><\/span>\u2019<span class=\"dictionary\">s<\/span><span class=\"dictionary\"><\/span> <span class=\"dictionary\"><\/span>duties<span class=\"dictionary\"><\/span>, <span class=\"dictionary\"><\/span>the<span class=\"dictionary\"><\/span> <span class=\"dictionary\"><\/span>Auditor<span class=\"dictionary\"><\/span> <span class=\"dictionary\"><\/span>shall<span class=\"dictionary\"><\/span> <span class=\"dictionary\"><\/span>have<span class=\"dictionary\"><\/span> <span class=\"dictionary\"><\/span>access<span class=\"dictionary\"><\/span> <span class=\"dictionary\"><\/span>at<span class=\"dictionary\"><\/span> <span class=\"dictionary\"><\/span>all<span class=\"dictionary\"><\/span> <span class=\"dictionary\"><\/span>times<span class=\"dictionary\"><\/span> <span class=\"dictionary\"><\/span>to<span class=\"dictionary\"><\/span> <span class=\"dictionary\"><\/span>the<span class=\"dictionary\"><\/span> <span class=\"dictionary\"><\/span>financial<span class=\"dictionary\"><\/span><br \/>\n<span class=\"dictionary\"><\/span>records<span class=\"dictionary\"><\/span> <span class=\"dictionary\"><\/span>of<span class=\"dictionary\"><\/span> <span class=\"dictionary\"><\/span>all<span class=\"dictionary\"><\/span> <span class=\"dictionary\"><\/span>municipal<span class=\"dictionary\"><\/span> <span class=\"dictionary\"><\/span>agencies<span class=\"dictionary\"><\/span> <span class=\"dictionary\"><\/span>and<span class=\"dictionary\"><\/span> <span class=\"dictionary\"><\/span>the<span class=\"dictionary\"><\/span> <span class=\"dictionary\"><\/span>relevant<span class=\"dictionary\"><\/span> <span class=\"dictionary\"><\/span>financial<span class=\"dictionary\"><\/span> <span class=\"dictionary\"><\/span>records<span class=\"dictionary\"><\/span> <span class=\"dictionary\"><\/span>of<span class=\"dictionary\"><\/span> <span class=\"dictionary\"><\/span>contractors<span class=\"dictionary\"><\/span> <span class=\"dictionary\"><\/span>with<span class=\"dictionary\"><\/span>, <span class=\"dictionary\"><\/span>and<span class=\"dictionary\"><\/span><br \/>\n<span class=\"dictionary\"><\/span>grantees<span class=\"dictionary\"><\/span> <span class=\"dictionary\"><\/span>of<span class=\"dictionary\"><\/span>, <span class=\"dictionary\"><\/span>the<span class=\"dictionary\"><\/span> <span class=\"dictionary\"><\/span>City<span class=\"dictionary\"><\/span>.<\/p>\n<\/p><\/section>","plain_text":"                              BALTIMORE CITY CHARTER\n\nDEPARTMENT OF AUDITS \u2013 COMPREHENSIVE ANNUAL FINANCIAL REPORT. (\u00a7 V-9)\n\n(a)  Audit of report.\nThe City Auditor, under the supervision of the Comptroller, shall audit the\ncomprehensive annual\nfinancial report of the City, prepared by the Director of Finance.  This report\nshall be a public\ndocument.\n (b)  Access to records.\nTo carry out the Auditor\u2019s duties, the Auditor shall have access at all times\nto the financial\nrecords of all municipal agencies and the relevant financial records of\ncontractors with, and\ngrantees of, the City.\n","previous_section":{"id":"123","structure_id":"23","section_number":"V-8","catch_line":"Department of Audits \u2013 general powers and duties.","url":"http:\/\/charter.baltimorecode\/V-8\/","api_url":"http:\/\/charter.baltimorecode\/api\/law\/V-8\/"},"text":{"0":{"id":"124","text":"(a)  Audit of report.\nThe City Auditor, under the supervision of the Comptroller, shall audit the comprehensive annual\nfinancial report of the City, prepared by the Director of Finance.  This report shall be a public\ndocument.\n (b)  Access to records.\nTo carry out the Auditor\u2019s duties, the Auditor shall have access at all times to the financial\nrecords of all municipal agencies and the relevant financial records of contractors with, and\ngrantees of, the City.\n","type":"section","prefixes":[""],"prefix":"","entire_prefix":"","prefix_anchor":"","level":1}}}