{"section_number":"VI-12","section_id":"128","structure_id":"7","catch_line":"Salary and wage scales; work conditions.","history":"","full_text":" (a)  In general.\n\n(1)The Board shall fix the salary or wage scales for the several classifications of the City\nemployee in the Classified Civil Service, and such scales, so far as practicable, shall be\nuniform for all like classifications except that where a final decision of a board of arbitration\nconvened to arbitrate unresolved negotiations between the City and the certified employee\norganization representing the fire fighters and fire officers has been rendered in any year, the\namounts as determined shall be adopted by the Board of Estimates as the salary and wage\nscales for employees of the Fire Department.\n\n (2)The Board shall also adopt such rules and regulations as it may deem appropriate to insure, so\nfar as practicable, like working conditions for the employees in the several municipal\nagencies, including vacation and sick leave.\n\n (b)Multi-year collective bargaining agreements.\n\n(1)The Board of Estimates may approve collective bargaining agreements between the City\nand either or both the Baltimore Fire Fighters, IAFF Local 734, and the Baltimore Fire\nOfficers, IAFF Local 964, for terms of not less than 1 fiscal year and not more than 3\nconsecutive fiscal years, so long as the term of any collective bargaining agreement does\nnot extend beyond the fiscal year in which the current Mayor\u2019s term of office ends.\n\n  (2)The Board shall annually include in the Ordinance of Estimates submitted to the City Council\nan amount sufficient to fund the salaries provided for in any collective bargaining agreement\nbetween the City and the local unions listed in paragraph (1) of this subsection.\n(Res. 06-016, ratified Nov. 7, 2006.)\r\r","ancestry":{"1":{"id":"7","name":"Board of Estimates","identifier":"VI","label":"article","url":"http:\/\/charter.baltimorecode.localhost\/VI\/"}},"structure_contents":{"0":{"id":"125","structure_id":"7","section_number":"VI-1","catch_line":"Establishment and organization.","url":"http:\/\/charter.baltimorecode.localhost\/VI-1\/","api_url":"http:\/\/charter.baltimorecode.localhost\/api\/law\/VI-1\/"},"1":{"id":"126","structure_id":"7","section_number":"VI-10","catch_line":"Salaries.","url":"http:\/\/charter.baltimorecode.localhost\/VI-10\/","api_url":"http:\/\/charter.baltimorecode.localhost\/api\/law\/VI-10\/"},"2":{"id":"127","structure_id":"7","section_number":"VI-11","catch_line":"Procurement.","url":"http:\/\/charter.baltimorecode.localhost\/VI-11\/","api_url":"http:\/\/charter.baltimorecode.localhost\/api\/law\/VI-11\/"},"3":{"id":"128","structure_id":"7","section_number":"VI-12","catch_line":"Salary and wage scales; work conditions.","url":"http:\/\/charter.baltimorecode.localhost\/VI-12\/","api_url":"http:\/\/charter.baltimorecode.localhost\/api\/law\/VI-12\/"},"4":{"id":"129","structure_id":"7","section_number":"VI-13","catch_line":"Command appearance of municipal officers.","url":"http:\/\/charter.baltimorecode.localhost\/VI-13\/","api_url":"http:\/\/charter.baltimorecode.localhost\/api\/law\/VI-13\/"},"5":{"id":"130","structure_id":"7","section_number":"VI-14","catch_line":"Bonds of municipal officers.","url":"http:\/\/charter.baltimorecode.localhost\/VI-14\/","api_url":"http:\/\/charter.baltimorecode.localhost\/api\/law\/VI-14\/"},"6":{"id":"131","structure_id":"7","section_number":"VI-15","catch_line":"Claims against or by City.","url":"http:\/\/charter.baltimorecode.localhost\/VI-15\/","api_url":"http:\/\/charter.baltimorecode.localhost\/api\/law\/VI-15\/"},"7":{"id":"132","structure_id":"7","section_number":"VI-16","catch_line":"Salaries of State\u2019s Attorney\u2019s Office.","url":"http:\/\/charter.baltimorecode.localhost\/VI-16\/","api_url":"http:\/\/charter.baltimorecode.localhost\/api\/law\/VI-16\/"},"8":{"id":"133","structure_id":"7","section_number":"VI-17","catch_line":"Expenditures for new improvements.","url":"http:\/\/charter.baltimorecode.localhost\/VI-17\/","api_url":"http:\/\/charter.baltimorecode.localhost\/api\/law\/VI-17\/"},"9":{"id":"134","structure_id":"7","section_number":"VI-18","catch_line":"Water, sanitary wastewater, and stormwater utilities.","url":"http:\/\/charter.baltimorecode.localhost\/VI-18\/","api_url":"http:\/\/charter.baltimorecode.localhost\/api\/law\/VI-18\/"},"10":{"id":"135","structure_id":"7","section_number":"VI-2","catch_line":"Powers and duties.","url":"http:\/\/charter.baltimorecode.localhost\/VI-2\/","api_url":"http:\/\/charter.baltimorecode.localhost\/api\/law\/VI-2\/"},"11":{"id":"136","structure_id":"7","section_number":"VI-3","catch_line":"Fiscal year; budget schedule.","url":"http:\/\/charter.baltimorecode.localhost\/VI-3\/","api_url":"http:\/\/charter.baltimorecode.localhost\/api\/law\/VI-3\/"},"12":{"id":"137","structure_id":"7","section_number":"VI-4","catch_line":"Assistance from Finance Director and Planning Commission.","url":"http:\/\/charter.baltimorecode.localhost\/VI-4\/","api_url":"http:\/\/charter.baltimorecode.localhost\/api\/law\/VI-4\/"},"13":{"id":"138","structure_id":"7","section_number":"VI-5","catch_line":"Preparation of proposed Ordinance of Estimates.","url":"http:\/\/charter.baltimorecode.localhost\/VI-5\/","api_url":"http:\/\/charter.baltimorecode.localhost\/api\/law\/VI-5\/"},"14":{"id":"139","structure_id":"7","section_number":"VI-6","catch_line":"Adoption of proposed Ordinance of Estimates.","url":"http:\/\/charter.baltimorecode.localhost\/VI-6\/","api_url":"http:\/\/charter.baltimorecode.localhost\/api\/law\/VI-6\/"},"15":{"id":"140","structure_id":"7","section_number":"VI-7","catch_line":"Enactment of Ordinance of Estimates.","url":"http:\/\/charter.baltimorecode.localhost\/VI-7\/","api_url":"http:\/\/charter.baltimorecode.localhost\/api\/law\/VI-7\/"},"16":{"id":"141","structure_id":"7","section_number":"VI-8","catch_line":"Deficiencies; supplementary appropriations.","url":"http:\/\/charter.baltimorecode.localhost\/VI-8\/","api_url":"http:\/\/charter.baltimorecode.localhost\/api\/law\/VI-8\/"},"17":{"id":"142","structure_id":"7","section_number":"VI-9","catch_line":"Uses of appropriations.","url":"http:\/\/charter.baltimorecode.localhost\/VI-9\/","api_url":"http:\/\/charter.baltimorecode.localhost\/api\/law\/VI-9\/"}},"next_section":{"id":"129","structure_id":"7","section_number":"VI-13","catch_line":"Command appearance of municipal officers.","url":"http:\/\/charter.baltimorecode.localhost\/VI-13\/","api_url":"http:\/\/charter.baltimorecode.localhost\/api\/law\/VI-13\/"},"references":false,"url":"http:\/\/charter.baltimorecode.localhost\/VI-12\/","dublin_core":{"Title":"Salary and wage scales; work conditions.","Type":"Text","Format":"text\/html","Identifier":"\u00a7 VI-12","Relation":"Baltimore City Charter"},"html":"\n\t\t\t\t\t<section><p><p>(<span class=\"dictionary\"><\/span>a<span class=\"dictionary\"><\/span>)  <span class=\"dictionary\"><\/span>In<span class=\"dictionary\"><\/span> <span class=\"dictionary\"><\/span>general<span class=\"dictionary\"><\/span>.<\/p>\n<p>(<span class=\"dictionary\"><\/span>1<span class=\"dictionary\"><\/span>)<span class=\"dictionary\"><\/span>The<span class=\"dictionary\"><\/span> <span class=\"dictionary\"><\/span>Board<span class=\"dictionary\"><\/span> <span class=\"dictionary\"><\/span>shall<span class=\"dictionary\"><\/span> <span class=\"dictionary\"><\/span>fix<span class=\"dictionary\"><\/span> <span class=\"dictionary\"><\/span>the<span class=\"dictionary\"><\/span> <span class=\"dictionary\"><\/span>salary<span class=\"dictionary\"><\/span> <span class=\"dictionary\"><\/span>or<span class=\"dictionary\"><\/span> <span class=\"dictionary\"><\/span>wage<span class=\"dictionary\"><\/span> <span class=\"dictionary\"><\/span>scales<span class=\"dictionary\"><\/span> <span class=\"dictionary\"><\/span>for<span class=\"dictionary\"><\/span> <span class=\"dictionary\"><\/span>the<span class=\"dictionary\"><\/span> <span class=\"dictionary\"><\/span>several<span class=\"dictionary\"><\/span> <span class=\"dictionary\"><\/span>classifications<span class=\"dictionary\"><\/span> <span class=\"dictionary\"><\/span>of<span class=\"dictionary\"><\/span> <span class=\"dictionary\"><\/span>the<span class=\"dictionary\"><\/span> <span class=\"dictionary\"><\/span>City<span class=\"dictionary\"><\/span><br \/>\n<span class=\"dictionary\"><\/span>employee<span class=\"dictionary\"><\/span> <span class=\"dictionary\"><\/span>in<span class=\"dictionary\"><\/span> <span class=\"dictionary\"><\/span>the<span class=\"dictionary\"><\/span> <span class=\"dictionary\"><\/span>Classified<span class=\"dictionary\"><\/span> <span class=\"dictionary\"><\/span>Civil<span class=\"dictionary\"><\/span> <span class=\"dictionary\"><\/span>Service<span class=\"dictionary\"><\/span>, <span class=\"dictionary\"><\/span>and<span class=\"dictionary\"><\/span> <span class=\"dictionary\"><\/span>such<span class=\"dictionary\"><\/span> <span class=\"dictionary\"><\/span>scales<span class=\"dictionary\"><\/span>, <span class=\"dictionary\"><\/span>so<span class=\"dictionary\"><\/span> <span class=\"dictionary\"><\/span>far<span class=\"dictionary\"><\/span> <span class=\"dictionary\"><\/span>as<span class=\"dictionary\"><\/span> <span class=\"dictionary\"><\/span>practicable<span class=\"dictionary\"><\/span>, <span class=\"dictionary\"><\/span>shall<span class=\"dictionary\"><\/span> <span class=\"dictionary\"><\/span>be<span class=\"dictionary\"><\/span><br \/>\n<span class=\"dictionary\"><\/span>uniform<span class=\"dictionary\"><\/span> <span class=\"dictionary\"><\/span>for<span class=\"dictionary\"><\/span> <span class=\"dictionary\"><\/span>all<span class=\"dictionary\"><\/span> <span class=\"dictionary\"><\/span>like<span class=\"dictionary\"><\/span> <span class=\"dictionary\"><\/span>classifications<span class=\"dictionary\"><\/span> <span class=\"dictionary\"><\/span>except<span class=\"dictionary\"><\/span> <span class=\"dictionary\"><\/span>that<span class=\"dictionary\"><\/span> <span class=\"dictionary\"><\/span>where<span class=\"dictionary\"><\/span> <span class=\"dictionary\"><\/span>a<span class=\"dictionary\"><\/span> <span class=\"dictionary\"><\/span>final<span class=\"dictionary\"><\/span> <span class=\"dictionary\"><\/span>decision<span class=\"dictionary\"><\/span> <span class=\"dictionary\"><\/span>of<span class=\"dictionary\"><\/span> <span class=\"dictionary\"><\/span>a<span class=\"dictionary\"><\/span> <span class=\"dictionary\"><\/span>board<span class=\"dictionary\"><\/span> <span class=\"dictionary\"><\/span>of<span class=\"dictionary\"><\/span> <span class=\"dictionary\"><\/span>arbitration<span class=\"dictionary\"><\/span><br \/>\n<span class=\"dictionary\"><\/span>convened<span class=\"dictionary\"><\/span> <span class=\"dictionary\"><\/span>to<span class=\"dictionary\"><\/span> <span class=\"dictionary\"><\/span>arbitrate<span class=\"dictionary\"><\/span> <span class=\"dictionary\"><\/span>unresolved<span class=\"dictionary\"><\/span> <span class=\"dictionary\"><\/span>negotiations<span class=\"dictionary\"><\/span> <span class=\"dictionary\"><\/span>between<span class=\"dictionary\"><\/span> <span class=\"dictionary\"><\/span>the<span class=\"dictionary\"><\/span> <span class=\"dictionary\"><\/span>City<span class=\"dictionary\"><\/span> <span class=\"dictionary\"><\/span>and<span class=\"dictionary\"><\/span> <span class=\"dictionary\"><\/span>the<span class=\"dictionary\"><\/span> <span class=\"dictionary\"><\/span>certified<span class=\"dictionary\"><\/span> <span class=\"dictionary\"><\/span>employee<span class=\"dictionary\"><\/span><br \/>\n<span class=\"dictionary\"><\/span>organization<span class=\"dictionary\"><\/span> <span class=\"dictionary\"><\/span>representing<span class=\"dictionary\"><\/span> <span class=\"dictionary\"><\/span>the<span class=\"dictionary\"><\/span> <span class=\"dictionary\"><\/span>fire<span class=\"dictionary\"><\/span> <span class=\"dictionary\"><\/span>fighters<span class=\"dictionary\"><\/span> <span class=\"dictionary\"><\/span>and<span class=\"dictionary\"><\/span> <span class=\"dictionary\"><\/span>fire<span class=\"dictionary\"><\/span> <span class=\"dictionary\"><\/span>officers<span class=\"dictionary\"><\/span> <span class=\"dictionary\"><\/span>has<span class=\"dictionary\"><\/span> <span class=\"dictionary\"><\/span>been<span class=\"dictionary\"><\/span> <span class=\"dictionary\"><\/span>rendered<span class=\"dictionary\"><\/span> <span class=\"dictionary\"><\/span>in<span class=\"dictionary\"><\/span> <span class=\"dictionary\"><\/span>any<span class=\"dictionary\"><\/span> <span class=\"dictionary\"><\/span>year<span class=\"dictionary\"><\/span>, <span class=\"dictionary\"><\/span>the<span class=\"dictionary\"><\/span><br \/>\n<span class=\"dictionary\"><\/span>amounts<span class=\"dictionary\"><\/span> <span class=\"dictionary\"><\/span>as<span class=\"dictionary\"><\/span> <span class=\"dictionary\"><\/span>determined<span class=\"dictionary\"><\/span> <span class=\"dictionary\"><\/span>shall<span class=\"dictionary\"><\/span> <span class=\"dictionary\"><\/span>be<span class=\"dictionary\"><\/span> <span class=\"dictionary\"><\/span>adopted<span class=\"dictionary\"><\/span> <span class=\"dictionary\"><\/span>by<span class=\"dictionary\"><\/span> <span class=\"dictionary\"><\/span>the<span class=\"dictionary\"><\/span> <span class=\"dictionary\"><\/span>Board<span class=\"dictionary\"><\/span> <span class=\"dictionary\"><\/span>of<span class=\"dictionary\"><\/span> <span class=\"dictionary\"><\/span>Estimates<span class=\"dictionary\"><\/span> <span class=\"dictionary\"><\/span>as<span class=\"dictionary\"><\/span> <span class=\"dictionary\"><\/span>the<span class=\"dictionary\"><\/span> <span class=\"dictionary\"><\/span>salary<span class=\"dictionary\"><\/span> <span class=\"dictionary\"><\/span>and<span class=\"dictionary\"><\/span> <span class=\"dictionary\"><\/span>wage<span class=\"dictionary\"><\/span><br \/>\n<span class=\"dictionary\"><\/span>scales<span class=\"dictionary\"><\/span> <span class=\"dictionary\"><\/span>for<span class=\"dictionary\"><\/span> <span class=\"dictionary\"><\/span>employees<span class=\"dictionary\"><\/span> <span class=\"dictionary\"><\/span>of<span class=\"dictionary\"><\/span> <span class=\"dictionary\"><\/span>the<span class=\"dictionary\"><\/span> <span class=\"dictionary\"><\/span>Fire<span class=\"dictionary\"><\/span> <span class=\"dictionary\"><\/span>Department<span class=\"dictionary\"><\/span>.<\/p>\n<p> (<span class=\"dictionary\"><\/span>2<span class=\"dictionary\"><\/span>)<span class=\"dictionary\"><\/span>The<span class=\"dictionary\"><\/span> <span class=\"dictionary\"><\/span>Board<span class=\"dictionary\"><\/span> <span class=\"dictionary\"><\/span>shall<span class=\"dictionary\"><\/span> <span class=\"dictionary\"><\/span>also<span class=\"dictionary\"><\/span> <span class=\"dictionary\"><\/span>adopt<span class=\"dictionary\"><\/span> <span class=\"dictionary\"><\/span>such<span class=\"dictionary\"><\/span> <span class=\"dictionary\"><\/span>rules<span class=\"dictionary\"><\/span> <span class=\"dictionary\"><\/span>and<span class=\"dictionary\"><\/span> <span class=\"dictionary\"><\/span>regulations<span class=\"dictionary\"><\/span> <span class=\"dictionary\"><\/span>as<span class=\"dictionary\"><\/span> <span class=\"dictionary\"><\/span>it<span class=\"dictionary\"><\/span> <span class=\"dictionary\"><\/span>may<span class=\"dictionary\"><\/span> <span class=\"dictionary\"><\/span>deem<span class=\"dictionary\"><\/span> <span class=\"dictionary\"><\/span>appropriate<span class=\"dictionary\"><\/span> <span class=\"dictionary\"><\/span>to<span class=\"dictionary\"><\/span> <span class=\"dictionary\"><\/span>insure<span class=\"dictionary\"><\/span>, <span class=\"dictionary\"><\/span>so<span class=\"dictionary\"><\/span><br \/>\n<span class=\"dictionary\"><\/span>far<span class=\"dictionary\"><\/span> <span class=\"dictionary\"><\/span>as<span class=\"dictionary\"><\/span> <span class=\"dictionary\"><\/span>practicable<span class=\"dictionary\"><\/span>, <span class=\"dictionary\"><\/span>like<span class=\"dictionary\"><\/span> <span class=\"dictionary\"><\/span>working<span class=\"dictionary\"><\/span> <span class=\"dictionary\"><\/span>conditions<span class=\"dictionary\"><\/span> <span class=\"dictionary\"><\/span>for<span class=\"dictionary\"><\/span> <span class=\"dictionary\"><\/span>the<span class=\"dictionary\"><\/span> <span class=\"dictionary\"><\/span>employees<span class=\"dictionary\"><\/span> <span class=\"dictionary\"><\/span>in<span class=\"dictionary\"><\/span> <span class=\"dictionary\"><\/span>the<span class=\"dictionary\"><\/span> <span class=\"dictionary\"><\/span>several<span class=\"dictionary\"><\/span> <span class=\"dictionary\"><\/span>municipal<span class=\"dictionary\"><\/span><br \/>\n<span class=\"dictionary\"><\/span>agencies<span class=\"dictionary\"><\/span>, <span class=\"dictionary\"><\/span>including<span class=\"dictionary\"><\/span> <span class=\"dictionary\"><\/span>vacation<span class=\"dictionary\"><\/span> <span class=\"dictionary\"><\/span>and<span class=\"dictionary\"><\/span> <span class=\"dictionary\"><\/span>sick<span class=\"dictionary\"><\/span> <span class=\"dictionary\"><\/span>leave<span class=\"dictionary\"><\/span>.<\/p>\n<p> (<span class=\"dictionary\"><\/span>b<span class=\"dictionary\"><\/span>)<span class=\"dictionary\"><\/span>Multi<span class=\"dictionary\"><\/span>-<span class=\"dictionary\"><\/span>year<span class=\"dictionary\"><\/span> <span class=\"dictionary\"><\/span>collective<span class=\"dictionary\"><\/span> <span class=\"dictionary\"><\/span>bargaining<span class=\"dictionary\"><\/span> <span class=\"dictionary\"><\/span>agreements<span class=\"dictionary\"><\/span>.<\/p>\n<p>(<span class=\"dictionary\"><\/span>1<span class=\"dictionary\"><\/span>)<span class=\"dictionary\"><\/span>The<span class=\"dictionary\"><\/span> <span class=\"dictionary\"><\/span>Board<span class=\"dictionary\"><\/span> <span class=\"dictionary\"><\/span>of<span class=\"dictionary\"><\/span> <span class=\"dictionary\"><\/span>Estimates<span class=\"dictionary\"><\/span> <span class=\"dictionary\"><\/span>may<span class=\"dictionary\"><\/span> <span class=\"dictionary\"><\/span>approve<span class=\"dictionary\"><\/span> <span class=\"dictionary\"><\/span>collective<span class=\"dictionary\"><\/span> <span class=\"dictionary\"><\/span>bargaining<span class=\"dictionary\"><\/span> <span class=\"dictionary\"><\/span>agreements<span class=\"dictionary\"><\/span> <span class=\"dictionary\"><\/span>between<span class=\"dictionary\"><\/span> <span class=\"dictionary\"><\/span>the<span class=\"dictionary\"><\/span> <span class=\"dictionary\"><\/span>City<span class=\"dictionary\"><\/span><br \/>\n<span class=\"dictionary\"><\/span>and<span class=\"dictionary\"><\/span> <span class=\"dictionary\"><\/span>either<span class=\"dictionary\"><\/span> <span class=\"dictionary\"><\/span>or<span class=\"dictionary\"><\/span> <span class=\"dictionary\"><\/span>both<span class=\"dictionary\"><\/span> <span class=\"dictionary\"><\/span>the<span class=\"dictionary\"><\/span> <span class=\"dictionary\"><\/span>Baltimore<span class=\"dictionary\"><\/span> <span class=\"dictionary\"><\/span>Fire<span class=\"dictionary\"><\/span> <span class=\"dictionary\"><\/span>Fighters<span class=\"dictionary\"><\/span>, <span class=\"dictionary\"><\/span>IAFF<span class=\"dictionary\"><\/span> <span class=\"dictionary\"><\/span>Local<span class=\"dictionary\"><\/span> <span class=\"dictionary\"><\/span>734<span class=\"dictionary\"><\/span>, <span class=\"dictionary\"><\/span>and<span class=\"dictionary\"><\/span> <span class=\"dictionary\"><\/span>the<span class=\"dictionary\"><\/span> <span class=\"dictionary\"><\/span>Baltimore<span class=\"dictionary\"><\/span> <span class=\"dictionary\"><\/span>Fire<span class=\"dictionary\"><\/span><br \/>\n<span class=\"dictionary\"><\/span>Officers<span class=\"dictionary\"><\/span>, <span class=\"dictionary\"><\/span>IAFF<span class=\"dictionary\"><\/span> <span class=\"dictionary\"><\/span>Local<span class=\"dictionary\"><\/span> <span class=\"dictionary\"><\/span>964<span class=\"dictionary\"><\/span>, <span class=\"dictionary\"><\/span>for<span class=\"dictionary\"><\/span> <span class=\"dictionary\"><\/span>terms<span class=\"dictionary\"><\/span> <span class=\"dictionary\"><\/span>of<span class=\"dictionary\"><\/span> <span class=\"dictionary\"><\/span>not<span class=\"dictionary\"><\/span> <span class=\"dictionary\"><\/span>less<span class=\"dictionary\"><\/span> <span class=\"dictionary\"><\/span>than<span class=\"dictionary\"><\/span> <span class=\"dictionary\"><\/span>1<span class=\"dictionary\"><\/span> <span class=\"dictionary\"><\/span>fiscal<span class=\"dictionary\"><\/span> <span class=\"dictionary\"><\/span>year<span class=\"dictionary\"><\/span> <span class=\"dictionary\"><\/span>and<span class=\"dictionary\"><\/span> <span class=\"dictionary\"><\/span>not<span class=\"dictionary\"><\/span> <span class=\"dictionary\"><\/span>more<span class=\"dictionary\"><\/span> <span class=\"dictionary\"><\/span>than<span class=\"dictionary\"><\/span> <span class=\"dictionary\"><\/span>3<span class=\"dictionary\"><\/span><br \/>\n<span class=\"dictionary\"><\/span>consecutive<span class=\"dictionary\"><\/span> <span class=\"dictionary\"><\/span>fiscal<span class=\"dictionary\"><\/span> <span class=\"dictionary\"><\/span>years<span class=\"dictionary\"><\/span>, <span class=\"dictionary\"><\/span>so<span class=\"dictionary\"><\/span> <span class=\"dictionary\"><\/span>long<span class=\"dictionary\"><\/span> <span class=\"dictionary\"><\/span>as<span class=\"dictionary\"><\/span> <span class=\"dictionary\"><\/span>the<span class=\"dictionary\"><\/span> <span class=\"dictionary\"><\/span>term<span class=\"dictionary\"><\/span> <span class=\"dictionary\"><\/span>of<span class=\"dictionary\"><\/span> <span class=\"dictionary\"><\/span>any<span class=\"dictionary\"><\/span> <span class=\"dictionary\"><\/span>collective<span class=\"dictionary\"><\/span> <span class=\"dictionary\"><\/span>bargaining<span class=\"dictionary\"><\/span> <span class=\"dictionary\"><\/span>agreement<span class=\"dictionary\"><\/span> <span class=\"dictionary\"><\/span>does<span class=\"dictionary\"><\/span><br \/>\n<span class=\"dictionary\"><\/span>not<span class=\"dictionary\"><\/span> <span class=\"dictionary\"><\/span>extend<span class=\"dictionary\"><\/span> <span class=\"dictionary\"><\/span>beyond<span class=\"dictionary\"><\/span> <span class=\"dictionary\"><\/span>the<span class=\"dictionary\"><\/span> <span class=\"dictionary\"><\/span>fiscal<span class=\"dictionary\"><\/span> <span class=\"dictionary\"><\/span>year<span class=\"dictionary\"><\/span> <span class=\"dictionary\"><\/span>in<span class=\"dictionary\"><\/span> <span class=\"dictionary\"><\/span>which<span class=\"dictionary\"><\/span> <span class=\"dictionary\"><\/span>the<span class=\"dictionary\"><\/span> <span class=\"dictionary\"><\/span>current<span class=\"dictionary\"><\/span> <span class=\"dictionary\"><\/span>Mayor<span class=\"dictionary\"><\/span>\u2019<span class=\"dictionary\">s<\/span><span class=\"dictionary\"><\/span> <span class=\"dictionary\"><\/span>term<span class=\"dictionary\"><\/span> <span class=\"dictionary\"><\/span>of<span class=\"dictionary\"><\/span> <span class=\"dictionary\"><\/span>office<span class=\"dictionary\"><\/span> <span class=\"dictionary\"><\/span>ends<span class=\"dictionary\"><\/span>.<\/p>\n<p>  (<span class=\"dictionary\"><\/span>2<span class=\"dictionary\"><\/span>)<span class=\"dictionary\"><\/span>The<span class=\"dictionary\"><\/span> <span class=\"dictionary\"><\/span>Board<span class=\"dictionary\"><\/span> <span class=\"dictionary\"><\/span>shall<span class=\"dictionary\"><\/span> <span class=\"dictionary\"><\/span>annually<span class=\"dictionary\"><\/span> <span class=\"dictionary\"><\/span>include<span class=\"dictionary\"><\/span> <span class=\"dictionary\"><\/span>in<span class=\"dictionary\"><\/span> <span class=\"dictionary\"><\/span>the<span class=\"dictionary\"><\/span> <span class=\"dictionary\"><\/span>Ordinance<span class=\"dictionary\"><\/span> <span class=\"dictionary\"><\/span>of<span class=\"dictionary\"><\/span> <span class=\"dictionary\"><\/span>Estimates<span class=\"dictionary\"><\/span> <span class=\"dictionary\"><\/span>submitted<span class=\"dictionary\"><\/span> <span class=\"dictionary\"><\/span>to<span class=\"dictionary\"><\/span> <span class=\"dictionary\"><\/span>the<span class=\"dictionary\"><\/span> <span class=\"dictionary\"><\/span>City<span class=\"dictionary\"><\/span> <span class=\"dictionary\"><\/span>Council<span class=\"dictionary\"><\/span><br \/>\n<span class=\"dictionary\"><\/span>an<span class=\"dictionary\"><\/span> <span class=\"dictionary\"><\/span>amount<span class=\"dictionary\"><\/span> <span class=\"dictionary\"><\/span>sufficient<span class=\"dictionary\"><\/span> <span class=\"dictionary\"><\/span>to<span class=\"dictionary\"><\/span> <span class=\"dictionary\"><\/span>fund<span class=\"dictionary\"><\/span> <span class=\"dictionary\"><\/span>the<span class=\"dictionary\"><\/span> <span class=\"dictionary\"><\/span>salaries<span class=\"dictionary\"><\/span> <span class=\"dictionary\"><\/span>provided<span class=\"dictionary\"><\/span> <span class=\"dictionary\"><\/span>for<span class=\"dictionary\"><\/span> <span class=\"dictionary\"><\/span>in<span class=\"dictionary\"><\/span> <span class=\"dictionary\"><\/span>any<span class=\"dictionary\"><\/span> <span class=\"dictionary\"><\/span>collective<span class=\"dictionary\"><\/span> <span class=\"dictionary\"><\/span>bargaining<span class=\"dictionary\"><\/span> <span class=\"dictionary\"><\/span>agreement<span class=\"dictionary\"><\/span><br \/>\n<span class=\"dictionary\"><\/span>between<span class=\"dictionary\"><\/span> <span class=\"dictionary\"><\/span>the<span class=\"dictionary\"><\/span> <span class=\"dictionary\"><\/span>City<span class=\"dictionary\"><\/span> <span class=\"dictionary\"><\/span>and<span class=\"dictionary\"><\/span> <span class=\"dictionary\"><\/span>the<span class=\"dictionary\"><\/span> <span class=\"dictionary\"><\/span>local<span class=\"dictionary\"><\/span> <span class=\"dictionary\"><\/span>unions<span class=\"dictionary\"><\/span> <span class=\"dictionary\"><\/span>listed<span class=\"dictionary\"><\/span> <span class=\"dictionary\"><\/span>in<span class=\"dictionary\"><\/span> <span class=\"dictionary\"><\/span>paragraph<span class=\"dictionary\"><\/span> (<span class=\"dictionary\"><\/span>1<span class=\"dictionary\"><\/span>) <span class=\"dictionary\"><\/span>of<span class=\"dictionary\"><\/span> <span class=\"dictionary\"><\/span>this<span class=\"dictionary\"><\/span> <span class=\"dictionary\"><\/span>subsection<span class=\"dictionary\"><\/span>.<br \/>\n(<span class=\"dictionary\"><\/span>Res<span class=\"dictionary\"><\/span>. <span class=\"dictionary\"><\/span>06<span class=\"dictionary\"><\/span>-<span class=\"dictionary\"><\/span>016<span class=\"dictionary\"><\/span>, <span class=\"dictionary\"><\/span>ratified<span class=\"dictionary\"><\/span> <span class=\"dictionary\"><\/span>Nov<span class=\"dictionary\"><\/span>. <span class=\"dictionary\"><\/span>7<span class=\"dictionary\"><\/span>, <span class=\"dictionary\"><\/span>2006<span class=\"dictionary\"><\/span>.)<\/p>\n<\/p><\/section>","plain_text":"                              BALTIMORE CITY CHARTER\n\nSALARY AND WAGE SCALES; WORK CONDITIONS. (\u00a7 VI-12)\n\n(a)  In general.\n(1)The Board shall fix the salary or wage scales for the several classifications\nof the City\nemployee in the Classified Civil Service, and such scales, so far as\npracticable, shall be\nuniform for all like classifications except that where a final decision of a\nboard of arbitration\nconvened to arbitrate unresolved negotiations between the City and the certified\nemployee\norganization representing the fire fighters and fire officers has been rendered\nin any year, the\namounts as determined shall be adopted by the Board of Estimates as the salary\nand wage\nscales for employees of the Fire Department.\n (2)The Board shall also adopt such rules and regulations as it may deem\nappropriate to insure, so\nfar as practicable, like working conditions for the employees in the several\nmunicipal\nagencies, including vacation and sick leave.\n (b)Multi-year collective bargaining agreements.\n(1)The Board of Estimates may approve collective bargaining agreements between\nthe City\nand either or both the Baltimore Fire Fighters, IAFF Local 734, and the\nBaltimore Fire\nOfficers, IAFF Local 964, for terms of not less than 1 fiscal year and not more\nthan 3\nconsecutive fiscal years, so long as the term of any collective bargaining\nagreement does\nnot extend beyond the fiscal year in which the current Mayor\u2019s term of office\nends.\n  (2)The Board shall annually include in the Ordinance of Estimates submitted to\nthe City Council\nan amount sufficient to fund the salaries provided for in any collective\nbargaining agreement\nbetween the City and the local unions listed in paragraph (1) of this\nsubsection.\n(Res. 06-016, ratified Nov. 7, 2006.)\n","previous_section":{"id":"127","structure_id":"7","section_number":"VI-11","catch_line":"Procurement.","url":"http:\/\/charter.baltimorecode.localhost\/VI-11\/","api_url":"http:\/\/charter.baltimorecode.localhost\/api\/law\/VI-11\/"},"text":{"0":{"id":"128","text":"(a)  In general.\n(1)The Board shall fix the salary or wage scales for the several classifications of the City\nemployee in the Classified Civil Service, and such scales, so far as practicable, shall be\nuniform for all like classifications except that where a final decision of a board of arbitration\nconvened to arbitrate unresolved negotiations between the City and the certified employee\norganization representing the fire fighters and fire officers has been rendered in any year, the\namounts as determined shall be adopted by the Board of Estimates as the salary and wage\nscales for employees of the Fire Department.\n (2)The Board shall also adopt such rules and regulations as it may deem appropriate to insure, so\nfar as practicable, like working conditions for the employees in the several municipal\nagencies, including vacation and sick leave.\n (b)Multi-year collective bargaining agreements.\n(1)The Board of Estimates may approve collective bargaining agreements between the City\nand either or both the Baltimore Fire Fighters, IAFF Local 734, and the Baltimore Fire\nOfficers, IAFF Local 964, for terms of not less than 1 fiscal year and not more than 3\nconsecutive fiscal years, so long as the term of any collective bargaining agreement does\nnot extend beyond the fiscal year in which the current Mayor\u2019s term of office ends.\n  (2)The Board shall annually include in the Ordinance of Estimates submitted to the City Council\nan amount sufficient to fund the salaries provided for in any collective bargaining agreement\nbetween the City and the local unions listed in paragraph (1) of this subsection.\n(Res. 06-016, ratified Nov. 7, 2006.)\n","type":"section","prefixes":[""],"prefix":"","entire_prefix":"","prefix_anchor":"","level":1}}}