{"section_number":"VI-15","section_id":"131","structure_id":"7","catch_line":"Claims against or by City.","history":"","full_text":" No private claims against the City shall be paid nor shall any claims held by the City be\ncompromised or released except in accordance with procedures established by the Board of\nEstimates.  Nothing contained in this section shall be held to apply to claims against the City or held\nby the City in any case where, by the express terms of any contract, an engineer, architect or other\nagent or representative of the City is authorized to decide as to such claims.\r\r","ancestry":{"1":{"id":"7","name":"Board of Estimates","identifier":"VI","label":"article","url":"http:\/\/charter.baltimorecode.localhost\/VI\/"}},"structure_contents":{"0":{"id":"125","structure_id":"7","section_number":"VI-1","catch_line":"Establishment and organization.","url":"http:\/\/charter.baltimorecode.localhost\/VI-1\/","api_url":"http:\/\/charter.baltimorecode.localhost\/api\/law\/VI-1\/"},"1":{"id":"126","structure_id":"7","section_number":"VI-10","catch_line":"Salaries.","url":"http:\/\/charter.baltimorecode.localhost\/VI-10\/","api_url":"http:\/\/charter.baltimorecode.localhost\/api\/law\/VI-10\/"},"2":{"id":"127","structure_id":"7","section_number":"VI-11","catch_line":"Procurement.","url":"http:\/\/charter.baltimorecode.localhost\/VI-11\/","api_url":"http:\/\/charter.baltimorecode.localhost\/api\/law\/VI-11\/"},"3":{"id":"128","structure_id":"7","section_number":"VI-12","catch_line":"Salary and wage scales; work conditions.","url":"http:\/\/charter.baltimorecode.localhost\/VI-12\/","api_url":"http:\/\/charter.baltimorecode.localhost\/api\/law\/VI-12\/"},"4":{"id":"129","structure_id":"7","section_number":"VI-13","catch_line":"Command appearance of municipal officers.","url":"http:\/\/charter.baltimorecode.localhost\/VI-13\/","api_url":"http:\/\/charter.baltimorecode.localhost\/api\/law\/VI-13\/"},"5":{"id":"130","structure_id":"7","section_number":"VI-14","catch_line":"Bonds of municipal officers.","url":"http:\/\/charter.baltimorecode.localhost\/VI-14\/","api_url":"http:\/\/charter.baltimorecode.localhost\/api\/law\/VI-14\/"},"6":{"id":"131","structure_id":"7","section_number":"VI-15","catch_line":"Claims against or by City.","url":"http:\/\/charter.baltimorecode.localhost\/VI-15\/","api_url":"http:\/\/charter.baltimorecode.localhost\/api\/law\/VI-15\/"},"7":{"id":"132","structure_id":"7","section_number":"VI-16","catch_line":"Salaries of State\u2019s Attorney\u2019s Office.","url":"http:\/\/charter.baltimorecode.localhost\/VI-16\/","api_url":"http:\/\/charter.baltimorecode.localhost\/api\/law\/VI-16\/"},"8":{"id":"133","structure_id":"7","section_number":"VI-17","catch_line":"Expenditures for new improvements.","url":"http:\/\/charter.baltimorecode.localhost\/VI-17\/","api_url":"http:\/\/charter.baltimorecode.localhost\/api\/law\/VI-17\/"},"9":{"id":"134","structure_id":"7","section_number":"VI-18","catch_line":"Water, sanitary wastewater, and stormwater utilities.","url":"http:\/\/charter.baltimorecode.localhost\/VI-18\/","api_url":"http:\/\/charter.baltimorecode.localhost\/api\/law\/VI-18\/"},"10":{"id":"135","structure_id":"7","section_number":"VI-2","catch_line":"Powers and duties.","url":"http:\/\/charter.baltimorecode.localhost\/VI-2\/","api_url":"http:\/\/charter.baltimorecode.localhost\/api\/law\/VI-2\/"},"11":{"id":"136","structure_id":"7","section_number":"VI-3","catch_line":"Fiscal year; budget schedule.","url":"http:\/\/charter.baltimorecode.localhost\/VI-3\/","api_url":"http:\/\/charter.baltimorecode.localhost\/api\/law\/VI-3\/"},"12":{"id":"137","structure_id":"7","section_number":"VI-4","catch_line":"Assistance from Finance Director and Planning Commission.","url":"http:\/\/charter.baltimorecode.localhost\/VI-4\/","api_url":"http:\/\/charter.baltimorecode.localhost\/api\/law\/VI-4\/"},"13":{"id":"138","structure_id":"7","section_number":"VI-5","catch_line":"Preparation of proposed Ordinance of Estimates.","url":"http:\/\/charter.baltimorecode.localhost\/VI-5\/","api_url":"http:\/\/charter.baltimorecode.localhost\/api\/law\/VI-5\/"},"14":{"id":"139","structure_id":"7","section_number":"VI-6","catch_line":"Adoption of proposed Ordinance of Estimates.","url":"http:\/\/charter.baltimorecode.localhost\/VI-6\/","api_url":"http:\/\/charter.baltimorecode.localhost\/api\/law\/VI-6\/"},"15":{"id":"140","structure_id":"7","section_number":"VI-7","catch_line":"Enactment of Ordinance of Estimates.","url":"http:\/\/charter.baltimorecode.localhost\/VI-7\/","api_url":"http:\/\/charter.baltimorecode.localhost\/api\/law\/VI-7\/"},"16":{"id":"141","structure_id":"7","section_number":"VI-8","catch_line":"Deficiencies; supplementary appropriations.","url":"http:\/\/charter.baltimorecode.localhost\/VI-8\/","api_url":"http:\/\/charter.baltimorecode.localhost\/api\/law\/VI-8\/"},"17":{"id":"142","structure_id":"7","section_number":"VI-9","catch_line":"Uses of appropriations.","url":"http:\/\/charter.baltimorecode.localhost\/VI-9\/","api_url":"http:\/\/charter.baltimorecode.localhost\/api\/law\/VI-9\/"}},"next_section":{"id":"132","structure_id":"7","section_number":"VI-16","catch_line":"Salaries of State\u2019s Attorney\u2019s Office.","url":"http:\/\/charter.baltimorecode.localhost\/VI-16\/","api_url":"http:\/\/charter.baltimorecode.localhost\/api\/law\/VI-16\/"},"references":false,"url":"http:\/\/charter.baltimorecode.localhost\/VI-15\/","dublin_core":{"Title":"Claims against or by City.","Type":"Text","Format":"text\/html","Identifier":"\u00a7 VI-15","Relation":"Baltimore City Charter"},"html":"\n\t\t\t\t\t<section><p><p><span class=\"dictionary\"><\/span>No<span class=\"dictionary\"><\/span> <span class=\"dictionary\"><\/span>private<span class=\"dictionary\"><\/span> <span class=\"dictionary\"><\/span>claims<span class=\"dictionary\"><\/span> <span class=\"dictionary\"><\/span>against<span class=\"dictionary\"><\/span> <span class=\"dictionary\"><\/span>the<span class=\"dictionary\"><\/span> <span class=\"dictionary\"><\/span>City<span class=\"dictionary\"><\/span> <span class=\"dictionary\"><\/span>shall<span class=\"dictionary\"><\/span> <span class=\"dictionary\"><\/span>be<span class=\"dictionary\"><\/span> <span class=\"dictionary\"><\/span>paid<span class=\"dictionary\"><\/span> <span class=\"dictionary\"><\/span>nor<span class=\"dictionary\"><\/span> <span class=\"dictionary\"><\/span>shall<span class=\"dictionary\"><\/span> <span class=\"dictionary\"><\/span>any<span class=\"dictionary\"><\/span> <span class=\"dictionary\"><\/span>claims<span class=\"dictionary\"><\/span> <span class=\"dictionary\"><\/span>held<span class=\"dictionary\"><\/span> <span class=\"dictionary\"><\/span>by<span class=\"dictionary\"><\/span> <span class=\"dictionary\"><\/span>the<span class=\"dictionary\"><\/span> <span class=\"dictionary\"><\/span>City<span class=\"dictionary\"><\/span> <span class=\"dictionary\"><\/span>be<span class=\"dictionary\"><\/span><br \/>\n<span class=\"dictionary\"><\/span>compromised<span class=\"dictionary\"><\/span> <span class=\"dictionary\"><\/span>or<span class=\"dictionary\"><\/span> <span class=\"dictionary\"><\/span>released<span class=\"dictionary\"><\/span> <span class=\"dictionary\"><\/span>except<span class=\"dictionary\"><\/span> <span class=\"dictionary\"><\/span>in<span class=\"dictionary\"><\/span> <span class=\"dictionary\"><\/span>accordance<span class=\"dictionary\"><\/span> <span class=\"dictionary\"><\/span>with<span class=\"dictionary\"><\/span> <span class=\"dictionary\"><\/span>procedures<span class=\"dictionary\"><\/span> <span class=\"dictionary\"><\/span>established<span class=\"dictionary\"><\/span> <span class=\"dictionary\"><\/span>by<span class=\"dictionary\"><\/span> <span class=\"dictionary\"><\/span>the<span class=\"dictionary\"><\/span> <span class=\"dictionary\"><\/span>Board<span class=\"dictionary\"><\/span> <span class=\"dictionary\"><\/span>of<span class=\"dictionary\"><\/span><br \/>\n<span class=\"dictionary\"><\/span>Estimates<span class=\"dictionary\"><\/span>.  <span class=\"dictionary\"><\/span>Nothing<span class=\"dictionary\"><\/span> <span class=\"dictionary\"><\/span>contained<span class=\"dictionary\"><\/span> <span class=\"dictionary\"><\/span>in<span class=\"dictionary\"><\/span> <span class=\"dictionary\"><\/span>this<span class=\"dictionary\"><\/span> <span class=\"dictionary\"><\/span>section<span class=\"dictionary\"><\/span> <span class=\"dictionary\"><\/span>shall<span class=\"dictionary\"><\/span> <span class=\"dictionary\"><\/span>be<span class=\"dictionary\"><\/span> <span class=\"dictionary\"><\/span>held<span class=\"dictionary\"><\/span> <span class=\"dictionary\"><\/span>to<span class=\"dictionary\"><\/span> <span class=\"dictionary\"><\/span>apply<span class=\"dictionary\"><\/span> <span class=\"dictionary\"><\/span>to<span class=\"dictionary\"><\/span> <span class=\"dictionary\"><\/span>claims<span class=\"dictionary\"><\/span> <span class=\"dictionary\"><\/span>against<span class=\"dictionary\"><\/span> <span class=\"dictionary\"><\/span>the<span class=\"dictionary\"><\/span> <span class=\"dictionary\"><\/span>City<span class=\"dictionary\"><\/span> <span class=\"dictionary\"><\/span>or<span class=\"dictionary\"><\/span> <span class=\"dictionary\"><\/span>held<span class=\"dictionary\"><\/span><br \/>\n<span class=\"dictionary\"><\/span>by<span class=\"dictionary\"><\/span> <span class=\"dictionary\"><\/span>the<span class=\"dictionary\"><\/span> <span class=\"dictionary\"><\/span>City<span class=\"dictionary\"><\/span> <span class=\"dictionary\"><\/span>in<span class=\"dictionary\"><\/span> <span class=\"dictionary\"><\/span>any<span class=\"dictionary\"><\/span> <span class=\"dictionary\"><\/span>case<span class=\"dictionary\"><\/span> <span class=\"dictionary\"><\/span>where<span class=\"dictionary\"><\/span>, <span class=\"dictionary\"><\/span>by<span class=\"dictionary\"><\/span> <span class=\"dictionary\"><\/span>the<span class=\"dictionary\"><\/span> <span class=\"dictionary\"><\/span>express<span class=\"dictionary\"><\/span> <span class=\"dictionary\"><\/span>terms<span class=\"dictionary\"><\/span> <span class=\"dictionary\"><\/span>of<span class=\"dictionary\"><\/span> <span class=\"dictionary\"><\/span>any<span class=\"dictionary\"><\/span> <span class=\"dictionary\"><\/span>contract<span class=\"dictionary\"><\/span>, <span class=\"dictionary\"><\/span>an<span class=\"dictionary\"><\/span> <span class=\"dictionary\"><\/span>engineer<span class=\"dictionary\"><\/span>, <span class=\"dictionary\"><\/span>architect<span class=\"dictionary\"><\/span> <span class=\"dictionary\"><\/span>or<span class=\"dictionary\"><\/span> <span class=\"dictionary\"><\/span>other<span class=\"dictionary\"><\/span><br \/>\n<span class=\"dictionary\"><\/span>agent<span class=\"dictionary\"><\/span> <span class=\"dictionary\"><\/span>or<span class=\"dictionary\"><\/span> <span class=\"dictionary\"><\/span>representative<span class=\"dictionary\"><\/span> <span class=\"dictionary\"><\/span>of<span class=\"dictionary\"><\/span> <span class=\"dictionary\"><\/span>the<span class=\"dictionary\"><\/span> <span class=\"dictionary\"><\/span>City<span class=\"dictionary\"><\/span> <span class=\"dictionary\"><\/span>is<span class=\"dictionary\"><\/span> <span class=\"dictionary\"><\/span>authorized<span class=\"dictionary\"><\/span> <span class=\"dictionary\"><\/span>to<span class=\"dictionary\"><\/span> <span class=\"dictionary\"><\/span>decide<span class=\"dictionary\"><\/span> <span class=\"dictionary\"><\/span>as<span class=\"dictionary\"><\/span> <span class=\"dictionary\"><\/span>to<span class=\"dictionary\"><\/span> <span class=\"dictionary\"><\/span>such<span class=\"dictionary\"><\/span> <span class=\"dictionary\"><\/span>claims<span class=\"dictionary\"><\/span>.<\/p>\n<\/p><\/section>","plain_text":"                              BALTIMORE CITY CHARTER\n\nCLAIMS AGAINST OR BY CITY. (\u00a7 VI-15)\n\nNo private claims against the City shall be paid nor shall any claims held by\nthe City be\ncompromised or released except in accordance with procedures established by the\nBoard of\nEstimates.  Nothing contained in this section shall be held to apply to claims\nagainst the City or held\nby the City in any case where, by the express terms of any contract, an\nengineer, architect or other\nagent or representative of the City is authorized to decide as to such claims.\n","previous_section":{"id":"130","structure_id":"7","section_number":"VI-14","catch_line":"Bonds of municipal officers.","url":"http:\/\/charter.baltimorecode.localhost\/VI-14\/","api_url":"http:\/\/charter.baltimorecode.localhost\/api\/law\/VI-14\/"},"text":{"0":{"id":"131","text":"No private claims against the City shall be paid nor shall any claims held by the City be\ncompromised or released except in accordance with procedures established by the Board of\nEstimates.  Nothing contained in this section shall be held to apply to claims against the City or held\nby the City in any case where, by the express terms of any contract, an engineer, architect or other\nagent or representative of the City is authorized to decide as to such claims.\n","type":"section","prefixes":[""],"prefix":"","entire_prefix":"","prefix_anchor":"","level":1}}}