{"section_number":"VI-1","section_id":"125","structure_id":"7","catch_line":"Establishment and organization.","history":"","full_text":" (a)  In general.\n\nThere shall be a Board of Estimates composed of the Mayor, President of the City Council,\nComptroller, City Solicitor, and Director of Public Works, none of whom shall receive any\nadditional salary as members of the Board.\n\nThe President of the City Council shall be President of the Board, and one of the members shall\nact as Secretary.\n\nThe Board may employ such employees as may be necessary to discharge its duties; their number\nand compensation shall be fixed in the Ordinance of Estimates.\n\n (b)  Meetings.\n\nThe first meeting of the Board in every year shall be called by notice from the Mayor or President\nof the City Council personally served upon members of the Board.  Subsequent meetings shall be\ncalled as the Board may direct.\n\n (c)  Representatives.\n\nIf a member is unable to attend a Board meeting, that member\u2019s representative, as designated in\nthe Charter, may attend and exercise the powers of the member.  The Mayor may designate a\nmunicipal officer or member of the Mayor\u2019s personal staff to represent the Mayor and exercise\nthe Mayor\u2019s power at Board meetings in the Mayor\u2019s absence.\r\r","ancestry":{"1":{"id":"7","name":"Board of Estimates","identifier":"VI","label":"article","url":"http:\/\/charter.baltimorecode.localhost\/VI\/"}},"structure_contents":{"0":{"id":"125","structure_id":"7","section_number":"VI-1","catch_line":"Establishment and organization.","url":"http:\/\/charter.baltimorecode.localhost\/VI-1\/","api_url":"http:\/\/charter.baltimorecode.localhost\/api\/law\/VI-1\/"},"1":{"id":"126","structure_id":"7","section_number":"VI-10","catch_line":"Salaries.","url":"http:\/\/charter.baltimorecode.localhost\/VI-10\/","api_url":"http:\/\/charter.baltimorecode.localhost\/api\/law\/VI-10\/"},"2":{"id":"127","structure_id":"7","section_number":"VI-11","catch_line":"Procurement.","url":"http:\/\/charter.baltimorecode.localhost\/VI-11\/","api_url":"http:\/\/charter.baltimorecode.localhost\/api\/law\/VI-11\/"},"3":{"id":"128","structure_id":"7","section_number":"VI-12","catch_line":"Salary and wage scales; work conditions.","url":"http:\/\/charter.baltimorecode.localhost\/VI-12\/","api_url":"http:\/\/charter.baltimorecode.localhost\/api\/law\/VI-12\/"},"4":{"id":"129","structure_id":"7","section_number":"VI-13","catch_line":"Command appearance of municipal officers.","url":"http:\/\/charter.baltimorecode.localhost\/VI-13\/","api_url":"http:\/\/charter.baltimorecode.localhost\/api\/law\/VI-13\/"},"5":{"id":"130","structure_id":"7","section_number":"VI-14","catch_line":"Bonds of municipal officers.","url":"http:\/\/charter.baltimorecode.localhost\/VI-14\/","api_url":"http:\/\/charter.baltimorecode.localhost\/api\/law\/VI-14\/"},"6":{"id":"131","structure_id":"7","section_number":"VI-15","catch_line":"Claims against or by City.","url":"http:\/\/charter.baltimorecode.localhost\/VI-15\/","api_url":"http:\/\/charter.baltimorecode.localhost\/api\/law\/VI-15\/"},"7":{"id":"132","structure_id":"7","section_number":"VI-16","catch_line":"Salaries of State\u2019s Attorney\u2019s Office.","url":"http:\/\/charter.baltimorecode.localhost\/VI-16\/","api_url":"http:\/\/charter.baltimorecode.localhost\/api\/law\/VI-16\/"},"8":{"id":"133","structure_id":"7","section_number":"VI-17","catch_line":"Expenditures for new improvements.","url":"http:\/\/charter.baltimorecode.localhost\/VI-17\/","api_url":"http:\/\/charter.baltimorecode.localhost\/api\/law\/VI-17\/"},"9":{"id":"134","structure_id":"7","section_number":"VI-18","catch_line":"Water, sanitary wastewater, and stormwater utilities.","url":"http:\/\/charter.baltimorecode.localhost\/VI-18\/","api_url":"http:\/\/charter.baltimorecode.localhost\/api\/law\/VI-18\/"},"10":{"id":"135","structure_id":"7","section_number":"VI-2","catch_line":"Powers and duties.","url":"http:\/\/charter.baltimorecode.localhost\/VI-2\/","api_url":"http:\/\/charter.baltimorecode.localhost\/api\/law\/VI-2\/"},"11":{"id":"136","structure_id":"7","section_number":"VI-3","catch_line":"Fiscal year; budget schedule.","url":"http:\/\/charter.baltimorecode.localhost\/VI-3\/","api_url":"http:\/\/charter.baltimorecode.localhost\/api\/law\/VI-3\/"},"12":{"id":"137","structure_id":"7","section_number":"VI-4","catch_line":"Assistance from Finance Director and Planning Commission.","url":"http:\/\/charter.baltimorecode.localhost\/VI-4\/","api_url":"http:\/\/charter.baltimorecode.localhost\/api\/law\/VI-4\/"},"13":{"id":"138","structure_id":"7","section_number":"VI-5","catch_line":"Preparation of proposed Ordinance of Estimates.","url":"http:\/\/charter.baltimorecode.localhost\/VI-5\/","api_url":"http:\/\/charter.baltimorecode.localhost\/api\/law\/VI-5\/"},"14":{"id":"139","structure_id":"7","section_number":"VI-6","catch_line":"Adoption of proposed Ordinance of Estimates.","url":"http:\/\/charter.baltimorecode.localhost\/VI-6\/","api_url":"http:\/\/charter.baltimorecode.localhost\/api\/law\/VI-6\/"},"15":{"id":"140","structure_id":"7","section_number":"VI-7","catch_line":"Enactment of Ordinance of Estimates.","url":"http:\/\/charter.baltimorecode.localhost\/VI-7\/","api_url":"http:\/\/charter.baltimorecode.localhost\/api\/law\/VI-7\/"},"16":{"id":"141","structure_id":"7","section_number":"VI-8","catch_line":"Deficiencies; supplementary appropriations.","url":"http:\/\/charter.baltimorecode.localhost\/VI-8\/","api_url":"http:\/\/charter.baltimorecode.localhost\/api\/law\/VI-8\/"},"17":{"id":"142","structure_id":"7","section_number":"VI-9","catch_line":"Uses of appropriations.","url":"http:\/\/charter.baltimorecode.localhost\/VI-9\/","api_url":"http:\/\/charter.baltimorecode.localhost\/api\/law\/VI-9\/"}},"next_section":{"id":"126","structure_id":"7","section_number":"VI-10","catch_line":"Salaries.","url":"http:\/\/charter.baltimorecode.localhost\/VI-10\/","api_url":"http:\/\/charter.baltimorecode.localhost\/api\/law\/VI-10\/"},"references":false,"url":"http:\/\/charter.baltimorecode.localhost\/VI-1\/","dublin_core":{"Title":"Establishment and organization.","Type":"Text","Format":"text\/html","Identifier":"\u00a7 VI-1","Relation":"Baltimore City Charter"},"html":"\n\t\t\t\t\t<section><p><p>(<span class=\"dictionary\"><\/span>a<span class=\"dictionary\"><\/span>)  <span class=\"dictionary\"><\/span>In<span class=\"dictionary\"><\/span> <span class=\"dictionary\"><\/span>general<span class=\"dictionary\"><\/span>.<\/p>\n<p><span class=\"dictionary\"><\/span>There<span class=\"dictionary\"><\/span> <span class=\"dictionary\"><\/span>shall<span class=\"dictionary\"><\/span> <span class=\"dictionary\"><\/span>be<span class=\"dictionary\"><\/span> <span class=\"dictionary\"><\/span>a<span class=\"dictionary\"><\/span> <span class=\"dictionary\"><\/span>Board<span class=\"dictionary\"><\/span> <span class=\"dictionary\"><\/span>of<span class=\"dictionary\"><\/span> <span class=\"dictionary\"><\/span>Estimates<span class=\"dictionary\"><\/span> <span class=\"dictionary\"><\/span>composed<span class=\"dictionary\"><\/span> <span class=\"dictionary\"><\/span>of<span class=\"dictionary\"><\/span> <span class=\"dictionary\"><\/span>the<span class=\"dictionary\"><\/span> <span class=\"dictionary\"><\/span>Mayor<span class=\"dictionary\"><\/span>, <span class=\"dictionary\"><\/span>President<span class=\"dictionary\"><\/span> <span class=\"dictionary\"><\/span>of<span class=\"dictionary\"><\/span> <span class=\"dictionary\"><\/span>the<span class=\"dictionary\"><\/span> <span class=\"dictionary\"><\/span>City<span class=\"dictionary\"><\/span> <span class=\"dictionary\"><\/span>Council<span class=\"dictionary\"><\/span>,<br \/>\n<span class=\"dictionary\"><\/span>Comptroller<span class=\"dictionary\"><\/span>, <span class=\"dictionary\"><\/span>City<span class=\"dictionary\"><\/span> <span class=\"dictionary\"><\/span>Solicitor<span class=\"dictionary\"><\/span>, <span class=\"dictionary\"><\/span>and<span class=\"dictionary\"><\/span> <span class=\"dictionary\"><\/span>Director<span class=\"dictionary\"><\/span> <span class=\"dictionary\"><\/span>of<span class=\"dictionary\"><\/span> <span class=\"dictionary\"><\/span>Public<span class=\"dictionary\"><\/span> <span class=\"dictionary\"><\/span>Works<span class=\"dictionary\"><\/span>, <span class=\"dictionary\"><\/span>none<span class=\"dictionary\"><\/span> <span class=\"dictionary\"><\/span>of<span class=\"dictionary\"><\/span> <span class=\"dictionary\"><\/span>whom<span class=\"dictionary\"><\/span> <span class=\"dictionary\"><\/span>shall<span class=\"dictionary\"><\/span> <span class=\"dictionary\"><\/span>receive<span class=\"dictionary\"><\/span> <span class=\"dictionary\"><\/span>any<span class=\"dictionary\"><\/span><br \/>\n<span class=\"dictionary\"><\/span>additional<span class=\"dictionary\"><\/span> <span class=\"dictionary\"><\/span>salary<span class=\"dictionary\"><\/span> <span class=\"dictionary\"><\/span>as<span class=\"dictionary\"><\/span> <span class=\"dictionary\"><\/span>members<span class=\"dictionary\"><\/span> <span class=\"dictionary\"><\/span>of<span class=\"dictionary\"><\/span> <span class=\"dictionary\"><\/span>the<span class=\"dictionary\"><\/span> <span class=\"dictionary\"><\/span>Board<span class=\"dictionary\"><\/span>.<\/p>\n<p><span class=\"dictionary\"><\/span>The<span class=\"dictionary\"><\/span> <span class=\"dictionary\"><\/span>President<span class=\"dictionary\"><\/span> <span class=\"dictionary\"><\/span>of<span class=\"dictionary\"><\/span> <span class=\"dictionary\"><\/span>the<span class=\"dictionary\"><\/span> <span class=\"dictionary\"><\/span>City<span class=\"dictionary\"><\/span> <span class=\"dictionary\"><\/span>Council<span class=\"dictionary\"><\/span> <span class=\"dictionary\"><\/span>shall<span class=\"dictionary\"><\/span> <span class=\"dictionary\"><\/span>be<span class=\"dictionary\"><\/span> <span class=\"dictionary\"><\/span>President<span class=\"dictionary\"><\/span> <span class=\"dictionary\"><\/span>of<span class=\"dictionary\"><\/span> <span class=\"dictionary\"><\/span>the<span class=\"dictionary\"><\/span> <span class=\"dictionary\"><\/span>Board<span class=\"dictionary\"><\/span>, <span class=\"dictionary\"><\/span>and<span class=\"dictionary\"><\/span> <span class=\"dictionary\"><\/span>one<span class=\"dictionary\"><\/span> <span class=\"dictionary\"><\/span>of<span class=\"dictionary\"><\/span> <span class=\"dictionary\"><\/span>the<span class=\"dictionary\"><\/span> <span class=\"dictionary\"><\/span>members<span class=\"dictionary\"><\/span> <span class=\"dictionary\"><\/span>shall<span class=\"dictionary\"><\/span><br \/>\n<span class=\"dictionary\"><\/span>act<span class=\"dictionary\"><\/span> <span class=\"dictionary\"><\/span>as<span class=\"dictionary\"><\/span> <span class=\"dictionary\"><\/span>Secretary<span class=\"dictionary\"><\/span>.<\/p>\n<p><span class=\"dictionary\"><\/span>The<span class=\"dictionary\"><\/span> <span class=\"dictionary\"><\/span>Board<span class=\"dictionary\"><\/span> <span class=\"dictionary\"><\/span>may<span class=\"dictionary\"><\/span> <span class=\"dictionary\"><\/span>employ<span class=\"dictionary\"><\/span> <span class=\"dictionary\"><\/span>such<span class=\"dictionary\"><\/span> <span class=\"dictionary\"><\/span>employees<span class=\"dictionary\"><\/span> <span class=\"dictionary\"><\/span>as<span class=\"dictionary\"><\/span> <span class=\"dictionary\"><\/span>may<span class=\"dictionary\"><\/span> <span class=\"dictionary\"><\/span>be<span class=\"dictionary\"><\/span> <span class=\"dictionary\"><\/span>necessary<span class=\"dictionary\"><\/span> <span class=\"dictionary\"><\/span>to<span class=\"dictionary\"><\/span> <span class=\"dictionary\"><\/span>discharge<span class=\"dictionary\"><\/span> <span class=\"dictionary\"><\/span>its<span class=\"dictionary\"><\/span> <span class=\"dictionary\"><\/span>duties<span class=\"dictionary\"><\/span>; <span class=\"dictionary\"><\/span>their<span class=\"dictionary\"><\/span> <span class=\"dictionary\"><\/span>number<span class=\"dictionary\"><\/span><br \/>\n<span class=\"dictionary\"><\/span>and<span class=\"dictionary\"><\/span> <span class=\"dictionary\"><\/span>compensation<span class=\"dictionary\"><\/span> <span class=\"dictionary\"><\/span>shall<span class=\"dictionary\"><\/span> <span class=\"dictionary\"><\/span>be<span class=\"dictionary\"><\/span> <span class=\"dictionary\"><\/span>fixed<span class=\"dictionary\"><\/span> <span class=\"dictionary\"><\/span>in<span class=\"dictionary\"><\/span> <span class=\"dictionary\"><\/span>the<span class=\"dictionary\"><\/span> <span class=\"dictionary\"><\/span>Ordinance<span class=\"dictionary\"><\/span> <span class=\"dictionary\"><\/span>of<span class=\"dictionary\"><\/span> <span class=\"dictionary\"><\/span>Estimates<span class=\"dictionary\"><\/span>.<\/p>\n<p> (<span class=\"dictionary\"><\/span>b<span class=\"dictionary\"><\/span>)  <span class=\"dictionary\"><\/span>Meetings<span class=\"dictionary\"><\/span>.<\/p>\n<p><span class=\"dictionary\"><\/span>The<span class=\"dictionary\"><\/span> <span class=\"dictionary\"><\/span>first<span class=\"dictionary\"><\/span> <span class=\"dictionary\"><\/span>meeting<span class=\"dictionary\"><\/span> <span class=\"dictionary\"><\/span>of<span class=\"dictionary\"><\/span> <span class=\"dictionary\"><\/span>the<span class=\"dictionary\"><\/span> <span class=\"dictionary\"><\/span>Board<span class=\"dictionary\"><\/span> <span class=\"dictionary\"><\/span>in<span class=\"dictionary\"><\/span> <span class=\"dictionary\"><\/span>every<span class=\"dictionary\"><\/span> <span class=\"dictionary\"><\/span>year<span class=\"dictionary\"><\/span> <span class=\"dictionary\"><\/span>shall<span class=\"dictionary\"><\/span> <span class=\"dictionary\"><\/span>be<span class=\"dictionary\"><\/span> <span class=\"dictionary\"><\/span>called<span class=\"dictionary\"><\/span> <span class=\"dictionary\"><\/span>by<span class=\"dictionary\"><\/span> <span class=\"dictionary\"><\/span>notice<span class=\"dictionary\"><\/span> <span class=\"dictionary\"><\/span>from<span class=\"dictionary\"><\/span> <span class=\"dictionary\"><\/span>the<span class=\"dictionary\"><\/span> <span class=\"dictionary\"><\/span>Mayor<span class=\"dictionary\"><\/span> <span class=\"dictionary\"><\/span>or<span class=\"dictionary\"><\/span> <span class=\"dictionary\"><\/span>President<span class=\"dictionary\"><\/span><br \/>\n<span class=\"dictionary\"><\/span>of<span class=\"dictionary\"><\/span> <span class=\"dictionary\"><\/span>the<span class=\"dictionary\"><\/span> <span class=\"dictionary\"><\/span>City<span class=\"dictionary\"><\/span> <span class=\"dictionary\"><\/span>Council<span class=\"dictionary\"><\/span> <span class=\"dictionary\"><\/span>personally<span class=\"dictionary\"><\/span> <span class=\"dictionary\"><\/span>served<span class=\"dictionary\"><\/span> <span class=\"dictionary\"><\/span>upon<span class=\"dictionary\"><\/span> <span class=\"dictionary\"><\/span>members<span class=\"dictionary\"><\/span> <span class=\"dictionary\"><\/span>of<span class=\"dictionary\"><\/span> <span class=\"dictionary\"><\/span>the<span class=\"dictionary\"><\/span> <span class=\"dictionary\"><\/span>Board<span class=\"dictionary\"><\/span>.  <span class=\"dictionary\"><\/span>Subsequent<span class=\"dictionary\"><\/span> <span class=\"dictionary\"><\/span>meetings<span class=\"dictionary\"><\/span> <span class=\"dictionary\"><\/span>shall<span class=\"dictionary\"><\/span> <span class=\"dictionary\"><\/span>be<span class=\"dictionary\"><\/span><br \/>\n<span class=\"dictionary\"><\/span>called<span class=\"dictionary\"><\/span> <span class=\"dictionary\"><\/span>as<span class=\"dictionary\"><\/span> <span class=\"dictionary\"><\/span>the<span class=\"dictionary\"><\/span> <span class=\"dictionary\"><\/span>Board<span class=\"dictionary\"><\/span> <span class=\"dictionary\"><\/span>may<span class=\"dictionary\"><\/span> <span class=\"dictionary\"><\/span>direct<span class=\"dictionary\"><\/span>.<\/p>\n<p> (<span class=\"dictionary\"><\/span>c<span class=\"dictionary\"><\/span>)  <span class=\"dictionary\"><\/span>Representatives<span class=\"dictionary\"><\/span>.<\/p>\n<p><span class=\"dictionary\"><\/span>If<span class=\"dictionary\"><\/span> <span class=\"dictionary\"><\/span>a<span class=\"dictionary\"><\/span> <span class=\"dictionary\"><\/span>member<span class=\"dictionary\"><\/span> <span class=\"dictionary\"><\/span>is<span class=\"dictionary\"><\/span> <span class=\"dictionary\"><\/span>unable<span class=\"dictionary\"><\/span> <span class=\"dictionary\"><\/span>to<span class=\"dictionary\"><\/span> <span class=\"dictionary\"><\/span>attend<span class=\"dictionary\"><\/span> <span class=\"dictionary\"><\/span>a<span class=\"dictionary\"><\/span> <span class=\"dictionary\"><\/span>Board<span class=\"dictionary\"><\/span> <span class=\"dictionary\"><\/span>meeting<span class=\"dictionary\"><\/span>, <span class=\"dictionary\"><\/span>that<span class=\"dictionary\"><\/span> <span class=\"dictionary\"><\/span>member<span class=\"dictionary\"><\/span>\u2019<span class=\"dictionary\">s<\/span><span class=\"dictionary\"><\/span> <span class=\"dictionary\"><\/span>representative<span class=\"dictionary\"><\/span>, <span class=\"dictionary\"><\/span>as<span class=\"dictionary\"><\/span> <span class=\"dictionary\"><\/span>designated<span class=\"dictionary\"><\/span> <span class=\"dictionary\"><\/span>in<span class=\"dictionary\"><\/span><br \/>\n<span class=\"dictionary\"><\/span>the<span class=\"dictionary\"><\/span> <span class=\"dictionary\"><\/span>Charter<span class=\"dictionary\"><\/span>, <span class=\"dictionary\"><\/span>may<span class=\"dictionary\"><\/span> <span class=\"dictionary\"><\/span>attend<span class=\"dictionary\"><\/span> <span class=\"dictionary\"><\/span>and<span class=\"dictionary\"><\/span> <span class=\"dictionary\"><\/span>exercise<span class=\"dictionary\"><\/span> <span class=\"dictionary\"><\/span>the<span class=\"dictionary\"><\/span> <span class=\"dictionary\"><\/span>powers<span class=\"dictionary\"><\/span> <span class=\"dictionary\"><\/span>of<span class=\"dictionary\"><\/span> <span class=\"dictionary\"><\/span>the<span class=\"dictionary\"><\/span> <span class=\"dictionary\"><\/span>member<span class=\"dictionary\"><\/span>.  <span class=\"dictionary\"><\/span>The<span class=\"dictionary\"><\/span> <span class=\"dictionary\"><\/span>Mayor<span class=\"dictionary\"><\/span> <span class=\"dictionary\"><\/span>may<span class=\"dictionary\"><\/span> <span class=\"dictionary\"><\/span>designate<span class=\"dictionary\"><\/span> <span class=\"dictionary\"><\/span>a<span class=\"dictionary\"><\/span><br \/>\n<span class=\"dictionary\"><\/span>municipal<span class=\"dictionary\"><\/span> <span class=\"dictionary\"><\/span>officer<span class=\"dictionary\"><\/span> <span class=\"dictionary\"><\/span>or<span class=\"dictionary\"><\/span> <span class=\"dictionary\"><\/span>member<span class=\"dictionary\"><\/span> <span class=\"dictionary\"><\/span>of<span class=\"dictionary\"><\/span> <span class=\"dictionary\"><\/span>the<span class=\"dictionary\"><\/span> <span class=\"dictionary\"><\/span>Mayor<span class=\"dictionary\"><\/span>\u2019<span class=\"dictionary\">s<\/span><span class=\"dictionary\"><\/span> <span class=\"dictionary\"><\/span>personal<span class=\"dictionary\"><\/span> <span class=\"dictionary\"><\/span>staff<span class=\"dictionary\"><\/span> <span class=\"dictionary\"><\/span>to<span class=\"dictionary\"><\/span> <span class=\"dictionary\"><\/span>represent<span class=\"dictionary\"><\/span> <span class=\"dictionary\"><\/span>the<span class=\"dictionary\"><\/span> <span class=\"dictionary\"><\/span>Mayor<span class=\"dictionary\"><\/span> <span class=\"dictionary\"><\/span>and<span class=\"dictionary\"><\/span> <span class=\"dictionary\"><\/span>exercise<span class=\"dictionary\"><\/span><br \/>\n<span class=\"dictionary\"><\/span>the<span class=\"dictionary\"><\/span> <span class=\"dictionary\"><\/span>Mayor<span class=\"dictionary\"><\/span>\u2019<span class=\"dictionary\">s<\/span><span class=\"dictionary\"><\/span> <span class=\"dictionary\"><\/span>power<span class=\"dictionary\"><\/span> <span class=\"dictionary\"><\/span>at<span class=\"dictionary\"><\/span> <span class=\"dictionary\"><\/span>Board<span class=\"dictionary\"><\/span> <span class=\"dictionary\"><\/span>meetings<span class=\"dictionary\"><\/span> <span class=\"dictionary\"><\/span>in<span class=\"dictionary\"><\/span> <span class=\"dictionary\"><\/span>the<span class=\"dictionary\"><\/span> <span class=\"dictionary\"><\/span>Mayor<span class=\"dictionary\"><\/span>\u2019<span class=\"dictionary\">s<\/span><span class=\"dictionary\"><\/span> <span class=\"dictionary\"><\/span>absence<span class=\"dictionary\"><\/span>.<\/p>\n<\/p><\/section>","plain_text":"                              BALTIMORE CITY CHARTER\n\nESTABLISHMENT AND ORGANIZATION. (\u00a7 VI-1)\n\n(a)  In general.\nThere shall be a Board of Estimates composed of the Mayor, President of the City\nCouncil,\nComptroller, City Solicitor, and Director of Public Works, none of whom shall\nreceive any\nadditional salary as members of the Board.\nThe President of the City Council shall be President of the Board, and one of\nthe members shall\nact as Secretary.\nThe Board may employ such employees as may be necessary to discharge its duties;\ntheir number\nand compensation shall be fixed in the Ordinance of Estimates.\n (b)  Meetings.\nThe first meeting of the Board in every year shall be called by notice from the\nMayor or President\nof the City Council personally served upon members of the Board.  Subsequent\nmeetings shall be\ncalled as the Board may direct.\n (c)  Representatives.\nIf a member is unable to attend a Board meeting, that member\u2019s representative,\nas designated in\nthe Charter, may attend and exercise the powers of the member.  The Mayor may\ndesignate a\nmunicipal officer or member of the Mayor\u2019s personal staff to represent the\nMayor and exercise\nthe Mayor\u2019s power at Board meetings in the Mayor\u2019s absence.\n","text":{"0":{"id":"125","text":"(a)  In general.\nThere shall be a Board of Estimates composed of the Mayor, President of the City Council,\nComptroller, City Solicitor, and Director of Public Works, none of whom shall receive any\nadditional salary as members of the Board.\nThe President of the City Council shall be President of the Board, and one of the members shall\nact as Secretary.\nThe Board may employ such employees as may be necessary to discharge its duties; their number\nand compensation shall be fixed in the Ordinance of Estimates.\n (b)  Meetings.\nThe first meeting of the Board in every year shall be called by notice from the Mayor or President\nof the City Council personally served upon members of the Board.  Subsequent meetings shall be\ncalled as the Board may direct.\n (c)  Representatives.\nIf a member is unable to attend a Board meeting, that member\u2019s representative, as designated in\nthe Charter, may attend and exercise the powers of the member.  The Mayor may designate a\nmunicipal officer or member of the Mayor\u2019s personal staff to represent the Mayor and exercise\nthe Mayor\u2019s power at Board meetings in the Mayor\u2019s absence.\n","type":"section","prefixes":[""],"prefix":"","entire_prefix":"","prefix_anchor":"","level":1}}}