{"section_number":"VI-2","section_id":"135","structure_id":"24","catch_line":"Powers and duties.","history":"","full_text":" The Board of Estimates shall formulate and execute the fiscal policy of the City to the extent, and in\nthe manner provided for, in the Charter.  To exercise its powers and perform its duties, the Board\nmay promulgate rules and regulations and summon before it the heads of departments, bureaus or\ndivisions, municipal officers, and members of commissions and boards.\r\r","ancestry":{"1":{"id":"24","name":"Board of Estimates","identifier":"VI","label":"article","url":"http:\/\/charter.baltimorecode\/VI\/"}},"structure_contents":{"0":{"id":"125","structure_id":"24","section_number":"VI-1","catch_line":"Establishment and organization.","url":"http:\/\/charter.baltimorecode\/VI-1\/","api_url":"http:\/\/charter.baltimorecode\/api\/law\/VI-1\/"},"1":{"id":"135","structure_id":"24","section_number":"VI-2","catch_line":"Powers and duties.","url":"http:\/\/charter.baltimorecode\/VI-2\/","api_url":"http:\/\/charter.baltimorecode\/api\/law\/VI-2\/"},"2":{"id":"136","structure_id":"24","section_number":"VI-3","catch_line":"Fiscal year; budget schedule.","url":"http:\/\/charter.baltimorecode\/VI-3\/","api_url":"http:\/\/charter.baltimorecode\/api\/law\/VI-3\/"},"3":{"id":"137","structure_id":"24","section_number":"VI-4","catch_line":"Assistance from Finance Director and Planning Commission.","url":"http:\/\/charter.baltimorecode\/VI-4\/","api_url":"http:\/\/charter.baltimorecode\/api\/law\/VI-4\/"},"4":{"id":"138","structure_id":"24","section_number":"VI-5","catch_line":"Preparation of proposed Ordinance of Estimates.","url":"http:\/\/charter.baltimorecode\/VI-5\/","api_url":"http:\/\/charter.baltimorecode\/api\/law\/VI-5\/"},"5":{"id":"139","structure_id":"24","section_number":"VI-6","catch_line":"Adoption of proposed Ordinance of Estimates.","url":"http:\/\/charter.baltimorecode\/VI-6\/","api_url":"http:\/\/charter.baltimorecode\/api\/law\/VI-6\/"},"6":{"id":"140","structure_id":"24","section_number":"VI-7","catch_line":"Enactment of Ordinance of Estimates.","url":"http:\/\/charter.baltimorecode\/VI-7\/","api_url":"http:\/\/charter.baltimorecode\/api\/law\/VI-7\/"},"7":{"id":"141","structure_id":"24","section_number":"VI-8","catch_line":"Deficiencies; supplementary appropriations.","url":"http:\/\/charter.baltimorecode\/VI-8\/","api_url":"http:\/\/charter.baltimorecode\/api\/law\/VI-8\/"},"8":{"id":"142","structure_id":"24","section_number":"VI-9","catch_line":"Uses of appropriations.","url":"http:\/\/charter.baltimorecode\/VI-9\/","api_url":"http:\/\/charter.baltimorecode\/api\/law\/VI-9\/"},"9":{"id":"126","structure_id":"24","section_number":"VI-10","catch_line":"Salaries.","url":"http:\/\/charter.baltimorecode\/VI-10\/","api_url":"http:\/\/charter.baltimorecode\/api\/law\/VI-10\/"},"10":{"id":"127","structure_id":"24","section_number":"VI-11","catch_line":"Procurement.","url":"http:\/\/charter.baltimorecode\/VI-11\/","api_url":"http:\/\/charter.baltimorecode\/api\/law\/VI-11\/"},"11":{"id":"128","structure_id":"24","section_number":"VI-12","catch_line":"Salary and wage scales; work conditions.","url":"http:\/\/charter.baltimorecode\/VI-12\/","api_url":"http:\/\/charter.baltimorecode\/api\/law\/VI-12\/"},"12":{"id":"129","structure_id":"24","section_number":"VI-13","catch_line":"Command appearance of municipal officers.","url":"http:\/\/charter.baltimorecode\/VI-13\/","api_url":"http:\/\/charter.baltimorecode\/api\/law\/VI-13\/"},"13":{"id":"130","structure_id":"24","section_number":"VI-14","catch_line":"Bonds of municipal officers.","url":"http:\/\/charter.baltimorecode\/VI-14\/","api_url":"http:\/\/charter.baltimorecode\/api\/law\/VI-14\/"},"14":{"id":"131","structure_id":"24","section_number":"VI-15","catch_line":"Claims against or by City.","url":"http:\/\/charter.baltimorecode\/VI-15\/","api_url":"http:\/\/charter.baltimorecode\/api\/law\/VI-15\/"},"15":{"id":"132","structure_id":"24","section_number":"VI-16","catch_line":"Salaries of State\u2019s Attorney\u2019s Office.","url":"http:\/\/charter.baltimorecode\/VI-16\/","api_url":"http:\/\/charter.baltimorecode\/api\/law\/VI-16\/"},"16":{"id":"133","structure_id":"24","section_number":"VI-17","catch_line":"Expenditures for new improvements.","url":"http:\/\/charter.baltimorecode\/VI-17\/","api_url":"http:\/\/charter.baltimorecode\/api\/law\/VI-17\/"},"17":{"id":"134","structure_id":"24","section_number":"VI-18","catch_line":"Water, sanitary wastewater, and stormwater utilities.","url":"http:\/\/charter.baltimorecode\/VI-18\/","api_url":"http:\/\/charter.baltimorecode\/api\/law\/VI-18\/"}},"next_section":{"id":"136","structure_id":"24","section_number":"VI-3","catch_line":"Fiscal year; budget schedule.","url":"http:\/\/charter.baltimorecode\/VI-3\/","api_url":"http:\/\/charter.baltimorecode\/api\/law\/VI-3\/"},"references":false,"url":"http:\/\/charter.baltimorecode\/VI-2\/","dublin_core":{"Title":"Powers and duties.","Type":"Text","Format":"text\/html","Identifier":"\u00a7 VI-2","Relation":"Baltimore City Charter"},"html":"\n\t\t\t\t\t<section><p><p><span class=\"dictionary\"><\/span>The<span class=\"dictionary\"><\/span> <span class=\"dictionary\"><\/span>Board<span class=\"dictionary\"><\/span> <span class=\"dictionary\"><\/span>of<span class=\"dictionary\"><\/span> <span class=\"dictionary\"><\/span>Estimates<span class=\"dictionary\"><\/span> <span class=\"dictionary\"><\/span>shall<span class=\"dictionary\"><\/span> <span class=\"dictionary\"><\/span>formulate<span class=\"dictionary\"><\/span> <span class=\"dictionary\"><\/span>and<span class=\"dictionary\"><\/span> <span class=\"dictionary\"><\/span>execute<span class=\"dictionary\"><\/span> <span class=\"dictionary\"><\/span>the<span class=\"dictionary\"><\/span> <span class=\"dictionary\"><\/span>fiscal<span class=\"dictionary\"><\/span> <span class=\"dictionary\"><\/span>policy<span class=\"dictionary\"><\/span> <span class=\"dictionary\"><\/span>of<span class=\"dictionary\"><\/span> <span class=\"dictionary\"><\/span>the<span class=\"dictionary\"><\/span> <span class=\"dictionary\"><\/span>City<span class=\"dictionary\"><\/span> <span class=\"dictionary\"><\/span>to<span class=\"dictionary\"><\/span> <span class=\"dictionary\"><\/span>the<span class=\"dictionary\"><\/span> <span class=\"dictionary\"><\/span>extent<span class=\"dictionary\"><\/span>, <span class=\"dictionary\"><\/span>and<span class=\"dictionary\"><\/span> <span class=\"dictionary\"><\/span>in<span class=\"dictionary\"><\/span><br \/>\n<span class=\"dictionary\"><\/span>the<span class=\"dictionary\"><\/span> <span class=\"dictionary\"><\/span>manner<span class=\"dictionary\"><\/span> <span class=\"dictionary\"><\/span>provided<span class=\"dictionary\"><\/span> <span class=\"dictionary\"><\/span>for<span class=\"dictionary\"><\/span>, <span class=\"dictionary\"><\/span>in<span class=\"dictionary\"><\/span> <span class=\"dictionary\"><\/span>the<span class=\"dictionary\"><\/span> <span class=\"dictionary\"><\/span>Charter<span class=\"dictionary\"><\/span>.  <span class=\"dictionary\"><\/span>To<span class=\"dictionary\"><\/span> <span class=\"dictionary\"><\/span>exercise<span class=\"dictionary\"><\/span> <span class=\"dictionary\"><\/span>its<span class=\"dictionary\"><\/span> <span class=\"dictionary\"><\/span>powers<span class=\"dictionary\"><\/span> <span class=\"dictionary\"><\/span>and<span class=\"dictionary\"><\/span> <span class=\"dictionary\"><\/span>perform<span class=\"dictionary\"><\/span> <span class=\"dictionary\"><\/span>its<span class=\"dictionary\"><\/span> <span class=\"dictionary\"><\/span>duties<span class=\"dictionary\"><\/span>, <span class=\"dictionary\"><\/span>the<span class=\"dictionary\"><\/span> <span class=\"dictionary\"><\/span>Board<span class=\"dictionary\"><\/span><br \/>\n<span class=\"dictionary\"><\/span>may<span class=\"dictionary\"><\/span> <span class=\"dictionary\"><\/span>promulgate<span class=\"dictionary\"><\/span> <span class=\"dictionary\"><\/span>rules<span class=\"dictionary\"><\/span> <span class=\"dictionary\"><\/span>and<span class=\"dictionary\"><\/span> <span class=\"dictionary\"><\/span>regulations<span class=\"dictionary\"><\/span> <span class=\"dictionary\"><\/span>and<span class=\"dictionary\"><\/span> <span class=\"dictionary\"><\/span>summon<span class=\"dictionary\"><\/span> <span class=\"dictionary\"><\/span>before<span class=\"dictionary\"><\/span> <span class=\"dictionary\"><\/span>it<span class=\"dictionary\"><\/span> <span class=\"dictionary\"><\/span>the<span class=\"dictionary\"><\/span> <span class=\"dictionary\"><\/span>heads<span class=\"dictionary\"><\/span> <span class=\"dictionary\"><\/span>of<span class=\"dictionary\"><\/span> <span class=\"dictionary\"><\/span>departments<span class=\"dictionary\"><\/span>, <span class=\"dictionary\"><\/span>bureaus<span class=\"dictionary\"><\/span> <span class=\"dictionary\"><\/span>or<span class=\"dictionary\"><\/span><br \/>\n<span class=\"dictionary\"><\/span>divisions<span class=\"dictionary\"><\/span>, <span class=\"dictionary\"><\/span>municipal<span class=\"dictionary\"><\/span> <span class=\"dictionary\"><\/span>officers<span class=\"dictionary\"><\/span>, <span class=\"dictionary\"><\/span>and<span class=\"dictionary\"><\/span> <span class=\"dictionary\"><\/span>members<span class=\"dictionary\"><\/span> <span class=\"dictionary\"><\/span>of<span class=\"dictionary\"><\/span> <span class=\"dictionary\"><\/span>commissions<span class=\"dictionary\"><\/span> <span class=\"dictionary\"><\/span>and<span class=\"dictionary\"><\/span> <span class=\"dictionary\"><\/span>boards<span class=\"dictionary\"><\/span>.<\/p>\n<\/p><\/section>","plain_text":"                              BALTIMORE CITY CHARTER\n\nPOWERS AND DUTIES. (\u00a7 VI-2)\n\nThe Board of Estimates shall formulate and execute the fiscal policy of the City\nto the extent, and in\nthe manner provided for, in the Charter.  To exercise its powers and perform its\nduties, the Board\nmay promulgate rules and regulations and summon before it the heads of\ndepartments, bureaus or\ndivisions, municipal officers, and members of commissions and boards.\n","previous_section":{"id":"125","structure_id":"24","section_number":"VI-1","catch_line":"Establishment and organization.","url":"http:\/\/charter.baltimorecode\/VI-1\/","api_url":"http:\/\/charter.baltimorecode\/api\/law\/VI-1\/"},"text":{"0":{"id":"135","text":"The Board of Estimates shall formulate and execute the fiscal policy of the City to the extent, and in\nthe manner provided for, in the Charter.  To exercise its powers and perform its duties, the Board\nmay promulgate rules and regulations and summon before it the heads of departments, bureaus or\ndivisions, municipal officers, and members of commissions and boards.\n","type":"section","prefixes":[""],"prefix":"","entire_prefix":"","prefix_anchor":"","level":1}}}