{"section_number":"VI-4","section_id":"137","structure_id":"7","catch_line":"Assistance from Finance Director and Planning Commission.","history":"","full_text":" To assist the Board of Estimates in the preparation of the proposed Ordinance of Estimates:\n\n (a)  Recommendations on agency estimates.\n\nThe Director of Finance shall submit for the consideration of the Board a recommended\noperating budget, which shall include the estimates submitted by the municipal agencies for the\nnext fiscal year, the recommendations of the Director of Finance thereon, and all other estimates\nfor appropriations to be made in the next fiscal year, other than for capital improvements;\nprovided, however, the estimates for the Fire Department shall include such amounts, if any, as\nmay be determined by a final decision of a board of arbitration convened to arbitrate unresolved\nnegotiations between the City and the certified employee organizations representing the fire\nfighters and fire officers, as prescribed by existing Section 53 of Article VII.\n\n (b)  Recommendations on capital budget, etc.\n\nThe Planning Commission shall submit for the consideration of the Board a recommended\ncapital budget, a recommended long-range capital improvement program, and a report on both.\nThe Director and Board of Finance shall review the recommended capital budget and program,\nand make a report and recommendations about both to the Board of Estimates.\r\r","ancestry":{"1":{"id":"7","name":"Board of Estimates","identifier":"VI","label":"article","url":"http:\/\/charter.baltimorecode.localhost\/VI\/"}},"structure_contents":{"0":{"id":"125","structure_id":"7","section_number":"VI-1","catch_line":"Establishment and organization.","url":"http:\/\/charter.baltimorecode.localhost\/VI-1\/","api_url":"http:\/\/charter.baltimorecode.localhost\/api\/law\/VI-1\/"},"1":{"id":"126","structure_id":"7","section_number":"VI-10","catch_line":"Salaries.","url":"http:\/\/charter.baltimorecode.localhost\/VI-10\/","api_url":"http:\/\/charter.baltimorecode.localhost\/api\/law\/VI-10\/"},"2":{"id":"127","structure_id":"7","section_number":"VI-11","catch_line":"Procurement.","url":"http:\/\/charter.baltimorecode.localhost\/VI-11\/","api_url":"http:\/\/charter.baltimorecode.localhost\/api\/law\/VI-11\/"},"3":{"id":"128","structure_id":"7","section_number":"VI-12","catch_line":"Salary and wage scales; work conditions.","url":"http:\/\/charter.baltimorecode.localhost\/VI-12\/","api_url":"http:\/\/charter.baltimorecode.localhost\/api\/law\/VI-12\/"},"4":{"id":"129","structure_id":"7","section_number":"VI-13","catch_line":"Command appearance of municipal officers.","url":"http:\/\/charter.baltimorecode.localhost\/VI-13\/","api_url":"http:\/\/charter.baltimorecode.localhost\/api\/law\/VI-13\/"},"5":{"id":"130","structure_id":"7","section_number":"VI-14","catch_line":"Bonds of municipal officers.","url":"http:\/\/charter.baltimorecode.localhost\/VI-14\/","api_url":"http:\/\/charter.baltimorecode.localhost\/api\/law\/VI-14\/"},"6":{"id":"131","structure_id":"7","section_number":"VI-15","catch_line":"Claims against or by City.","url":"http:\/\/charter.baltimorecode.localhost\/VI-15\/","api_url":"http:\/\/charter.baltimorecode.localhost\/api\/law\/VI-15\/"},"7":{"id":"132","structure_id":"7","section_number":"VI-16","catch_line":"Salaries of State\u2019s Attorney\u2019s Office.","url":"http:\/\/charter.baltimorecode.localhost\/VI-16\/","api_url":"http:\/\/charter.baltimorecode.localhost\/api\/law\/VI-16\/"},"8":{"id":"133","structure_id":"7","section_number":"VI-17","catch_line":"Expenditures for new improvements.","url":"http:\/\/charter.baltimorecode.localhost\/VI-17\/","api_url":"http:\/\/charter.baltimorecode.localhost\/api\/law\/VI-17\/"},"9":{"id":"134","structure_id":"7","section_number":"VI-18","catch_line":"Water, sanitary wastewater, and stormwater utilities.","url":"http:\/\/charter.baltimorecode.localhost\/VI-18\/","api_url":"http:\/\/charter.baltimorecode.localhost\/api\/law\/VI-18\/"},"10":{"id":"135","structure_id":"7","section_number":"VI-2","catch_line":"Powers and duties.","url":"http:\/\/charter.baltimorecode.localhost\/VI-2\/","api_url":"http:\/\/charter.baltimorecode.localhost\/api\/law\/VI-2\/"},"11":{"id":"136","structure_id":"7","section_number":"VI-3","catch_line":"Fiscal year; budget schedule.","url":"http:\/\/charter.baltimorecode.localhost\/VI-3\/","api_url":"http:\/\/charter.baltimorecode.localhost\/api\/law\/VI-3\/"},"12":{"id":"137","structure_id":"7","section_number":"VI-4","catch_line":"Assistance from Finance Director and Planning Commission.","url":"http:\/\/charter.baltimorecode.localhost\/VI-4\/","api_url":"http:\/\/charter.baltimorecode.localhost\/api\/law\/VI-4\/"},"13":{"id":"138","structure_id":"7","section_number":"VI-5","catch_line":"Preparation of proposed Ordinance of Estimates.","url":"http:\/\/charter.baltimorecode.localhost\/VI-5\/","api_url":"http:\/\/charter.baltimorecode.localhost\/api\/law\/VI-5\/"},"14":{"id":"139","structure_id":"7","section_number":"VI-6","catch_line":"Adoption of proposed Ordinance of Estimates.","url":"http:\/\/charter.baltimorecode.localhost\/VI-6\/","api_url":"http:\/\/charter.baltimorecode.localhost\/api\/law\/VI-6\/"},"15":{"id":"140","structure_id":"7","section_number":"VI-7","catch_line":"Enactment of Ordinance of Estimates.","url":"http:\/\/charter.baltimorecode.localhost\/VI-7\/","api_url":"http:\/\/charter.baltimorecode.localhost\/api\/law\/VI-7\/"},"16":{"id":"141","structure_id":"7","section_number":"VI-8","catch_line":"Deficiencies; supplementary appropriations.","url":"http:\/\/charter.baltimorecode.localhost\/VI-8\/","api_url":"http:\/\/charter.baltimorecode.localhost\/api\/law\/VI-8\/"},"17":{"id":"142","structure_id":"7","section_number":"VI-9","catch_line":"Uses of appropriations.","url":"http:\/\/charter.baltimorecode.localhost\/VI-9\/","api_url":"http:\/\/charter.baltimorecode.localhost\/api\/law\/VI-9\/"}},"next_section":{"id":"138","structure_id":"7","section_number":"VI-5","catch_line":"Preparation of proposed Ordinance of Estimates.","url":"http:\/\/charter.baltimorecode.localhost\/VI-5\/","api_url":"http:\/\/charter.baltimorecode.localhost\/api\/law\/VI-5\/"},"references":false,"url":"http:\/\/charter.baltimorecode.localhost\/VI-4\/","dublin_core":{"Title":"Assistance from Finance Director and Planning Commission.","Type":"Text","Format":"text\/html","Identifier":"\u00a7 VI-4","Relation":"Baltimore City Charter"},"html":"\n\t\t\t\t\t<section><p><p><span class=\"dictionary\"><\/span>To<span class=\"dictionary\"><\/span> <span class=\"dictionary\"><\/span>assist<span class=\"dictionary\"><\/span> <span class=\"dictionary\"><\/span>the<span class=\"dictionary\"><\/span> <span class=\"dictionary\"><\/span>Board<span class=\"dictionary\"><\/span> <span class=\"dictionary\"><\/span>of<span class=\"dictionary\"><\/span> <span class=\"dictionary\"><\/span>Estimates<span class=\"dictionary\"><\/span> <span class=\"dictionary\"><\/span>in<span class=\"dictionary\"><\/span> <span class=\"dictionary\"><\/span>the<span class=\"dictionary\"><\/span> <span class=\"dictionary\"><\/span>preparation<span class=\"dictionary\"><\/span> <span class=\"dictionary\"><\/span>of<span class=\"dictionary\"><\/span> <span class=\"dictionary\"><\/span>the<span class=\"dictionary\"><\/span> <span class=\"dictionary\"><\/span>proposed<span class=\"dictionary\"><\/span> <span class=\"dictionary\"><\/span>Ordinance<span class=\"dictionary\"><\/span> <span class=\"dictionary\"><\/span>of<span class=\"dictionary\"><\/span> <span class=\"dictionary\"><\/span>Estimates<span class=\"dictionary\"><\/span>:<\/p>\n<p> (<span class=\"dictionary\"><\/span>a<span class=\"dictionary\"><\/span>)  <span class=\"dictionary\"><\/span>Recommendations<span class=\"dictionary\"><\/span> <span class=\"dictionary\"><\/span>on<span class=\"dictionary\"><\/span> <span class=\"dictionary\"><\/span>agency<span class=\"dictionary\"><\/span> <span class=\"dictionary\"><\/span>estimates<span class=\"dictionary\"><\/span>.<\/p>\n<p><span class=\"dictionary\"><\/span>The<span class=\"dictionary\"><\/span> <span class=\"dictionary\"><\/span>Director<span class=\"dictionary\"><\/span> <span class=\"dictionary\"><\/span>of<span class=\"dictionary\"><\/span> <span class=\"dictionary\"><\/span>Finance<span class=\"dictionary\"><\/span> <span class=\"dictionary\"><\/span>shall<span class=\"dictionary\"><\/span> <span class=\"dictionary\"><\/span>submit<span class=\"dictionary\"><\/span> <span class=\"dictionary\"><\/span>for<span class=\"dictionary\"><\/span> <span class=\"dictionary\"><\/span>the<span class=\"dictionary\"><\/span> <span class=\"dictionary\"><\/span>consideration<span class=\"dictionary\"><\/span> <span class=\"dictionary\"><\/span>of<span class=\"dictionary\"><\/span> <span class=\"dictionary\"><\/span>the<span class=\"dictionary\"><\/span> <span class=\"dictionary\"><\/span>Board<span class=\"dictionary\"><\/span> <span class=\"dictionary\"><\/span>a<span class=\"dictionary\"><\/span> <span class=\"dictionary\"><\/span>recommended<span class=\"dictionary\"><\/span><br \/>\n<span class=\"dictionary\"><\/span>operating<span class=\"dictionary\"><\/span> <span class=\"dictionary\"><\/span>budget<span class=\"dictionary\"><\/span>, <span class=\"dictionary\"><\/span>which<span class=\"dictionary\"><\/span> <span class=\"dictionary\"><\/span>shall<span class=\"dictionary\"><\/span> <span class=\"dictionary\"><\/span>include<span class=\"dictionary\"><\/span> <span class=\"dictionary\"><\/span>the<span class=\"dictionary\"><\/span> <span class=\"dictionary\"><\/span>estimates<span class=\"dictionary\"><\/span> <span class=\"dictionary\"><\/span>submitted<span class=\"dictionary\"><\/span> <span class=\"dictionary\"><\/span>by<span class=\"dictionary\"><\/span> <span class=\"dictionary\"><\/span>the<span class=\"dictionary\"><\/span> <span class=\"dictionary\"><\/span>municipal<span class=\"dictionary\"><\/span> <span class=\"dictionary\"><\/span>agencies<span class=\"dictionary\"><\/span> <span class=\"dictionary\"><\/span>for<span class=\"dictionary\"><\/span> <span class=\"dictionary\"><\/span>the<span class=\"dictionary\"><\/span><br \/>\n<span class=\"dictionary\"><\/span>next<span class=\"dictionary\"><\/span> <span class=\"dictionary\"><\/span>fiscal<span class=\"dictionary\"><\/span> <span class=\"dictionary\"><\/span>year<span class=\"dictionary\"><\/span>, <span class=\"dictionary\"><\/span>the<span class=\"dictionary\"><\/span> <span class=\"dictionary\"><\/span>recommendations<span class=\"dictionary\"><\/span> <span class=\"dictionary\"><\/span>of<span class=\"dictionary\"><\/span> <span class=\"dictionary\"><\/span>the<span class=\"dictionary\"><\/span> <span class=\"dictionary\"><\/span>Director<span class=\"dictionary\"><\/span> <span class=\"dictionary\"><\/span>of<span class=\"dictionary\"><\/span> <span class=\"dictionary\"><\/span>Finance<span class=\"dictionary\"><\/span> <span class=\"dictionary\"><\/span>thereon<span class=\"dictionary\"><\/span>, <span class=\"dictionary\"><\/span>and<span class=\"dictionary\"><\/span> <span class=\"dictionary\"><\/span>all<span class=\"dictionary\"><\/span> <span class=\"dictionary\"><\/span>other<span class=\"dictionary\"><\/span> <span class=\"dictionary\"><\/span>estimates<span class=\"dictionary\"><\/span><br \/>\n<span class=\"dictionary\"><\/span>for<span class=\"dictionary\"><\/span> <span class=\"dictionary\"><\/span>appropriations<span class=\"dictionary\"><\/span> <span class=\"dictionary\"><\/span>to<span class=\"dictionary\"><\/span> <span class=\"dictionary\"><\/span>be<span class=\"dictionary\"><\/span> <span class=\"dictionary\"><\/span>made<span class=\"dictionary\"><\/span> <span class=\"dictionary\"><\/span>in<span class=\"dictionary\"><\/span> <span class=\"dictionary\"><\/span>the<span class=\"dictionary\"><\/span> <span class=\"dictionary\"><\/span>next<span class=\"dictionary\"><\/span> <span class=\"dictionary\"><\/span>fiscal<span class=\"dictionary\"><\/span> <span class=\"dictionary\"><\/span>year<span class=\"dictionary\"><\/span>, <span class=\"dictionary\"><\/span>other<span class=\"dictionary\"><\/span> <span class=\"dictionary\"><\/span>than<span class=\"dictionary\"><\/span> <span class=\"dictionary\"><\/span>for<span class=\"dictionary\"><\/span> <span class=\"dictionary\"><\/span>capital<span class=\"dictionary\"><\/span> <span class=\"dictionary\"><\/span>improvements<span class=\"dictionary\"><\/span>;<br \/>\n<span class=\"dictionary\"><\/span>provided<span class=\"dictionary\"><\/span>, <span class=\"dictionary\"><\/span>however<span class=\"dictionary\"><\/span>, <span class=\"dictionary\"><\/span>the<span class=\"dictionary\"><\/span> <span class=\"dictionary\"><\/span>estimates<span class=\"dictionary\"><\/span> <span class=\"dictionary\"><\/span>for<span class=\"dictionary\"><\/span> <span class=\"dictionary\"><\/span>the<span class=\"dictionary\"><\/span> <span class=\"dictionary\"><\/span>Fire<span class=\"dictionary\"><\/span> <span class=\"dictionary\"><\/span>Department<span class=\"dictionary\"><\/span> <span class=\"dictionary\"><\/span>shall<span class=\"dictionary\"><\/span> <span class=\"dictionary\"><\/span>include<span class=\"dictionary\"><\/span> <span class=\"dictionary\"><\/span>such<span class=\"dictionary\"><\/span> <span class=\"dictionary\"><\/span>amounts<span class=\"dictionary\"><\/span>, <span class=\"dictionary\"><\/span>if<span class=\"dictionary\"><\/span> <span class=\"dictionary\"><\/span>any<span class=\"dictionary\"><\/span>, <span class=\"dictionary\"><\/span>as<span class=\"dictionary\"><\/span><br \/>\n<span class=\"dictionary\"><\/span>may<span class=\"dictionary\"><\/span> <span class=\"dictionary\"><\/span>be<span class=\"dictionary\"><\/span> <span class=\"dictionary\"><\/span>determined<span class=\"dictionary\"><\/span> <span class=\"dictionary\"><\/span>by<span class=\"dictionary\"><\/span> <span class=\"dictionary\"><\/span>a<span class=\"dictionary\"><\/span> <span class=\"dictionary\"><\/span>final<span class=\"dictionary\"><\/span> <span class=\"dictionary\"><\/span>decision<span class=\"dictionary\"><\/span> <span class=\"dictionary\"><\/span>of<span class=\"dictionary\"><\/span> <span class=\"dictionary\"><\/span>a<span class=\"dictionary\"><\/span> <span class=\"dictionary\"><\/span>board<span class=\"dictionary\"><\/span> <span class=\"dictionary\"><\/span>of<span class=\"dictionary\"><\/span> <span class=\"dictionary\"><\/span>arbitration<span class=\"dictionary\"><\/span> <span class=\"dictionary\"><\/span>convened<span class=\"dictionary\"><\/span> <span class=\"dictionary\"><\/span>to<span class=\"dictionary\"><\/span> <span class=\"dictionary\"><\/span>arbitrate<span class=\"dictionary\"><\/span> <span class=\"dictionary\"><\/span>unresolved<span class=\"dictionary\"><\/span><br \/>\n<span class=\"dictionary\"><\/span>negotiations<span class=\"dictionary\"><\/span> <span class=\"dictionary\"><\/span>between<span class=\"dictionary\"><\/span> <span class=\"dictionary\"><\/span>the<span class=\"dictionary\"><\/span> <span class=\"dictionary\"><\/span>City<span class=\"dictionary\"><\/span> <span class=\"dictionary\"><\/span>and<span class=\"dictionary\"><\/span> <span class=\"dictionary\"><\/span>the<span class=\"dictionary\"><\/span> <span class=\"dictionary\"><\/span>certified<span class=\"dictionary\"><\/span> <span class=\"dictionary\"><\/span>employee<span class=\"dictionary\"><\/span> <span class=\"dictionary\"><\/span>organizations<span class=\"dictionary\"><\/span> <span class=\"dictionary\"><\/span>representing<span class=\"dictionary\"><\/span> <span class=\"dictionary\"><\/span>the<span class=\"dictionary\"><\/span> <span class=\"dictionary\"><\/span>fire<span class=\"dictionary\"><\/span><br \/>\n<span class=\"dictionary\"><\/span>fighters<span class=\"dictionary\"><\/span> <span class=\"dictionary\"><\/span>and<span class=\"dictionary\"><\/span> <span class=\"dictionary\"><\/span>fire<span class=\"dictionary\"><\/span> <span class=\"dictionary\"><\/span>officers<span class=\"dictionary\"><\/span>, <span class=\"dictionary\"><\/span>as<span class=\"dictionary\"><\/span> <span class=\"dictionary\"><\/span>prescribed<span class=\"dictionary\"><\/span> <span class=\"dictionary\"><\/span>by<span class=\"dictionary\"><\/span> <span class=\"dictionary\"><\/span>existing<span class=\"dictionary\"><\/span> <span class=\"dictionary\"><\/span>Section<span class=\"dictionary\"><\/span> <span class=\"dictionary\"><\/span>53<span class=\"dictionary\"><\/span> <span class=\"dictionary\"><\/span>of<span class=\"dictionary\"><\/span> <span class=\"dictionary\"><\/span>Article<span class=\"dictionary\"><\/span> <span class=\"dictionary\"><\/span>VII<span class=\"dictionary\"><\/span>.<\/p>\n<p> (<span class=\"dictionary\"><\/span>b<span class=\"dictionary\"><\/span>)  <span class=\"dictionary\"><\/span>Recommendations<span class=\"dictionary\"><\/span> <span class=\"dictionary\"><\/span>on<span class=\"dictionary\"><\/span> <span class=\"dictionary\"><\/span>capital<span class=\"dictionary\"><\/span> <span class=\"dictionary\"><\/span>budget<span class=\"dictionary\"><\/span>, <span class=\"dictionary\"><\/span>etc<span class=\"dictionary\"><\/span>.<\/p>\n<p><span class=\"dictionary\"><\/span>The<span class=\"dictionary\"><\/span> <span class=\"dictionary\"><\/span>Planning<span class=\"dictionary\"><\/span> <span class=\"dictionary\"><\/span>Commission<span class=\"dictionary\"><\/span> <span class=\"dictionary\"><\/span>shall<span class=\"dictionary\"><\/span> <span class=\"dictionary\"><\/span>submit<span class=\"dictionary\"><\/span> <span class=\"dictionary\"><\/span>for<span class=\"dictionary\"><\/span> <span class=\"dictionary\"><\/span>the<span class=\"dictionary\"><\/span> <span class=\"dictionary\"><\/span>consideration<span class=\"dictionary\"><\/span> <span class=\"dictionary\"><\/span>of<span class=\"dictionary\"><\/span> <span class=\"dictionary\"><\/span>the<span class=\"dictionary\"><\/span> <span class=\"dictionary\"><\/span>Board<span class=\"dictionary\"><\/span> <span class=\"dictionary\"><\/span>a<span class=\"dictionary\"><\/span> <span class=\"dictionary\"><\/span>recommended<span class=\"dictionary\"><\/span><br \/>\n<span class=\"dictionary\"><\/span>capital<span class=\"dictionary\"><\/span> <span class=\"dictionary\"><\/span>budget<span class=\"dictionary\"><\/span>, <span class=\"dictionary\"><\/span>a<span class=\"dictionary\"><\/span> <span class=\"dictionary\"><\/span>recommended<span class=\"dictionary\"><\/span> <span class=\"dictionary\"><\/span>long<span class=\"dictionary\"><\/span>-<span class=\"dictionary\"><\/span>range<span class=\"dictionary\"><\/span> <span class=\"dictionary\"><\/span>capital<span class=\"dictionary\"><\/span> <span class=\"dictionary\"><\/span>improvement<span class=\"dictionary\"><\/span> <span class=\"dictionary\"><\/span>program<span class=\"dictionary\"><\/span>, <span class=\"dictionary\"><\/span>and<span class=\"dictionary\"><\/span> <span class=\"dictionary\"><\/span>a<span class=\"dictionary\"><\/span> <span class=\"dictionary\"><\/span>report<span class=\"dictionary\"><\/span> <span class=\"dictionary\"><\/span>on<span class=\"dictionary\"><\/span> <span class=\"dictionary\"><\/span>both<span class=\"dictionary\"><\/span>.<br \/>\n<span class=\"dictionary\"><\/span>The<span class=\"dictionary\"><\/span> <span class=\"dictionary\"><\/span>Director<span class=\"dictionary\"><\/span> <span class=\"dictionary\"><\/span>and<span class=\"dictionary\"><\/span> <span class=\"dictionary\"><\/span>Board<span class=\"dictionary\"><\/span> <span class=\"dictionary\"><\/span>of<span class=\"dictionary\"><\/span> <span class=\"dictionary\"><\/span>Finance<span class=\"dictionary\"><\/span> <span class=\"dictionary\"><\/span>shall<span class=\"dictionary\"><\/span> <span class=\"dictionary\"><\/span>review<span class=\"dictionary\"><\/span> <span class=\"dictionary\"><\/span>the<span class=\"dictionary\"><\/span> <span class=\"dictionary\"><\/span>recommended<span class=\"dictionary\"><\/span> <span class=\"dictionary\"><\/span>capital<span class=\"dictionary\"><\/span> <span class=\"dictionary\"><\/span>budget<span class=\"dictionary\"><\/span> <span class=\"dictionary\"><\/span>and<span class=\"dictionary\"><\/span> <span class=\"dictionary\"><\/span>program<span class=\"dictionary\"><\/span>,<br \/>\n<span class=\"dictionary\"><\/span>and<span class=\"dictionary\"><\/span> <span class=\"dictionary\"><\/span>make<span class=\"dictionary\"><\/span> <span class=\"dictionary\"><\/span>a<span class=\"dictionary\"><\/span> <span class=\"dictionary\"><\/span>report<span class=\"dictionary\"><\/span> <span class=\"dictionary\"><\/span>and<span class=\"dictionary\"><\/span> <span class=\"dictionary\"><\/span>recommendations<span class=\"dictionary\"><\/span> <span class=\"dictionary\"><\/span>about<span class=\"dictionary\"><\/span> <span class=\"dictionary\"><\/span>both<span class=\"dictionary\"><\/span> <span class=\"dictionary\"><\/span>to<span class=\"dictionary\"><\/span> <span class=\"dictionary\"><\/span>the<span class=\"dictionary\"><\/span> <span class=\"dictionary\"><\/span>Board<span class=\"dictionary\"><\/span> <span class=\"dictionary\"><\/span>of<span class=\"dictionary\"><\/span> <span class=\"dictionary\"><\/span>Estimates<span class=\"dictionary\"><\/span>.<\/p>\n<\/p><\/section>","plain_text":"                              BALTIMORE CITY CHARTER\n\nASSISTANCE FROM FINANCE DIRECTOR AND PLANNING COMMISSION. (\u00a7 VI-4)\n\nTo assist the Board of Estimates in the preparation of the proposed Ordinance of\nEstimates:\n (a)  Recommendations on agency estimates.\nThe Director of Finance shall submit for the consideration of the Board a\nrecommended\noperating budget, which shall include the estimates submitted by the municipal\nagencies for the\nnext fiscal year, the recommendations of the Director of Finance thereon, and\nall other estimates\nfor appropriations to be made in the next fiscal year, other than for capital\nimprovements;\nprovided, however, the estimates for the Fire Department shall include such\namounts, if any, as\nmay be determined by a final decision of a board of arbitration convened to\narbitrate unresolved\nnegotiations between the City and the certified employee organizations\nrepresenting the fire\nfighters and fire officers, as prescribed by existing Section 53 of Article VII.\n (b)  Recommendations on capital budget, etc.\nThe Planning Commission shall submit for the consideration of the Board a\nrecommended\ncapital budget, a recommended long-range capital improvement program, and a\nreport on both.\nThe Director and Board of Finance shall review the recommended capital budget\nand program,\nand make a report and recommendations about both to the Board of Estimates.\n","previous_section":{"id":"136","structure_id":"7","section_number":"VI-3","catch_line":"Fiscal year; budget schedule.","url":"http:\/\/charter.baltimorecode.localhost\/VI-3\/","api_url":"http:\/\/charter.baltimorecode.localhost\/api\/law\/VI-3\/"},"text":{"0":{"id":"137","text":"To assist the Board of Estimates in the preparation of the proposed Ordinance of Estimates:\n (a)  Recommendations on agency estimates.\nThe Director of Finance shall submit for the consideration of the Board a recommended\noperating budget, which shall include the estimates submitted by the municipal agencies for the\nnext fiscal year, the recommendations of the Director of Finance thereon, and all other estimates\nfor appropriations to be made in the next fiscal year, other than for capital improvements;\nprovided, however, the estimates for the Fire Department shall include such amounts, if any, as\nmay be determined by a final decision of a board of arbitration convened to arbitrate unresolved\nnegotiations between the City and the certified employee organizations representing the fire\nfighters and fire officers, as prescribed by existing Section 53 of Article VII.\n (b)  Recommendations on capital budget, etc.\nThe Planning Commission shall submit for the consideration of the Board a recommended\ncapital budget, a recommended long-range capital improvement program, and a report on both.\nThe Director and Board of Finance shall review the recommended capital budget and program,\nand make a report and recommendations about both to the Board of Estimates.\n","type":"section","prefixes":[""],"prefix":"","entire_prefix":"","prefix_anchor":"","level":1}}}