{"section_number":"VII-15","section_id":"160","structure_id":"8","catch_line":"Department of Finance: distraint or levy for taxes.","history":"","full_text":" (a)  Good or chattels \u2013 notice of proposed sale.\n\nWhenever the Director shall distrain or levy upon any goods or chattels in Baltimore City for\nnonpayment of any taxes, state or municipal, due by the owner thereof, before making sale of\nproperty so distrained or levied upon, the Director shall give notice as required by law, including\nnotice by advertisement published twice a week for one week prior to the day of sale, and also on\nthe day of sale, in three of the daily newspapers published in the City, that the Director will sell\nfor cash, at public auction, to the highest bidder, on the day and at the time and place mentioned\nin the advertisement, the property therein specified, unless on or before the day of sale the entire\namount of taxes for which such distraint or levy shall have been made, with interest thereon, and\ncosts of making the levy and advertisement, shall be paid.\n\n (b)  Goods or chattels \u2013 application of proceeds.\n\nWhenever the Director shall sell any goods or chattels levied or distrained upon for taxes, state or\nmunicipal, in Baltimore City, after due advertisement as required in the preceding paragraph, the\nDirector shall retain out of the proceeds of sale the amount of taxes due from the delinquent, for\nwhich the levy or distraint shall have been made, with interest thereon, and all costs incurred in\nmaking the sale, and shall pay over the surplus, if any, to the owner of the property so levied\nupon and sold.\n\n (c)  Other sales.\n\nAll other sales of real or personal property, or interests therein, for nonpayment of taxes or other\ncharges shall be conducted by such persons and in such manner as may be prescribed by law.\r\r","ancestry":{"1":{"id":"8","name":"Executive Departments","identifier":"VII","label":"article","url":"http:\/\/charter.baltimorecode.localhost\/VII\/"}},"structure_contents":{"0":{"id":"143","structure_id":"8","section_number":"VII-1","catch_line":"General provisions: executive power; rules and regulations.","url":"http:\/\/charter.baltimorecode.localhost\/VII-1\/","api_url":"http:\/\/charter.baltimorecode.localhost\/api\/law\/VII-1\/"},"1":{"id":"144","structure_id":"8","section_number":"VII-10","catch_line":"Department of Finance: disbursements.","url":"http:\/\/charter.baltimorecode.localhost\/VII-10\/","api_url":"http:\/\/charter.baltimorecode.localhost\/api\/law\/VII-10\/"},"2":{"id":"145","structure_id":"8","section_number":"VII-100","catch_line":"Civil Service Commission: discharges, etc.; reductions in force.","url":"http:\/\/charter.baltimorecode.localhost\/VII-100\/","api_url":"http:\/\/charter.baltimorecode.localhost\/api\/law\/VII-100\/"},"3":{"id":"146","structure_id":"8","section_number":"VII-101","catch_line":"Civil Service Commission: roster of Service employees.","url":"http:\/\/charter.baltimorecode.localhost\/VII-101\/","api_url":"http:\/\/charter.baltimorecode.localhost\/api\/law\/VII-101\/"},"4":{"id":"147","structure_id":"8","section_number":"VII-102","catch_line":"Civil Service Commission: political contributions.","url":"http:\/\/charter.baltimorecode.localhost\/VII-102\/","api_url":"http:\/\/charter.baltimorecode.localhost\/api\/law\/VII-102\/"},"5":{"id":"148","structure_id":"8","section_number":"VII-103","catch_line":"Civil Service Commission: abolished positions.","url":"http:\/\/charter.baltimorecode.localhost\/VII-103\/","api_url":"http:\/\/charter.baltimorecode.localhost\/api\/law\/VII-103\/"},"6":{"id":"149","structure_id":"8","section_number":"VII-104","catch_line":"Civil Service Commission: penalties.","url":"http:\/\/charter.baltimorecode.localhost\/VII-104\/","api_url":"http:\/\/charter.baltimorecode.localhost\/api\/law\/VII-104\/"},"7":{"id":"150","structure_id":"8","section_number":"VII-105","catch_line":"Board of Ethics: State Code requirements.","url":"http:\/\/charter.baltimorecode.localhost\/VII-105\/","api_url":"http:\/\/charter.baltimorecode.localhost\/api\/law\/VII-105\/"},"8":{"id":"151","structure_id":"8","section_number":"VII-106","catch_line":"Board of Ethics: established; composition.","url":"http:\/\/charter.baltimorecode.localhost\/VII-106\/","api_url":"http:\/\/charter.baltimorecode.localhost\/api\/law\/VII-106\/"},"9":{"id":"152","structure_id":"8","section_number":"VII-107","catch_line":"Board of Ethics: member qualifications.","url":"http:\/\/charter.baltimorecode.localhost\/VII-107\/","api_url":"http:\/\/charter.baltimorecode.localhost\/api\/law\/VII-107\/"},"10":{"id":"153","structure_id":"8","section_number":"VII-108","catch_line":"Board of Ethics: term; vacancies; chair; meetings; etc.","url":"http:\/\/charter.baltimorecode.localhost\/VII-108\/","api_url":"http:\/\/charter.baltimorecode.localhost\/api\/law\/VII-108\/"},"11":{"id":"154","structure_id":"8","section_number":"VII-109","catch_line":"Board of Ethics: powers and duties.","url":"http:\/\/charter.baltimorecode.localhost\/VII-109\/","api_url":"http:\/\/charter.baltimorecode.localhost\/api\/law\/VII-109\/"},"12":{"id":"155","structure_id":"8","section_number":"VII-11","catch_line":"Department of Finance: accounting.","url":"http:\/\/charter.baltimorecode.localhost\/VII-11\/","api_url":"http:\/\/charter.baltimorecode.localhost\/api\/law\/VII-11\/"},"13":{"id":"156","structure_id":"8","section_number":"VII-110","catch_line":"Board of Ethics: modification by ordinance.","url":"http:\/\/charter.baltimorecode.localhost\/VII-110\/","api_url":"http:\/\/charter.baltimorecode.localhost\/api\/law\/VII-110\/"},"14":{"id":"157","structure_id":"8","section_number":"VII-12","catch_line":"Department of Finance: collections, deposits, withdrawals, etc.","url":"http:\/\/charter.baltimorecode.localhost\/VII-12\/","api_url":"http:\/\/charter.baltimorecode.localhost\/api\/law\/VII-12\/"},"15":{"id":"158","structure_id":"8","section_number":"VII-13","catch_line":"Department of Finance: lien records.","url":"http:\/\/charter.baltimorecode.localhost\/VII-13\/","api_url":"http:\/\/charter.baltimorecode.localhost\/api\/law\/VII-13\/"},"16":{"id":"159","structure_id":"8","section_number":"VII-14","catch_line":"Department of Finance: notices of lien.","url":"http:\/\/charter.baltimorecode.localhost\/VII-14\/","api_url":"http:\/\/charter.baltimorecode.localhost\/api\/law\/VII-14\/"},"17":{"id":"160","structure_id":"8","section_number":"VII-15","catch_line":"Department of Finance: distraint or levy for taxes.","url":"http:\/\/charter.baltimorecode.localhost\/VII-15\/","api_url":"http:\/\/charter.baltimorecode.localhost\/api\/law\/VII-15\/"},"18":{"id":"161","structure_id":"8","section_number":"VII-16","catch_line":"Department of Finance: taxes as personal debt and lien.","url":"http:\/\/charter.baltimorecode.localhost\/VII-16\/","api_url":"http:\/\/charter.baltimorecode.localhost\/api\/law\/VII-16\/"},"19":{"id":"162","structure_id":"8","section_number":"VII-17","catch_line":"Department of Finance: purchasing.","url":"http:\/\/charter.baltimorecode.localhost\/VII-17\/","api_url":"http:\/\/charter.baltimorecode.localhost\/api\/law\/VII-17\/"},"20":{"id":"163","structure_id":"8","section_number":"VII-18","catch_line":"Department of Finance: registrar of debt; custodian of funds and securities; keeper of Seal.","url":"http:\/\/charter.baltimorecode.localhost\/VII-18\/","api_url":"http:\/\/charter.baltimorecode.localhost\/api\/law\/VII-18\/"},"21":{"id":"164","structure_id":"8","section_number":"VII-19","catch_line":"Board of Finance: established.","url":"http:\/\/charter.baltimorecode.localhost\/VII-19\/","api_url":"http:\/\/charter.baltimorecode.localhost\/api\/law\/VII-19\/"},"22":{"id":"165","structure_id":"8","section_number":"VII-2","catch_line":"General provisions: powers and duties; contracts.","url":"http:\/\/charter.baltimorecode.localhost\/VII-2\/","api_url":"http:\/\/charter.baltimorecode.localhost\/api\/law\/VII-2\/"},"23":{"id":"166","structure_id":"8","section_number":"VII-20","catch_line":"Board of Finance: composition.","url":"http:\/\/charter.baltimorecode.localhost\/VII-20\/","api_url":"http:\/\/charter.baltimorecode.localhost\/api\/law\/VII-20\/"},"24":{"id":"167","structure_id":"8","section_number":"VII-21","catch_line":"Board of Finance: powers and duties.","url":"http:\/\/charter.baltimorecode.localhost\/VII-21\/","api_url":"http:\/\/charter.baltimorecode.localhost\/api\/law\/VII-21\/"},"25":{"id":"168","structure_id":"8","section_number":"VII-22","catch_line":"Department of Law: established.","url":"http:\/\/charter.baltimorecode.localhost\/VII-22\/","api_url":"http:\/\/charter.baltimorecode.localhost\/api\/law\/VII-22\/"},"26":{"id":"169","structure_id":"8","section_number":"VII-23","catch_line":"Department of Law: City Solicitor.","url":"http:\/\/charter.baltimorecode.localhost\/VII-23\/","api_url":"http:\/\/charter.baltimorecode.localhost\/api\/law\/VII-23\/"},"27":{"id":"170","structure_id":"8","section_number":"VII-24","catch_line":"Department of Law: powers and duties.","url":"http:\/\/charter.baltimorecode.localhost\/VII-24\/","api_url":"http:\/\/charter.baltimorecode.localhost\/api\/law\/VII-24\/"},"28":{"id":"171","structure_id":"8","section_number":"VII-25","catch_line":"Department of Law: staff; other assistance.","url":"http:\/\/charter.baltimorecode.localhost\/VII-25\/","api_url":"http:\/\/charter.baltimorecode.localhost\/api\/law\/VII-25\/"},"29":{"id":"172","structure_id":"8","section_number":"VII-26","catch_line":"Department of Law: suits; appeals.","url":"http:\/\/charter.baltimorecode.localhost\/VII-26\/","api_url":"http:\/\/charter.baltimorecode.localhost\/api\/law\/VII-26\/"},"30":{"id":"173","structure_id":"8","section_number":"VII-27","catch_line":"Department of Public Works: established.","url":"http:\/\/charter.baltimorecode.localhost\/VII-27\/","api_url":"http:\/\/charter.baltimorecode.localhost\/api\/law\/VII-27\/"},"31":{"id":"174","structure_id":"8","section_number":"VII-28","catch_line":"Department of Public Works: Director.","url":"http:\/\/charter.baltimorecode.localhost\/VII-28\/","api_url":"http:\/\/charter.baltimorecode.localhost\/api\/law\/VII-28\/"},"32":{"id":"175","structure_id":"8","section_number":"VII-29","catch_line":"Department of Public Works: staff.","url":"http:\/\/charter.baltimorecode.localhost\/VII-29\/","api_url":"http:\/\/charter.baltimorecode.localhost\/api\/law\/VII-29\/"},"33":{"id":"176","structure_id":"8","section_number":"VII-3","catch_line":"General provisions: bureaus and divisions.","url":"http:\/\/charter.baltimorecode.localhost\/VII-3\/","api_url":"http:\/\/charter.baltimorecode.localhost\/api\/law\/VII-3\/"},"34":{"id":"177","structure_id":"8","section_number":"VII-30","catch_line":"Department of Public Works: supervision of public works.","url":"http:\/\/charter.baltimorecode.localhost\/VII-30\/","api_url":"http:\/\/charter.baltimorecode.localhost\/api\/law\/VII-30\/"},"35":{"id":"178","structure_id":"8","section_number":"VII-31","catch_line":"Department of Public Works: construction, maintenance, and repair.","url":"http:\/\/charter.baltimorecode.localhost\/VII-31\/","api_url":"http:\/\/charter.baltimorecode.localhost\/api\/law\/VII-31\/"},"36":{"id":"179","structure_id":"8","section_number":"VII-32","catch_line":"Repealed by Res. 08-003.","url":"http:\/\/charter.baltimorecode.localhost\/VII-32\/","api_url":"http:\/\/charter.baltimorecode.localhost\/api\/law\/VII-32\/"},"37":{"id":"180","structure_id":"8","section_number":"VII-34","catch_line":"Department of Public Works: sewage.","url":"http:\/\/charter.baltimorecode.localhost\/VII-34\/","api_url":"http:\/\/charter.baltimorecode.localhost\/api\/law\/VII-34\/"},"38":{"id":"181","structure_id":"8","section_number":"VII-35","catch_line":"Department of Public Works: street cleaning.","url":"http:\/\/charter.baltimorecode.localhost\/VII-35\/","api_url":"http:\/\/charter.baltimorecode.localhost\/api\/law\/VII-35\/"},"39":{"id":"182","structure_id":"8","section_number":"VII-36","catch_line":"Repealed by Res. 08-003.","url":"http:\/\/charter.baltimorecode.localhost\/VII-36\/","api_url":"http:\/\/charter.baltimorecode.localhost\/api\/law\/VII-36\/"},"40":{"id":"183","structure_id":"8","section_number":"VII-37","catch_line":"Department of Public Works: testing.","url":"http:\/\/charter.baltimorecode.localhost\/VII-37\/","api_url":"http:\/\/charter.baltimorecode.localhost\/api\/law\/VII-37\/"},"41":{"id":"188","structure_id":"8","section_number":"VII-38","catch_line":"Repealed by Res. 08-003.","url":"http:\/\/charter.baltimorecode.localhost\/VII-38\/","api_url":"http:\/\/charter.baltimorecode.localhost\/api\/law\/VII-38\/"},"42":{"id":"185","structure_id":"8","section_number":"VII-38","catch_line":"Repealed by Res. 08-003.","url":"http:\/\/charter.baltimorecode.localhost\/VII-38\/","api_url":"http:\/\/charter.baltimorecode.localhost\/api\/law\/VII-38\/"},"43":{"id":"184","structure_id":"8","section_number":"VII-38","catch_line":"Repealed by Res. 08-003.","url":"http:\/\/charter.baltimorecode.localhost\/VII-38\/","api_url":"http:\/\/charter.baltimorecode.localhost\/api\/law\/VII-38\/"},"44":{"id":"187","structure_id":"8","section_number":"VII-4","catch_line":"General provisions: members of boards and commissions.","url":"http:\/\/charter.baltimorecode.localhost\/VII-4\/","api_url":"http:\/\/charter.baltimorecode.localhost\/api\/law\/VII-4\/"},"45":{"id":"186","structure_id":"8","section_number":"VII-4.5","catch_line":"Agency audits.","url":"http:\/\/charter.baltimorecode.localhost\/VII-4.5\/","api_url":"http:\/\/charter.baltimorecode.localhost\/api\/law\/VII-4.5\/"},"46":{"id":"189","structure_id":"8","section_number":"VII-41","catch_line":"Department of Public Works: correcting physical obstruction.","url":"http:\/\/charter.baltimorecode.localhost\/VII-41\/","api_url":"http:\/\/charter.baltimorecode.localhost\/api\/law\/VII-41\/"},"47":{"id":"190","structure_id":"8","section_number":"VII-42","catch_line":"Department of Public Works: assistance to other agencies.","url":"http:\/\/charter.baltimorecode.localhost\/VII-42\/","api_url":"http:\/\/charter.baltimorecode.localhost\/api\/law\/VII-42\/"},"48":{"id":"194","structure_id":"8","section_number":"VII-43","catch_line":"Repealed by Res. 08-003.","url":"http:\/\/charter.baltimorecode.localhost\/VII-43\/","api_url":"http:\/\/charter.baltimorecode.localhost\/api\/law\/VII-43\/"},"49":{"id":"193","structure_id":"8","section_number":"VII-43","catch_line":"Repealed by Res. 08-003.","url":"http:\/\/charter.baltimorecode.localhost\/VII-43\/","api_url":"http:\/\/charter.baltimorecode.localhost\/api\/law\/VII-43\/"},"50":{"id":"192","structure_id":"8","section_number":"VII-43","catch_line":"Repealed by Res. 08-003.","url":"http:\/\/charter.baltimorecode.localhost\/VII-43\/","api_url":"http:\/\/charter.baltimorecode.localhost\/api\/law\/VII-43\/"},"51":{"id":"191","structure_id":"8","section_number":"VII-43","catch_line":"Repealed by Res. 08-003.","url":"http:\/\/charter.baltimorecode.localhost\/VII-43\/","api_url":"http:\/\/charter.baltimorecode.localhost\/api\/law\/VII-43\/"},"52":{"id":"195","structure_id":"8","section_number":"VII-47","catch_line":"Fire Department :established.","url":"http:\/\/charter.baltimorecode.localhost\/VII-47\/","api_url":"http:\/\/charter.baltimorecode.localhost\/api\/law\/VII-47\/"},"53":{"id":"196","structure_id":"8","section_number":"VII-48","catch_line":"Fire Department: Chief.","url":"http:\/\/charter.baltimorecode.localhost\/VII-48\/","api_url":"http:\/\/charter.baltimorecode.localhost\/api\/law\/VII-48\/"},"54":{"id":"197","structure_id":"8","section_number":"VII-49","catch_line":"Fire Department: Board of Fire Commissioners \u2013 established.","url":"http:\/\/charter.baltimorecode.localhost\/VII-49\/","api_url":"http:\/\/charter.baltimorecode.localhost\/api\/law\/VII-49\/"},"55":{"id":"198","structure_id":"8","section_number":"VII-5","catch_line":"Department of Finance: established.","url":"http:\/\/charter.baltimorecode.localhost\/VII-5\/","api_url":"http:\/\/charter.baltimorecode.localhost\/api\/law\/VII-5\/"},"56":{"id":"199","structure_id":"8","section_number":"VII-50","catch_line":"Fire Department: Board of Fire Commissioners \u2013 composition; appointment; terms.","url":"http:\/\/charter.baltimorecode.localhost\/VII-50\/","api_url":"http:\/\/charter.baltimorecode.localhost\/api\/law\/VII-50\/"},"57":{"id":"200","structure_id":"8","section_number":"VII-51","catch_line":"Fire Department: Board of Fire Commissioners \u2013 powers and duties.","url":"http:\/\/charter.baltimorecode.localhost\/VII-51\/","api_url":"http:\/\/charter.baltimorecode.localhost\/api\/law\/VII-51\/"},"58":{"id":"201","structure_id":"8","section_number":"VII-52","catch_line":"Fire Department: Board of Fire Commissioners \u2013 retirement of employees.","url":"http:\/\/charter.baltimorecode.localhost\/VII-52\/","api_url":"http:\/\/charter.baltimorecode.localhost\/api\/law\/VII-52\/"},"59":{"id":"202","structure_id":"8","section_number":"VII-53","catch_line":"Fire Department: arbitration for fire fighters and officers.","url":"http:\/\/charter.baltimorecode.localhost\/VII-53\/","api_url":"http:\/\/charter.baltimorecode.localhost\/api\/law\/VII-53\/"},"60":{"id":"203","structure_id":"8","section_number":"VII-54","catch_line":"Department of Health: established.","url":"http:\/\/charter.baltimorecode.localhost\/VII-54\/","api_url":"http:\/\/charter.baltimorecode.localhost\/api\/law\/VII-54\/"},"61":{"id":"204","structure_id":"8","section_number":"VII-55","catch_line":"Department of Health: Commissioner.","url":"http:\/\/charter.baltimorecode.localhost\/VII-55\/","api_url":"http:\/\/charter.baltimorecode.localhost\/api\/law\/VII-55\/"},"62":{"id":"205","structure_id":"8","section_number":"VII-56","catch_line":"Department of Health: powers and duties.","url":"http:\/\/charter.baltimorecode.localhost\/VII-56\/","api_url":"http:\/\/charter.baltimorecode.localhost\/api\/law\/VII-56\/"},"63":{"id":"206","structure_id":"8","section_number":"VII-57","catch_line":"Department of Social Services: established; powers and duties.","url":"http:\/\/charter.baltimorecode.localhost\/VII-57\/","api_url":"http:\/\/charter.baltimorecode.localhost\/api\/law\/VII-57\/"},"64":{"id":"207","structure_id":"8","section_number":"VII-58","catch_line":"Department of Social Services: Social Services Commission.","url":"http:\/\/charter.baltimorecode.localhost\/VII-58\/","api_url":"http:\/\/charter.baltimorecode.localhost\/api\/law\/VII-58\/"},"65":{"id":"208","structure_id":"8","section_number":"VII-59","catch_line":"Department of Education: established.","url":"http:\/\/charter.baltimorecode.localhost\/VII-59\/","api_url":"http:\/\/charter.baltimorecode.localhost\/api\/law\/VII-59\/"},"66":{"id":"209","structure_id":"8","section_number":"VII-6","catch_line":"Department of Finance: Director.","url":"http:\/\/charter.baltimorecode.localhost\/VII-6\/","api_url":"http:\/\/charter.baltimorecode.localhost\/api\/law\/VII-6\/"},"67":{"id":"210","structure_id":"8","section_number":"VII-60","catch_line":"Department of Education: Board of School Commissioners \u2013 established; composition, etc.","url":"http:\/\/charter.baltimorecode.localhost\/VII-60\/","api_url":"http:\/\/charter.baltimorecode.localhost\/api\/law\/VII-60\/"},"68":{"id":"211","structure_id":"8","section_number":"VII-61","catch_line":"Department of Education: Board of School Commissioners \u2013 powers and duties.","url":"http:\/\/charter.baltimorecode.localhost\/VII-61\/","api_url":"http:\/\/charter.baltimorecode.localhost\/api\/law\/VII-61\/"},"69":{"id":"212","structure_id":"8","section_number":"VII-62","catch_line":"Department of Education: Superintendent.","url":"http:\/\/charter.baltimorecode.localhost\/VII-62\/","api_url":"http:\/\/charter.baltimorecode.localhost\/api\/law\/VII-62\/"},"70":{"id":"213","structure_id":"8","section_number":"VII-63","catch_line":"Department of Education: budget; salaries.","url":"http:\/\/charter.baltimorecode.localhost\/VII-63\/","api_url":"http:\/\/charter.baltimorecode.localhost\/api\/law\/VII-63\/"},"71":{"id":"214","structure_id":"8","section_number":"VII-64","catch_line":"Department of Education: graded lists; employee duties.","url":"http:\/\/charter.baltimorecode.localhost\/VII-64\/","api_url":"http:\/\/charter.baltimorecode.localhost\/api\/law\/VII-64\/"},"72":{"id":"215","structure_id":"8","section_number":"VII-65","catch_line":"Department of Recreation and Parks: established.","url":"http:\/\/charter.baltimorecode.localhost\/VII-65\/","api_url":"http:\/\/charter.baltimorecode.localhost\/api\/law\/VII-65\/"},"73":{"id":"216","structure_id":"8","section_number":"VII-66","catch_line":"Department of Recreation and Parks: Director \u2013 appointment, etc.","url":"http:\/\/charter.baltimorecode.localhost\/VII-66\/","api_url":"http:\/\/charter.baltimorecode.localhost\/api\/law\/VII-66\/"},"74":{"id":"217","structure_id":"8","section_number":"VII-67","catch_line":"Department of Recreation and Parks: Director \u2013 powers and duties.","url":"http:\/\/charter.baltimorecode.localhost\/VII-67\/","api_url":"http:\/\/charter.baltimorecode.localhost\/api\/law\/VII-67\/"},"75":{"id":"218","structure_id":"8","section_number":"VII-68","catch_line":"Department of Recreation and Parks: Board \u2013 established; duties.","url":"http:\/\/charter.baltimorecode.localhost\/VII-68\/","api_url":"http:\/\/charter.baltimorecode.localhost\/api\/law\/VII-68\/"},"76":{"id":"219","structure_id":"8","section_number":"VII-69","catch_line":"Department of Recreation and Parks: Board \u2013 composition, appointment, terms.","url":"http:\/\/charter.baltimorecode.localhost\/VII-69\/","api_url":"http:\/\/charter.baltimorecode.localhost\/api\/law\/VII-69\/"},"77":{"id":"220","structure_id":"8","section_number":"VII-7","catch_line":"Department of Finance: Deputy Director; employees.","url":"http:\/\/charter.baltimorecode.localhost\/VII-7\/","api_url":"http:\/\/charter.baltimorecode.localhost\/api\/law\/VII-7\/"},"78":{"id":"221","structure_id":"8","section_number":"VII-70","catch_line":"Department of Planning: established.","url":"http:\/\/charter.baltimorecode.localhost\/VII-70\/","api_url":"http:\/\/charter.baltimorecode.localhost\/api\/law\/VII-70\/"},"79":{"id":"222","structure_id":"8","section_number":"VII-71","catch_line":"Department of Planning: Commission \u2014 composition, appointment, terms.","url":"http:\/\/charter.baltimorecode.localhost\/VII-71\/","api_url":"http:\/\/charter.baltimorecode.localhost\/api\/law\/VII-71\/"},"80":{"id":"223","structure_id":"8","section_number":"VII-72","catch_line":"Department of Planning: Commission \u2013 powers and duties.","url":"http:\/\/charter.baltimorecode.localhost\/VII-72\/","api_url":"http:\/\/charter.baltimorecode.localhost\/api\/law\/VII-72\/"},"81":{"id":"224","structure_id":"8","section_number":"VII-73","catch_line":"Department of Planning: Director and staff.","url":"http:\/\/charter.baltimorecode.localhost\/VII-73\/","api_url":"http:\/\/charter.baltimorecode.localhost\/api\/law\/VII-73\/"},"82":{"id":"225","structure_id":"8","section_number":"VII-74","catch_line":"Department of Planning: Master Plan.","url":"http:\/\/charter.baltimorecode.localhost\/VII-74\/","api_url":"http:\/\/charter.baltimorecode.localhost\/api\/law\/VII-74\/"},"83":{"id":"226","structure_id":"8","section_number":"VII-75","catch_line":"Department of Planning: subdivisions \u2013 in general.","url":"http:\/\/charter.baltimorecode.localhost\/VII-75\/","api_url":"http:\/\/charter.baltimorecode.localhost\/api\/law\/VII-75\/"},"84":{"id":"227","structure_id":"8","section_number":"VII-76","catch_line":"Department of Planning: subdivisions \u2013 definition.","url":"http:\/\/charter.baltimorecode.localhost\/VII-76\/","api_url":"http:\/\/charter.baltimorecode.localhost\/api\/law\/VII-76\/"},"85":{"id":"228","structure_id":"8","section_number":"VII-77","catch_line":"Department of Planning: subdivisions \u2013 approvals.","url":"http:\/\/charter.baltimorecode.localhost\/VII-77\/","api_url":"http:\/\/charter.baltimorecode.localhost\/api\/law\/VII-77\/"},"86":{"id":"229","structure_id":"8","section_number":"VII-78","catch_line":"Department of Planning: subdivision regulation \u2013 recording.","url":"http:\/\/charter.baltimorecode.localhost\/VII-78\/","api_url":"http:\/\/charter.baltimorecode.localhost\/api\/law\/VII-78\/"},"87":{"id":"230","structure_id":"8","section_number":"VII-79","catch_line":"Department of Planning: appeals.","url":"http:\/\/charter.baltimorecode.localhost\/VII-79\/","api_url":"http:\/\/charter.baltimorecode.localhost\/api\/law\/VII-79\/"},"88":{"id":"231","structure_id":"8","section_number":"VII-8","catch_line":"Department of Finance: budget preparation.","url":"http:\/\/charter.baltimorecode.localhost\/VII-8\/","api_url":"http:\/\/charter.baltimorecode.localhost\/api\/law\/VII-8\/"},"89":{"id":"232","structure_id":"8","section_number":"VII-80","catch_line":"Department of Planning: penalties.","url":"http:\/\/charter.baltimorecode.localhost\/VII-80\/","api_url":"http:\/\/charter.baltimorecode.localhost\/api\/law\/VII-80\/"},"90":{"id":"233","structure_id":"8","section_number":"VII-81","catch_line":"Department of Municipal and Zoning Appeals: established.","url":"http:\/\/charter.baltimorecode.localhost\/VII-81\/","api_url":"http:\/\/charter.baltimorecode.localhost\/api\/law\/VII-81\/"},"91":{"id":"234","structure_id":"8","section_number":"VII-82","catch_line":"Board of Municipal and Zoning Appeals: established; composition, etc.","url":"http:\/\/charter.baltimorecode.localhost\/VII-82\/","api_url":"http:\/\/charter.baltimorecode.localhost\/api\/law\/VII-82\/"},"92":{"id":"235","structure_id":"8","section_number":"VII-83","catch_line":"Board of Municipal and Zoning Appeals: general powers and duties.","url":"http:\/\/charter.baltimorecode.localhost\/VII-83\/","api_url":"http:\/\/charter.baltimorecode.localhost\/api\/law\/VII-83\/"},"93":{"id":"236","structure_id":"8","section_number":"VII-84","catch_line":"Board of Municipal and Zoning Appeals: zoning appeals.","url":"http:\/\/charter.baltimorecode.localhost\/VII-84\/","api_url":"http:\/\/charter.baltimorecode.localhost\/api\/law\/VII-84\/"},"94":{"id":"237","structure_id":"8","section_number":"VII-85","catch_line":"Board of Municipal and Zoning Appeals: paving assessments.","url":"http:\/\/charter.baltimorecode.localhost\/VII-85\/","api_url":"http:\/\/charter.baltimorecode.localhost\/api\/law\/VII-85\/"},"95":{"id":"238","structure_id":"8","section_number":"VII-86","catch_line":"Board of Municipal and Zoning Appeals: review powers conferred by law.","url":"http:\/\/charter.baltimorecode.localhost\/VII-86\/","api_url":"http:\/\/charter.baltimorecode.localhost\/api\/law\/VII-86\/"},"96":{"id":"239","structure_id":"8","section_number":"VII-87","catch_line":"Board of Municipal and Zoning Appeals: additional powers conferred by law.","url":"http:\/\/charter.baltimorecode.localhost\/VII-87\/","api_url":"http:\/\/charter.baltimorecode.localhost\/api\/law\/VII-87\/"},"97":{"id":"240","structure_id":"8","section_number":"VII-88","catch_line":"Board of Municipal and Zoning Appeals: judicial review.","url":"http:\/\/charter.baltimorecode.localhost\/VII-88\/","api_url":"http:\/\/charter.baltimorecode.localhost\/api\/law\/VII-88\/"},"98":{"id":"241","structure_id":"8","section_number":"VII-89","catch_line":"Board of Municipal and Zoning Appeals: notices; evidence.","url":"http:\/\/charter.baltimorecode.localhost\/VII-89\/","api_url":"http:\/\/charter.baltimorecode.localhost\/api\/law\/VII-89\/"},"99":{"id":"242","structure_id":"8","section_number":"VII-9","catch_line":"Department of Finance: budget administration.","url":"http:\/\/charter.baltimorecode.localhost\/VII-9\/","api_url":"http:\/\/charter.baltimorecode.localhost\/api\/law\/VII-9\/"},"100":{"id":"243","structure_id":"8","section_number":"VII-90","catch_line":"Department of Legislative Reference: established.","url":"http:\/\/charter.baltimorecode.localhost\/VII-90\/","api_url":"http:\/\/charter.baltimorecode.localhost\/api\/law\/VII-90\/"},"101":{"id":"244","structure_id":"8","section_number":"VII-91","catch_line":"Department of Legislative Reference: Director \u2013 appointment, qualifications, etc.","url":"http:\/\/charter.baltimorecode.localhost\/VII-91\/","api_url":"http:\/\/charter.baltimorecode.localhost\/api\/law\/VII-91\/"},"102":{"id":"245","structure_id":"8","section_number":"VII-92","catch_line":"Department of Legislative Reference: Director \u2013 powers and duties.","url":"http:\/\/charter.baltimorecode.localhost\/VII-92\/","api_url":"http:\/\/charter.baltimorecode.localhost\/api\/law\/VII-92\/"},"103":{"id":"246","structure_id":"8","section_number":"VII-93","catch_line":"Department of Legislative Reference: Board.","url":"http:\/\/charter.baltimorecode.localhost\/VII-93\/","api_url":"http:\/\/charter.baltimorecode.localhost\/api\/law\/VII-93\/"},"104":{"id":"247","structure_id":"8","section_number":"VII-94","catch_line":"Civil Service Commission: established.","url":"http:\/\/charter.baltimorecode.localhost\/VII-94\/","api_url":"http:\/\/charter.baltimorecode.localhost\/api\/law\/VII-94\/"},"105":{"id":"248","structure_id":"8","section_number":"VII-95","catch_line":"Civil Service Commission: powers and duties.","url":"http:\/\/charter.baltimorecode.localhost\/VII-95\/","api_url":"http:\/\/charter.baltimorecode.localhost\/api\/law\/VII-95\/"},"106":{"id":"249","structure_id":"8","section_number":"VII-96","catch_line":"Civil Service Commission: Department of Human Resources \u2014 established.","url":"http:\/\/charter.baltimorecode.localhost\/VII-96\/","api_url":"http:\/\/charter.baltimorecode.localhost\/api\/law\/VII-96\/"},"107":{"id":"250","structure_id":"8","section_number":"VII-97","catch_line":"Civil Service Commission: Department of Human Resources \u2013 powers and duties.","url":"http:\/\/charter.baltimorecode.localhost\/VII-97\/","api_url":"http:\/\/charter.baltimorecode.localhost\/api\/law\/VII-97\/"},"108":{"id":"251","structure_id":"8","section_number":"VII-98","catch_line":"Civil Service Commission: Department of Human Resources \u2013 Director.","url":"http:\/\/charter.baltimorecode.localhost\/VII-98\/","api_url":"http:\/\/charter.baltimorecode.localhost\/api\/law\/VII-98\/"},"109":{"id":"252","structure_id":"8","section_number":"VII-99","catch_line":"Civil Service Commission: Civil Service positions.","url":"http:\/\/charter.baltimorecode.localhost\/VII-99\/","api_url":"http:\/\/charter.baltimorecode.localhost\/api\/law\/VII-99\/"}},"next_section":{"id":"161","structure_id":"8","section_number":"VII-16","catch_line":"Department of Finance: taxes as personal debt and lien.","url":"http:\/\/charter.baltimorecode.localhost\/VII-16\/","api_url":"http:\/\/charter.baltimorecode.localhost\/api\/law\/VII-16\/"},"references":false,"url":"http:\/\/charter.baltimorecode.localhost\/VII-15\/","dublin_core":{"Title":"Department of Finance: distraint or levy for taxes.","Type":"Text","Format":"text\/html","Identifier":"\u00a7 VII-15","Relation":"Baltimore City Charter"},"html":"\n\t\t\t\t\t<section><p><p>(<span class=\"dictionary\"><\/span>a<span class=\"dictionary\"><\/span>)  <span class=\"dictionary\"><\/span>Good<span class=\"dictionary\"><\/span> <span class=\"dictionary\"><\/span>or<span class=\"dictionary\"><\/span> <span class=\"dictionary\"><\/span>chattels<span class=\"dictionary\"><\/span> \u2013 <span class=\"dictionary\"><\/span>notice<span class=\"dictionary\"><\/span> <span class=\"dictionary\"><\/span>of<span class=\"dictionary\"><\/span> <span class=\"dictionary\"><\/span>proposed<span class=\"dictionary\"><\/span> <span class=\"dictionary\"><\/span>sale<span class=\"dictionary\"><\/span>.<\/p>\n<p><span class=\"dictionary\"><\/span>Whenever<span class=\"dictionary\"><\/span> <span class=\"dictionary\"><\/span>the<span class=\"dictionary\"><\/span> <span class=\"dictionary\"><\/span>Director<span class=\"dictionary\"><\/span> <span class=\"dictionary\"><\/span>shall<span class=\"dictionary\"><\/span> <span class=\"dictionary\"><\/span>distrain<span class=\"dictionary\"><\/span> <span class=\"dictionary\"><\/span>or<span class=\"dictionary\"><\/span> <span class=\"dictionary\"><\/span>levy<span class=\"dictionary\"><\/span> <span class=\"dictionary\"><\/span>upon<span class=\"dictionary\"><\/span> <span class=\"dictionary\"><\/span>any<span class=\"dictionary\"><\/span> <span class=\"dictionary\"><\/span>goods<span class=\"dictionary\"><\/span> <span class=\"dictionary\"><\/span>or<span class=\"dictionary\"><\/span> <span class=\"dictionary\"><\/span>chattels<span class=\"dictionary\"><\/span> <span class=\"dictionary\"><\/span>in<span class=\"dictionary\"><\/span> <span class=\"dictionary\"><\/span>Baltimore<span class=\"dictionary\"><\/span> <span class=\"dictionary\"><\/span>City<span class=\"dictionary\"><\/span> <span class=\"dictionary\"><\/span>for<span class=\"dictionary\"><\/span><br \/>\n<span class=\"dictionary\"><\/span>nonpayment<span class=\"dictionary\"><\/span> <span class=\"dictionary\"><\/span>of<span class=\"dictionary\"><\/span> <span class=\"dictionary\"><\/span>any<span class=\"dictionary\"><\/span> <span class=\"dictionary\"><\/span>taxes<span class=\"dictionary\"><\/span>, <span class=\"dictionary\"><\/span>state<span class=\"dictionary\"><\/span> <span class=\"dictionary\"><\/span>or<span class=\"dictionary\"><\/span> <span class=\"dictionary\"><\/span>municipal<span class=\"dictionary\"><\/span>, <span class=\"dictionary\"><\/span>due<span class=\"dictionary\"><\/span> <span class=\"dictionary\"><\/span>by<span class=\"dictionary\"><\/span> <span class=\"dictionary\"><\/span>the<span class=\"dictionary\"><\/span> <span class=\"dictionary\"><\/span>owner<span class=\"dictionary\"><\/span> <span class=\"dictionary\"><\/span>thereof<span class=\"dictionary\"><\/span>, <span class=\"dictionary\"><\/span>before<span class=\"dictionary\"><\/span> <span class=\"dictionary\"><\/span>making<span class=\"dictionary\"><\/span> <span class=\"dictionary\"><\/span>sale<span class=\"dictionary\"><\/span> <span class=\"dictionary\"><\/span>of<span class=\"dictionary\"><\/span><br \/>\n<span class=\"dictionary\"><\/span>property<span class=\"dictionary\"><\/span> <span class=\"dictionary\"><\/span>so<span class=\"dictionary\"><\/span> <span class=\"dictionary\"><\/span>distrained<span class=\"dictionary\"><\/span> <span class=\"dictionary\"><\/span>or<span class=\"dictionary\"><\/span> <span class=\"dictionary\"><\/span>levied<span class=\"dictionary\"><\/span> <span class=\"dictionary\"><\/span>upon<span class=\"dictionary\"><\/span>, <span class=\"dictionary\"><\/span>the<span class=\"dictionary\"><\/span> <span class=\"dictionary\"><\/span>Director<span class=\"dictionary\"><\/span> <span class=\"dictionary\"><\/span>shall<span class=\"dictionary\"><\/span> <span class=\"dictionary\"><\/span>give<span class=\"dictionary\"><\/span> <span class=\"dictionary\"><\/span>notice<span class=\"dictionary\"><\/span> <span class=\"dictionary\"><\/span>as<span class=\"dictionary\"><\/span> <span class=\"dictionary\"><\/span>required<span class=\"dictionary\"><\/span> <span class=\"dictionary\"><\/span>by<span class=\"dictionary\"><\/span> <span class=\"dictionary\"><\/span>law<span class=\"dictionary\"><\/span>, <span class=\"dictionary\"><\/span>including<span class=\"dictionary\"><\/span><br \/>\n<span class=\"dictionary\"><\/span>notice<span class=\"dictionary\"><\/span> <span class=\"dictionary\"><\/span>by<span class=\"dictionary\"><\/span> <span class=\"dictionary\"><\/span>advertisement<span class=\"dictionary\"><\/span> <span class=\"dictionary\"><\/span>published<span class=\"dictionary\"><\/span> <span class=\"dictionary\"><\/span>twice<span class=\"dictionary\"><\/span> <span class=\"dictionary\"><\/span>a<span class=\"dictionary\"><\/span> <span class=\"dictionary\"><\/span>week<span class=\"dictionary\"><\/span> <span class=\"dictionary\"><\/span>for<span class=\"dictionary\"><\/span> <span class=\"dictionary\"><\/span>one<span class=\"dictionary\"><\/span> <span class=\"dictionary\"><\/span>week<span class=\"dictionary\"><\/span> <span class=\"dictionary\"><\/span>prior<span class=\"dictionary\"><\/span> <span class=\"dictionary\"><\/span>to<span class=\"dictionary\"><\/span> <span class=\"dictionary\"><\/span>the<span class=\"dictionary\"><\/span> <span class=\"dictionary\"><\/span>day<span class=\"dictionary\"><\/span> <span class=\"dictionary\"><\/span>of<span class=\"dictionary\"><\/span> <span class=\"dictionary\"><\/span>sale<span class=\"dictionary\"><\/span>, <span class=\"dictionary\"><\/span>and<span class=\"dictionary\"><\/span> <span class=\"dictionary\"><\/span>also<span class=\"dictionary\"><\/span> <span class=\"dictionary\"><\/span>on<span class=\"dictionary\"><\/span><br \/>\n<span class=\"dictionary\"><\/span>the<span class=\"dictionary\"><\/span> <span class=\"dictionary\"><\/span>day<span class=\"dictionary\"><\/span> <span class=\"dictionary\"><\/span>of<span class=\"dictionary\"><\/span> <span class=\"dictionary\"><\/span>sale<span class=\"dictionary\"><\/span>, <span class=\"dictionary\"><\/span>in<span class=\"dictionary\"><\/span> <span class=\"dictionary\"><\/span>three<span class=\"dictionary\"><\/span> <span class=\"dictionary\"><\/span>of<span class=\"dictionary\"><\/span> <span class=\"dictionary\"><\/span>the<span class=\"dictionary\"><\/span> <span class=\"dictionary\"><\/span>daily<span class=\"dictionary\"><\/span> <span class=\"dictionary\"><\/span>newspapers<span class=\"dictionary\"><\/span> <span class=\"dictionary\"><\/span>published<span class=\"dictionary\"><\/span> <span class=\"dictionary\"><\/span>in<span class=\"dictionary\"><\/span> <span class=\"dictionary\"><\/span>the<span class=\"dictionary\"><\/span> <span class=\"dictionary\"><\/span>City<span class=\"dictionary\"><\/span>, <span class=\"dictionary\"><\/span>that<span class=\"dictionary\"><\/span> <span class=\"dictionary\"><\/span>the<span class=\"dictionary\"><\/span> <span class=\"dictionary\"><\/span>Director<span class=\"dictionary\"><\/span> <span class=\"dictionary\"><\/span>will<span class=\"dictionary\"><\/span> <span class=\"dictionary\"><\/span>sell<span class=\"dictionary\"><\/span><br \/>\n<span class=\"dictionary\"><\/span>for<span class=\"dictionary\"><\/span> <span class=\"dictionary\"><\/span>cash<span class=\"dictionary\"><\/span>, <span class=\"dictionary\"><\/span>at<span class=\"dictionary\"><\/span> <span class=\"dictionary\"><\/span>public<span class=\"dictionary\"><\/span> <span class=\"dictionary\"><\/span>auction<span class=\"dictionary\"><\/span>, <span class=\"dictionary\"><\/span>to<span class=\"dictionary\"><\/span> <span class=\"dictionary\"><\/span>the<span class=\"dictionary\"><\/span> <span class=\"dictionary\"><\/span>highest<span class=\"dictionary\"><\/span> <span class=\"dictionary\"><\/span>bidder<span class=\"dictionary\"><\/span>, <span class=\"dictionary\"><\/span>on<span class=\"dictionary\"><\/span> <span class=\"dictionary\"><\/span>the<span class=\"dictionary\"><\/span> <span class=\"dictionary\"><\/span>day<span class=\"dictionary\"><\/span> <span class=\"dictionary\"><\/span>and<span class=\"dictionary\"><\/span> <span class=\"dictionary\"><\/span>at<span class=\"dictionary\"><\/span> <span class=\"dictionary\"><\/span>the<span class=\"dictionary\"><\/span> <span class=\"dictionary\"><\/span>time<span class=\"dictionary\"><\/span> <span class=\"dictionary\"><\/span>and<span class=\"dictionary\"><\/span> <span class=\"dictionary\"><\/span>place<span class=\"dictionary\"><\/span> <span class=\"dictionary\"><\/span>mentioned<span class=\"dictionary\"><\/span><br \/>\n<span class=\"dictionary\"><\/span>in<span class=\"dictionary\"><\/span> <span class=\"dictionary\"><\/span>the<span class=\"dictionary\"><\/span> <span class=\"dictionary\"><\/span>advertisement<span class=\"dictionary\"><\/span>, <span class=\"dictionary\"><\/span>the<span class=\"dictionary\"><\/span> <span class=\"dictionary\"><\/span>property<span class=\"dictionary\"><\/span> <span class=\"dictionary\"><\/span>therein<span class=\"dictionary\"><\/span> <span class=\"dictionary\"><\/span>specified<span class=\"dictionary\"><\/span>, <span class=\"dictionary\"><\/span>unless<span class=\"dictionary\"><\/span> <span class=\"dictionary\"><\/span>on<span class=\"dictionary\"><\/span> <span class=\"dictionary\"><\/span>or<span class=\"dictionary\"><\/span> <span class=\"dictionary\"><\/span>before<span class=\"dictionary\"><\/span> <span class=\"dictionary\"><\/span>the<span class=\"dictionary\"><\/span> <span class=\"dictionary\"><\/span>day<span class=\"dictionary\"><\/span> <span class=\"dictionary\"><\/span>of<span class=\"dictionary\"><\/span> <span class=\"dictionary\"><\/span>sale<span class=\"dictionary\"><\/span> <span class=\"dictionary\"><\/span>the<span class=\"dictionary\"><\/span> <span class=\"dictionary\"><\/span>entire<span class=\"dictionary\"><\/span><br \/>\n<span class=\"dictionary\"><\/span>amount<span class=\"dictionary\"><\/span> <span class=\"dictionary\"><\/span>of<span class=\"dictionary\"><\/span> <span class=\"dictionary\"><\/span>taxes<span class=\"dictionary\"><\/span> <span class=\"dictionary\"><\/span>for<span class=\"dictionary\"><\/span> <span class=\"dictionary\"><\/span>which<span class=\"dictionary\"><\/span> <span class=\"dictionary\"><\/span>such<span class=\"dictionary\"><\/span> <span class=\"dictionary\"><\/span>distraint<span class=\"dictionary\"><\/span> <span class=\"dictionary\"><\/span>or<span class=\"dictionary\"><\/span> <span class=\"dictionary\"><\/span>levy<span class=\"dictionary\"><\/span> <span class=\"dictionary\"><\/span>shall<span class=\"dictionary\"><\/span> <span class=\"dictionary\"><\/span>have<span class=\"dictionary\"><\/span> <span class=\"dictionary\"><\/span>been<span class=\"dictionary\"><\/span> <span class=\"dictionary\"><\/span>made<span class=\"dictionary\"><\/span>, <span class=\"dictionary\"><\/span>with<span class=\"dictionary\"><\/span> <span class=\"dictionary\"><\/span>interest<span class=\"dictionary\"><\/span> <span class=\"dictionary\"><\/span>thereon<span class=\"dictionary\"><\/span>, <span class=\"dictionary\"><\/span>and<span class=\"dictionary\"><\/span><br \/>\n<span class=\"dictionary\"><\/span>costs<span class=\"dictionary\"><\/span> <span class=\"dictionary\"><\/span>of<span class=\"dictionary\"><\/span> <span class=\"dictionary\"><\/span>making<span class=\"dictionary\"><\/span> <span class=\"dictionary\"><\/span>the<span class=\"dictionary\"><\/span> <span class=\"dictionary\"><\/span>levy<span class=\"dictionary\"><\/span> <span class=\"dictionary\"><\/span>and<span class=\"dictionary\"><\/span> <span class=\"dictionary\"><\/span>advertisement<span class=\"dictionary\"><\/span>, <span class=\"dictionary\"><\/span>shall<span class=\"dictionary\"><\/span> <span class=\"dictionary\"><\/span>be<span class=\"dictionary\"><\/span> <span class=\"dictionary\"><\/span>paid<span class=\"dictionary\"><\/span>.<\/p>\n<p> (<span class=\"dictionary\"><\/span>b<span class=\"dictionary\"><\/span>)  <span class=\"dictionary\"><\/span>Goods<span class=\"dictionary\"><\/span> <span class=\"dictionary\"><\/span>or<span class=\"dictionary\"><\/span> <span class=\"dictionary\"><\/span>chattels<span class=\"dictionary\"><\/span> \u2013 <span class=\"dictionary\"><\/span>application<span class=\"dictionary\"><\/span> <span class=\"dictionary\"><\/span>of<span class=\"dictionary\"><\/span> <span class=\"dictionary\"><\/span>proceeds<span class=\"dictionary\"><\/span>.<\/p>\n<p><span class=\"dictionary\"><\/span>Whenever<span class=\"dictionary\"><\/span> <span class=\"dictionary\"><\/span>the<span class=\"dictionary\"><\/span> <span class=\"dictionary\"><\/span>Director<span class=\"dictionary\"><\/span> <span class=\"dictionary\"><\/span>shall<span class=\"dictionary\"><\/span> <span class=\"dictionary\"><\/span>sell<span class=\"dictionary\"><\/span> <span class=\"dictionary\"><\/span>any<span class=\"dictionary\"><\/span> <span class=\"dictionary\"><\/span>goods<span class=\"dictionary\"><\/span> <span class=\"dictionary\"><\/span>or<span class=\"dictionary\"><\/span> <span class=\"dictionary\"><\/span>chattels<span class=\"dictionary\"><\/span> <span class=\"dictionary\"><\/span>levied<span class=\"dictionary\"><\/span> <span class=\"dictionary\"><\/span>or<span class=\"dictionary\"><\/span> <span class=\"dictionary\"><\/span>distrained<span class=\"dictionary\"><\/span> <span class=\"dictionary\"><\/span>upon<span class=\"dictionary\"><\/span> <span class=\"dictionary\"><\/span>for<span class=\"dictionary\"><\/span> <span class=\"dictionary\"><\/span>taxes<span class=\"dictionary\"><\/span>, <span class=\"dictionary\"><\/span>state<span class=\"dictionary\"><\/span> <span class=\"dictionary\"><\/span>or<span class=\"dictionary\"><\/span><br \/>\n<span class=\"dictionary\"><\/span>municipal<span class=\"dictionary\"><\/span>, <span class=\"dictionary\"><\/span>in<span class=\"dictionary\"><\/span> <span class=\"dictionary\"><\/span>Baltimore<span class=\"dictionary\"><\/span> <span class=\"dictionary\"><\/span>City<span class=\"dictionary\"><\/span>, <span class=\"dictionary\"><\/span>after<span class=\"dictionary\"><\/span> <span class=\"dictionary\"><\/span>due<span class=\"dictionary\"><\/span> <span class=\"dictionary\"><\/span>advertisement<span class=\"dictionary\"><\/span> <span class=\"dictionary\"><\/span>as<span class=\"dictionary\"><\/span> <span class=\"dictionary\"><\/span>required<span class=\"dictionary\"><\/span> <span class=\"dictionary\"><\/span>in<span class=\"dictionary\"><\/span> <span class=\"dictionary\"><\/span>the<span class=\"dictionary\"><\/span> <span class=\"dictionary\"><\/span>preceding<span class=\"dictionary\"><\/span> <span class=\"dictionary\"><\/span>paragraph<span class=\"dictionary\"><\/span>, <span class=\"dictionary\"><\/span>the<span class=\"dictionary\"><\/span><br \/>\n<span class=\"dictionary\"><\/span>Director<span class=\"dictionary\"><\/span> <span class=\"dictionary\"><\/span>shall<span class=\"dictionary\"><\/span> <span class=\"dictionary\"><\/span>retain<span class=\"dictionary\"><\/span> <span class=\"dictionary\"><\/span>out<span class=\"dictionary\"><\/span> <span class=\"dictionary\"><\/span>of<span class=\"dictionary\"><\/span> <span class=\"dictionary\"><\/span>the<span class=\"dictionary\"><\/span> <span class=\"dictionary\"><\/span>proceeds<span class=\"dictionary\"><\/span> <span class=\"dictionary\"><\/span>of<span class=\"dictionary\"><\/span> <span class=\"dictionary\"><\/span>sale<span class=\"dictionary\"><\/span> <span class=\"dictionary\"><\/span>the<span class=\"dictionary\"><\/span> <span class=\"dictionary\"><\/span>amount<span class=\"dictionary\"><\/span> <span class=\"dictionary\"><\/span>of<span class=\"dictionary\"><\/span> <span class=\"dictionary\"><\/span>taxes<span class=\"dictionary\"><\/span> <span class=\"dictionary\"><\/span>due<span class=\"dictionary\"><\/span> <span class=\"dictionary\"><\/span>from<span class=\"dictionary\"><\/span> <span class=\"dictionary\"><\/span>the<span class=\"dictionary\"><\/span> <span class=\"dictionary\"><\/span>delinquent<span class=\"dictionary\"><\/span>, <span class=\"dictionary\"><\/span>for<span class=\"dictionary\"><\/span><br \/>\n<span class=\"dictionary\"><\/span>which<span class=\"dictionary\"><\/span> <span class=\"dictionary\"><\/span>the<span class=\"dictionary\"><\/span> <span class=\"dictionary\"><\/span>levy<span class=\"dictionary\"><\/span> <span class=\"dictionary\"><\/span>or<span class=\"dictionary\"><\/span> <span class=\"dictionary\"><\/span>distraint<span class=\"dictionary\"><\/span> <span class=\"dictionary\"><\/span>shall<span class=\"dictionary\"><\/span> <span class=\"dictionary\"><\/span>have<span class=\"dictionary\"><\/span> <span class=\"dictionary\"><\/span>been<span class=\"dictionary\"><\/span> <span class=\"dictionary\"><\/span>made<span class=\"dictionary\"><\/span>, <span class=\"dictionary\"><\/span>with<span class=\"dictionary\"><\/span> <span class=\"dictionary\"><\/span>interest<span class=\"dictionary\"><\/span> <span class=\"dictionary\"><\/span>thereon<span class=\"dictionary\"><\/span>, <span class=\"dictionary\"><\/span>and<span class=\"dictionary\"><\/span> <span class=\"dictionary\"><\/span>all<span class=\"dictionary\"><\/span> <span class=\"dictionary\"><\/span>costs<span class=\"dictionary\"><\/span> <span class=\"dictionary\"><\/span>incurred<span class=\"dictionary\"><\/span> <span class=\"dictionary\"><\/span>in<span class=\"dictionary\"><\/span><br \/>\n<span class=\"dictionary\"><\/span>making<span class=\"dictionary\"><\/span> <span class=\"dictionary\"><\/span>the<span class=\"dictionary\"><\/span> <span class=\"dictionary\"><\/span>sale<span class=\"dictionary\"><\/span>, <span class=\"dictionary\"><\/span>and<span class=\"dictionary\"><\/span> <span class=\"dictionary\"><\/span>shall<span class=\"dictionary\"><\/span> <span class=\"dictionary\"><\/span>pay<span class=\"dictionary\"><\/span> <span class=\"dictionary\"><\/span>over<span class=\"dictionary\"><\/span> <span class=\"dictionary\"><\/span>the<span class=\"dictionary\"><\/span> <span class=\"dictionary\"><\/span>surplus<span class=\"dictionary\"><\/span>, <span class=\"dictionary\"><\/span>if<span class=\"dictionary\"><\/span> <span class=\"dictionary\"><\/span>any<span class=\"dictionary\"><\/span>, <span class=\"dictionary\"><\/span>to<span class=\"dictionary\"><\/span> <span class=\"dictionary\"><\/span>the<span class=\"dictionary\"><\/span> <span class=\"dictionary\"><\/span>owner<span class=\"dictionary\"><\/span> <span class=\"dictionary\"><\/span>of<span class=\"dictionary\"><\/span> <span class=\"dictionary\"><\/span>the<span class=\"dictionary\"><\/span> <span class=\"dictionary\"><\/span>property<span class=\"dictionary\"><\/span> <span class=\"dictionary\"><\/span>so<span class=\"dictionary\"><\/span> <span class=\"dictionary\"><\/span>levied<span class=\"dictionary\"><\/span><br \/>\n<span class=\"dictionary\"><\/span>upon<span class=\"dictionary\"><\/span> <span class=\"dictionary\"><\/span>and<span class=\"dictionary\"><\/span> <span class=\"dictionary\"><\/span>sold<span class=\"dictionary\"><\/span>.<\/p>\n<p> (<span class=\"dictionary\"><\/span>c<span class=\"dictionary\"><\/span>)  <span class=\"dictionary\"><\/span>Other<span class=\"dictionary\"><\/span> <span class=\"dictionary\"><\/span>sales<span class=\"dictionary\"><\/span>.<\/p>\n<p><span class=\"dictionary\"><\/span>All<span class=\"dictionary\"><\/span> <span class=\"dictionary\"><\/span>other<span class=\"dictionary\"><\/span> <span class=\"dictionary\"><\/span>sales<span class=\"dictionary\"><\/span> <span class=\"dictionary\"><\/span>of<span class=\"dictionary\"><\/span> <span class=\"dictionary\"><\/span>real<span class=\"dictionary\"><\/span> <span class=\"dictionary\"><\/span>or<span class=\"dictionary\"><\/span> <span class=\"dictionary\"><\/span>personal<span class=\"dictionary\"><\/span> <span class=\"dictionary\"><\/span>property<span class=\"dictionary\"><\/span>, <span class=\"dictionary\"><\/span>or<span class=\"dictionary\"><\/span> <span class=\"dictionary\"><\/span>interests<span class=\"dictionary\"><\/span> <span class=\"dictionary\"><\/span>therein<span class=\"dictionary\"><\/span>, <span class=\"dictionary\"><\/span>for<span class=\"dictionary\"><\/span> <span class=\"dictionary\"><\/span>nonpayment<span class=\"dictionary\"><\/span> <span class=\"dictionary\"><\/span>of<span class=\"dictionary\"><\/span> <span class=\"dictionary\"><\/span>taxes<span class=\"dictionary\"><\/span> <span class=\"dictionary\"><\/span>or<span class=\"dictionary\"><\/span> <span class=\"dictionary\"><\/span>other<span class=\"dictionary\"><\/span><br \/>\n<span class=\"dictionary\"><\/span>charges<span class=\"dictionary\"><\/span> <span class=\"dictionary\"><\/span>shall<span class=\"dictionary\"><\/span> <span class=\"dictionary\"><\/span>be<span class=\"dictionary\"><\/span> <span class=\"dictionary\"><\/span>conducted<span class=\"dictionary\"><\/span> <span class=\"dictionary\"><\/span>by<span class=\"dictionary\"><\/span> <span class=\"dictionary\"><\/span>such<span class=\"dictionary\"><\/span> <span class=\"dictionary\"><\/span>persons<span class=\"dictionary\"><\/span> <span class=\"dictionary\"><\/span>and<span class=\"dictionary\"><\/span> <span class=\"dictionary\"><\/span>in<span class=\"dictionary\"><\/span> <span class=\"dictionary\"><\/span>such<span class=\"dictionary\"><\/span> <span class=\"dictionary\"><\/span>manner<span class=\"dictionary\"><\/span> <span class=\"dictionary\"><\/span>as<span class=\"dictionary\"><\/span> <span class=\"dictionary\"><\/span>may<span class=\"dictionary\"><\/span> <span class=\"dictionary\"><\/span>be<span class=\"dictionary\"><\/span> <span class=\"dictionary\"><\/span>prescribed<span class=\"dictionary\"><\/span> <span class=\"dictionary\"><\/span>by<span class=\"dictionary\"><\/span> <span class=\"dictionary\"><\/span>law<span class=\"dictionary\"><\/span>.<\/p>\n<\/p><\/section>","plain_text":"                              BALTIMORE CITY CHARTER\n\nDEPARTMENT OF FINANCE: DISTRAINT OR LEVY FOR TAXES. (\u00a7 VII-15)\n\n(a)  Good or chattels \u2013 notice of proposed sale.\nWhenever the Director shall distrain or levy upon any goods or chattels in\nBaltimore City for\nnonpayment of any taxes, state or municipal, due by the owner thereof, before\nmaking sale of\nproperty so distrained or levied upon, the Director shall give notice as\nrequired by law, including\nnotice by advertisement published twice a week for one week prior to the day of\nsale, and also on\nthe day of sale, in three of the daily newspapers published in the City, that\nthe Director will sell\nfor cash, at public auction, to the highest bidder, on the day and at the time\nand place mentioned\nin the advertisement, the property therein specified, unless on or before the\nday of sale the entire\namount of taxes for which such distraint or levy shall have been made, with\ninterest thereon, and\ncosts of making the levy and advertisement, shall be paid.\n (b)  Goods or chattels \u2013 application of proceeds.\nWhenever the Director shall sell any goods or chattels levied or distrained upon\nfor taxes, state or\nmunicipal, in Baltimore City, after due advertisement as required in the\npreceding paragraph, the\nDirector shall retain out of the proceeds of sale the amount of taxes due from\nthe delinquent, for\nwhich the levy or distraint shall have been made, with interest thereon, and all\ncosts incurred in\nmaking the sale, and shall pay over the surplus, if any, to the owner of the\nproperty so levied\nupon and sold.\n (c)  Other sales.\nAll other sales of real or personal property, or interests therein, for\nnonpayment of taxes or other\ncharges shall be conducted by such persons and in such manner as may be\nprescribed by law.\n","previous_section":{"id":"159","structure_id":"8","section_number":"VII-14","catch_line":"Department of Finance: notices of lien.","url":"http:\/\/charter.baltimorecode.localhost\/VII-14\/","api_url":"http:\/\/charter.baltimorecode.localhost\/api\/law\/VII-14\/"},"text":{"0":{"id":"160","text":"(a)  Good or chattels \u2013 notice of proposed sale.\nWhenever the Director shall distrain or levy upon any goods or chattels in Baltimore City for\nnonpayment of any taxes, state or municipal, due by the owner thereof, before making sale of\nproperty so distrained or levied upon, the Director shall give notice as required by law, including\nnotice by advertisement published twice a week for one week prior to the day of sale, and also on\nthe day of sale, in three of the daily newspapers published in the City, that the Director will sell\nfor cash, at public auction, to the highest bidder, on the day and at the time and place mentioned\nin the advertisement, the property therein specified, unless on or before the day of sale the entire\namount of taxes for which such distraint or levy shall have been made, with interest thereon, and\ncosts of making the levy and advertisement, shall be paid.\n (b)  Goods or chattels \u2013 application of proceeds.\nWhenever the Director shall sell any goods or chattels levied or distrained upon for taxes, state or\nmunicipal, in Baltimore City, after due advertisement as required in the preceding paragraph, the\nDirector shall retain out of the proceeds of sale the amount of taxes due from the delinquent, for\nwhich the levy or distraint shall have been made, with interest thereon, and all costs incurred in\nmaking the sale, and shall pay over the surplus, if any, to the owner of the property so levied\nupon and sold.\n (c)  Other sales.\nAll other sales of real or personal property, or interests therein, for nonpayment of taxes or other\ncharges shall be conducted by such persons and in such manner as may be prescribed by law.\n","type":"section","prefixes":[""],"prefix":"","entire_prefix":"","prefix_anchor":"","level":1}}}