{"section_number":"VII-108","section_id":"153","structure_id":"25","catch_line":"Board of Ethics: term; vacancies; chair; meetings; etc.","history":"","full_text":" (a)  Terms.\n\n  (1)The term of members appointed under the provision of Section 106 of this subtitle of the\nCharter is five years or until their successors are appointed and qualify.\n\n  (2)The terms of initial appointees shall be arranged so that no more than one shall expire in any\nyear.\n\n (b)  Vacancies.\n\nAny vacancy occurring on the Board shall be filled for the unexpired term in the same manner as\nthe original appointment to the vacant office.\n\n (c)  Removal.\n\nMembers of the Board may be removed pursuant to the provisions of Article IV, Section 6 of the\nCharter.\n\n (d)  Chair.\n\nThe Mayor shall designate a member of the Board as chairman.\n\n (e)  Quorum.\n\n  (1)A quorum consists of three members.\n\n  (2)An affirmative vote of at least three members shall be necessary for any action of the Board.\n\n (f)  Compensation.\n\nThe members of the Board shall serve without compensation.\n\n (g)  Open meetings.\n\nExcept as provided in this article, meetings of the Board shall be conducted under the Meetings\nof Public Bodies provisions of the Annotated Code of Maryland.\n\n (h)  Records.\n\nThe records of the Board shall show the vote of each member on each question.\n\n (i)  Disqualification on candidacy.\n\nA person shall not be a member of the Board if the member becomes a candidate for elected\npublic office of the United States, the State, the City, or any county or municipality of the State.\r\r","ancestry":{"1":{"id":"25","name":"Executive Departments","identifier":"VII","label":"article","url":"http:\/\/charter.baltimorecode\/VII\/"}},"structure_contents":{"0":{"id":"143","structure_id":"25","section_number":"VII-1","catch_line":"General provisions: executive power; rules and regulations.","url":"http:\/\/charter.baltimorecode\/VII-1\/","api_url":"http:\/\/charter.baltimorecode\/api\/law\/VII-1\/"},"1":{"id":"165","structure_id":"25","section_number":"VII-2","catch_line":"General provisions: powers and duties; contracts.","url":"http:\/\/charter.baltimorecode\/VII-2\/","api_url":"http:\/\/charter.baltimorecode\/api\/law\/VII-2\/"},"2":{"id":"176","structure_id":"25","section_number":"VII-3","catch_line":"General provisions: bureaus and divisions.","url":"http:\/\/charter.baltimorecode\/VII-3\/","api_url":"http:\/\/charter.baltimorecode\/api\/law\/VII-3\/"},"3":{"id":"187","structure_id":"25","section_number":"VII-4","catch_line":"General provisions: members of boards and commissions.","url":"http:\/\/charter.baltimorecode\/VII-4\/","api_url":"http:\/\/charter.baltimorecode\/api\/law\/VII-4\/"},"4":{"id":"186","structure_id":"25","section_number":"VII-4.5","catch_line":"Agency audits.","url":"http:\/\/charter.baltimorecode\/VII-4.5\/","api_url":"http:\/\/charter.baltimorecode\/api\/law\/VII-4.5\/"},"5":{"id":"198","structure_id":"25","section_number":"VII-5","catch_line":"Department of Finance: established.","url":"http:\/\/charter.baltimorecode\/VII-5\/","api_url":"http:\/\/charter.baltimorecode\/api\/law\/VII-5\/"},"6":{"id":"209","structure_id":"25","section_number":"VII-6","catch_line":"Department of Finance: Director.","url":"http:\/\/charter.baltimorecode\/VII-6\/","api_url":"http:\/\/charter.baltimorecode\/api\/law\/VII-6\/"},"7":{"id":"220","structure_id":"25","section_number":"VII-7","catch_line":"Department of Finance: Deputy Director; employees.","url":"http:\/\/charter.baltimorecode\/VII-7\/","api_url":"http:\/\/charter.baltimorecode\/api\/law\/VII-7\/"},"8":{"id":"231","structure_id":"25","section_number":"VII-8","catch_line":"Department of Finance: budget preparation.","url":"http:\/\/charter.baltimorecode\/VII-8\/","api_url":"http:\/\/charter.baltimorecode\/api\/law\/VII-8\/"},"9":{"id":"242","structure_id":"25","section_number":"VII-9","catch_line":"Department of Finance: budget administration.","url":"http:\/\/charter.baltimorecode\/VII-9\/","api_url":"http:\/\/charter.baltimorecode\/api\/law\/VII-9\/"},"10":{"id":"144","structure_id":"25","section_number":"VII-10","catch_line":"Department of Finance: disbursements.","url":"http:\/\/charter.baltimorecode\/VII-10\/","api_url":"http:\/\/charter.baltimorecode\/api\/law\/VII-10\/"},"11":{"id":"155","structure_id":"25","section_number":"VII-11","catch_line":"Department of Finance: accounting.","url":"http:\/\/charter.baltimorecode\/VII-11\/","api_url":"http:\/\/charter.baltimorecode\/api\/law\/VII-11\/"},"12":{"id":"157","structure_id":"25","section_number":"VII-12","catch_line":"Department of Finance: collections, deposits, withdrawals, etc.","url":"http:\/\/charter.baltimorecode\/VII-12\/","api_url":"http:\/\/charter.baltimorecode\/api\/law\/VII-12\/"},"13":{"id":"158","structure_id":"25","section_number":"VII-13","catch_line":"Department of Finance: lien records.","url":"http:\/\/charter.baltimorecode\/VII-13\/","api_url":"http:\/\/charter.baltimorecode\/api\/law\/VII-13\/"},"14":{"id":"159","structure_id":"25","section_number":"VII-14","catch_line":"Department of Finance: notices of lien.","url":"http:\/\/charter.baltimorecode\/VII-14\/","api_url":"http:\/\/charter.baltimorecode\/api\/law\/VII-14\/"},"15":{"id":"160","structure_id":"25","section_number":"VII-15","catch_line":"Department of Finance: distraint or levy for taxes.","url":"http:\/\/charter.baltimorecode\/VII-15\/","api_url":"http:\/\/charter.baltimorecode\/api\/law\/VII-15\/"},"16":{"id":"161","structure_id":"25","section_number":"VII-16","catch_line":"Department of Finance: taxes as personal debt and lien.","url":"http:\/\/charter.baltimorecode\/VII-16\/","api_url":"http:\/\/charter.baltimorecode\/api\/law\/VII-16\/"},"17":{"id":"162","structure_id":"25","section_number":"VII-17","catch_line":"Department of Finance: purchasing.","url":"http:\/\/charter.baltimorecode\/VII-17\/","api_url":"http:\/\/charter.baltimorecode\/api\/law\/VII-17\/"},"18":{"id":"163","structure_id":"25","section_number":"VII-18","catch_line":"Department of Finance: registrar of debt; custodian of funds and securities; keeper of Seal.","url":"http:\/\/charter.baltimorecode\/VII-18\/","api_url":"http:\/\/charter.baltimorecode\/api\/law\/VII-18\/"},"19":{"id":"164","structure_id":"25","section_number":"VII-19","catch_line":"Board of Finance: established.","url":"http:\/\/charter.baltimorecode\/VII-19\/","api_url":"http:\/\/charter.baltimorecode\/api\/law\/VII-19\/"},"20":{"id":"166","structure_id":"25","section_number":"VII-20","catch_line":"Board of Finance: composition.","url":"http:\/\/charter.baltimorecode\/VII-20\/","api_url":"http:\/\/charter.baltimorecode\/api\/law\/VII-20\/"},"21":{"id":"167","structure_id":"25","section_number":"VII-21","catch_line":"Board of Finance: powers and duties.","url":"http:\/\/charter.baltimorecode\/VII-21\/","api_url":"http:\/\/charter.baltimorecode\/api\/law\/VII-21\/"},"22":{"id":"168","structure_id":"25","section_number":"VII-22","catch_line":"Department of Law: established.","url":"http:\/\/charter.baltimorecode\/VII-22\/","api_url":"http:\/\/charter.baltimorecode\/api\/law\/VII-22\/"},"23":{"id":"169","structure_id":"25","section_number":"VII-23","catch_line":"Department of Law: City Solicitor.","url":"http:\/\/charter.baltimorecode\/VII-23\/","api_url":"http:\/\/charter.baltimorecode\/api\/law\/VII-23\/"},"24":{"id":"170","structure_id":"25","section_number":"VII-24","catch_line":"Department of Law: powers and duties.","url":"http:\/\/charter.baltimorecode\/VII-24\/","api_url":"http:\/\/charter.baltimorecode\/api\/law\/VII-24\/"},"25":{"id":"171","structure_id":"25","section_number":"VII-25","catch_line":"Department of Law: staff; other assistance.","url":"http:\/\/charter.baltimorecode\/VII-25\/","api_url":"http:\/\/charter.baltimorecode\/api\/law\/VII-25\/"},"26":{"id":"172","structure_id":"25","section_number":"VII-26","catch_line":"Department of Law: suits; appeals.","url":"http:\/\/charter.baltimorecode\/VII-26\/","api_url":"http:\/\/charter.baltimorecode\/api\/law\/VII-26\/"},"27":{"id":"173","structure_id":"25","section_number":"VII-27","catch_line":"Department of Public Works: established.","url":"http:\/\/charter.baltimorecode\/VII-27\/","api_url":"http:\/\/charter.baltimorecode\/api\/law\/VII-27\/"},"28":{"id":"174","structure_id":"25","section_number":"VII-28","catch_line":"Department of Public Works: Director.","url":"http:\/\/charter.baltimorecode\/VII-28\/","api_url":"http:\/\/charter.baltimorecode\/api\/law\/VII-28\/"},"29":{"id":"175","structure_id":"25","section_number":"VII-29","catch_line":"Department of Public Works: staff.","url":"http:\/\/charter.baltimorecode\/VII-29\/","api_url":"http:\/\/charter.baltimorecode\/api\/law\/VII-29\/"},"30":{"id":"177","structure_id":"25","section_number":"VII-30","catch_line":"Department of Public Works: supervision of public works.","url":"http:\/\/charter.baltimorecode\/VII-30\/","api_url":"http:\/\/charter.baltimorecode\/api\/law\/VII-30\/"},"31":{"id":"178","structure_id":"25","section_number":"VII-31","catch_line":"Department of Public Works: construction, maintenance, and repair.","url":"http:\/\/charter.baltimorecode\/VII-31\/","api_url":"http:\/\/charter.baltimorecode\/api\/law\/VII-31\/"},"32":{"id":"179","structure_id":"25","section_number":"VII-32","catch_line":"Repealed by Res. 08-003.","url":"http:\/\/charter.baltimorecode\/VII-32\/","api_url":"http:\/\/charter.baltimorecode\/api\/law\/VII-32\/"},"33":{"id":"180","structure_id":"25","section_number":"VII-34","catch_line":"Department of Public Works: sewage.","url":"http:\/\/charter.baltimorecode\/VII-34\/","api_url":"http:\/\/charter.baltimorecode\/api\/law\/VII-34\/"},"34":{"id":"181","structure_id":"25","section_number":"VII-35","catch_line":"Department of Public Works: street cleaning.","url":"http:\/\/charter.baltimorecode\/VII-35\/","api_url":"http:\/\/charter.baltimorecode\/api\/law\/VII-35\/"},"35":{"id":"182","structure_id":"25","section_number":"VII-36","catch_line":"Repealed by Res. 08-003.","url":"http:\/\/charter.baltimorecode\/VII-36\/","api_url":"http:\/\/charter.baltimorecode\/api\/law\/VII-36\/"},"36":{"id":"183","structure_id":"25","section_number":"VII-37","catch_line":"Department of Public Works: testing.","url":"http:\/\/charter.baltimorecode\/VII-37\/","api_url":"http:\/\/charter.baltimorecode\/api\/law\/VII-37\/"},"37":{"id":"184","structure_id":"25","section_number":"VII-38","catch_line":"Repealed by Res. 08-003.","url":"http:\/\/charter.baltimorecode\/VII-38\/","api_url":"http:\/\/charter.baltimorecode\/api\/law\/VII-38\/"},"38":{"id":"188","structure_id":"25","section_number":"VII-38","catch_line":"Repealed by Res. 08-003.","url":"http:\/\/charter.baltimorecode\/VII-38\/","api_url":"http:\/\/charter.baltimorecode\/api\/law\/VII-38\/"},"39":{"id":"185","structure_id":"25","section_number":"VII-38","catch_line":"Repealed by Res. 08-003.","url":"http:\/\/charter.baltimorecode\/VII-38\/","api_url":"http:\/\/charter.baltimorecode\/api\/law\/VII-38\/"},"40":{"id":"189","structure_id":"25","section_number":"VII-41","catch_line":"Department of Public Works: correcting physical obstruction.","url":"http:\/\/charter.baltimorecode\/VII-41\/","api_url":"http:\/\/charter.baltimorecode\/api\/law\/VII-41\/"},"41":{"id":"190","structure_id":"25","section_number":"VII-42","catch_line":"Department of Public Works: assistance to other agencies.","url":"http:\/\/charter.baltimorecode\/VII-42\/","api_url":"http:\/\/charter.baltimorecode\/api\/law\/VII-42\/"},"42":{"id":"191","structure_id":"25","section_number":"VII-43","catch_line":"Repealed by Res. 08-003.","url":"http:\/\/charter.baltimorecode\/VII-43\/","api_url":"http:\/\/charter.baltimorecode\/api\/law\/VII-43\/"},"43":{"id":"194","structure_id":"25","section_number":"VII-43","catch_line":"Repealed by Res. 08-003.","url":"http:\/\/charter.baltimorecode\/VII-43\/","api_url":"http:\/\/charter.baltimorecode\/api\/law\/VII-43\/"},"44":{"id":"193","structure_id":"25","section_number":"VII-43","catch_line":"Repealed by Res. 08-003.","url":"http:\/\/charter.baltimorecode\/VII-43\/","api_url":"http:\/\/charter.baltimorecode\/api\/law\/VII-43\/"},"45":{"id":"192","structure_id":"25","section_number":"VII-43","catch_line":"Repealed by Res. 08-003.","url":"http:\/\/charter.baltimorecode\/VII-43\/","api_url":"http:\/\/charter.baltimorecode\/api\/law\/VII-43\/"},"46":{"id":"195","structure_id":"25","section_number":"VII-47","catch_line":"Fire Department :established.","url":"http:\/\/charter.baltimorecode\/VII-47\/","api_url":"http:\/\/charter.baltimorecode\/api\/law\/VII-47\/"},"47":{"id":"196","structure_id":"25","section_number":"VII-48","catch_line":"Fire Department: Chief.","url":"http:\/\/charter.baltimorecode\/VII-48\/","api_url":"http:\/\/charter.baltimorecode\/api\/law\/VII-48\/"},"48":{"id":"197","structure_id":"25","section_number":"VII-49","catch_line":"Fire Department: Board of Fire Commissioners \u2013 established.","url":"http:\/\/charter.baltimorecode\/VII-49\/","api_url":"http:\/\/charter.baltimorecode\/api\/law\/VII-49\/"},"49":{"id":"199","structure_id":"25","section_number":"VII-50","catch_line":"Fire Department: Board of Fire Commissioners \u2013 composition; appointment; terms.","url":"http:\/\/charter.baltimorecode\/VII-50\/","api_url":"http:\/\/charter.baltimorecode\/api\/law\/VII-50\/"},"50":{"id":"200","structure_id":"25","section_number":"VII-51","catch_line":"Fire Department: Board of Fire Commissioners \u2013 powers and duties.","url":"http:\/\/charter.baltimorecode\/VII-51\/","api_url":"http:\/\/charter.baltimorecode\/api\/law\/VII-51\/"},"51":{"id":"201","structure_id":"25","section_number":"VII-52","catch_line":"Fire Department: Board of Fire Commissioners \u2013 retirement of employees.","url":"http:\/\/charter.baltimorecode\/VII-52\/","api_url":"http:\/\/charter.baltimorecode\/api\/law\/VII-52\/"},"52":{"id":"202","structure_id":"25","section_number":"VII-53","catch_line":"Fire Department: arbitration for fire fighters and officers.","url":"http:\/\/charter.baltimorecode\/VII-53\/","api_url":"http:\/\/charter.baltimorecode\/api\/law\/VII-53\/"},"53":{"id":"203","structure_id":"25","section_number":"VII-54","catch_line":"Department of Health: established.","url":"http:\/\/charter.baltimorecode\/VII-54\/","api_url":"http:\/\/charter.baltimorecode\/api\/law\/VII-54\/"},"54":{"id":"204","structure_id":"25","section_number":"VII-55","catch_line":"Department of Health: Commissioner.","url":"http:\/\/charter.baltimorecode\/VII-55\/","api_url":"http:\/\/charter.baltimorecode\/api\/law\/VII-55\/"},"55":{"id":"205","structure_id":"25","section_number":"VII-56","catch_line":"Department of Health: powers and duties.","url":"http:\/\/charter.baltimorecode\/VII-56\/","api_url":"http:\/\/charter.baltimorecode\/api\/law\/VII-56\/"},"56":{"id":"206","structure_id":"25","section_number":"VII-57","catch_line":"Department of Social Services: established; powers and duties.","url":"http:\/\/charter.baltimorecode\/VII-57\/","api_url":"http:\/\/charter.baltimorecode\/api\/law\/VII-57\/"},"57":{"id":"207","structure_id":"25","section_number":"VII-58","catch_line":"Department of Social Services: Social Services Commission.","url":"http:\/\/charter.baltimorecode\/VII-58\/","api_url":"http:\/\/charter.baltimorecode\/api\/law\/VII-58\/"},"58":{"id":"208","structure_id":"25","section_number":"VII-59","catch_line":"Department of Education: established.","url":"http:\/\/charter.baltimorecode\/VII-59\/","api_url":"http:\/\/charter.baltimorecode\/api\/law\/VII-59\/"},"59":{"id":"210","structure_id":"25","section_number":"VII-60","catch_line":"Department of Education: Board of School Commissioners \u2013 established; composition, etc.","url":"http:\/\/charter.baltimorecode\/VII-60\/","api_url":"http:\/\/charter.baltimorecode\/api\/law\/VII-60\/"},"60":{"id":"211","structure_id":"25","section_number":"VII-61","catch_line":"Department of Education: Board of School Commissioners \u2013 powers and duties.","url":"http:\/\/charter.baltimorecode\/VII-61\/","api_url":"http:\/\/charter.baltimorecode\/api\/law\/VII-61\/"},"61":{"id":"212","structure_id":"25","section_number":"VII-62","catch_line":"Department of Education: Superintendent.","url":"http:\/\/charter.baltimorecode\/VII-62\/","api_url":"http:\/\/charter.baltimorecode\/api\/law\/VII-62\/"},"62":{"id":"213","structure_id":"25","section_number":"VII-63","catch_line":"Department of Education: budget; salaries.","url":"http:\/\/charter.baltimorecode\/VII-63\/","api_url":"http:\/\/charter.baltimorecode\/api\/law\/VII-63\/"},"63":{"id":"214","structure_id":"25","section_number":"VII-64","catch_line":"Department of Education: graded lists; employee duties.","url":"http:\/\/charter.baltimorecode\/VII-64\/","api_url":"http:\/\/charter.baltimorecode\/api\/law\/VII-64\/"},"64":{"id":"215","structure_id":"25","section_number":"VII-65","catch_line":"Department of Recreation and Parks: established.","url":"http:\/\/charter.baltimorecode\/VII-65\/","api_url":"http:\/\/charter.baltimorecode\/api\/law\/VII-65\/"},"65":{"id":"216","structure_id":"25","section_number":"VII-66","catch_line":"Department of Recreation and Parks: Director \u2013 appointment, etc.","url":"http:\/\/charter.baltimorecode\/VII-66\/","api_url":"http:\/\/charter.baltimorecode\/api\/law\/VII-66\/"},"66":{"id":"217","structure_id":"25","section_number":"VII-67","catch_line":"Department of Recreation and Parks: Director \u2013 powers and duties.","url":"http:\/\/charter.baltimorecode\/VII-67\/","api_url":"http:\/\/charter.baltimorecode\/api\/law\/VII-67\/"},"67":{"id":"218","structure_id":"25","section_number":"VII-68","catch_line":"Department of Recreation and Parks: Board \u2013 established; duties.","url":"http:\/\/charter.baltimorecode\/VII-68\/","api_url":"http:\/\/charter.baltimorecode\/api\/law\/VII-68\/"},"68":{"id":"219","structure_id":"25","section_number":"VII-69","catch_line":"Department of Recreation and Parks: Board \u2013 composition, appointment, terms.","url":"http:\/\/charter.baltimorecode\/VII-69\/","api_url":"http:\/\/charter.baltimorecode\/api\/law\/VII-69\/"},"69":{"id":"221","structure_id":"25","section_number":"VII-70","catch_line":"Department of Planning: established.","url":"http:\/\/charter.baltimorecode\/VII-70\/","api_url":"http:\/\/charter.baltimorecode\/api\/law\/VII-70\/"},"70":{"id":"222","structure_id":"25","section_number":"VII-71","catch_line":"Department of Planning: Commission \u2014 composition, appointment, terms.","url":"http:\/\/charter.baltimorecode\/VII-71\/","api_url":"http:\/\/charter.baltimorecode\/api\/law\/VII-71\/"},"71":{"id":"223","structure_id":"25","section_number":"VII-72","catch_line":"Department of Planning: Commission \u2013 powers and duties.","url":"http:\/\/charter.baltimorecode\/VII-72\/","api_url":"http:\/\/charter.baltimorecode\/api\/law\/VII-72\/"},"72":{"id":"224","structure_id":"25","section_number":"VII-73","catch_line":"Department of Planning: Director and staff.","url":"http:\/\/charter.baltimorecode\/VII-73\/","api_url":"http:\/\/charter.baltimorecode\/api\/law\/VII-73\/"},"73":{"id":"225","structure_id":"25","section_number":"VII-74","catch_line":"Department of Planning: Master Plan.","url":"http:\/\/charter.baltimorecode\/VII-74\/","api_url":"http:\/\/charter.baltimorecode\/api\/law\/VII-74\/"},"74":{"id":"226","structure_id":"25","section_number":"VII-75","catch_line":"Department of Planning: subdivisions \u2013 in general.","url":"http:\/\/charter.baltimorecode\/VII-75\/","api_url":"http:\/\/charter.baltimorecode\/api\/law\/VII-75\/"},"75":{"id":"227","structure_id":"25","section_number":"VII-76","catch_line":"Department of Planning: subdivisions \u2013 definition.","url":"http:\/\/charter.baltimorecode\/VII-76\/","api_url":"http:\/\/charter.baltimorecode\/api\/law\/VII-76\/"},"76":{"id":"228","structure_id":"25","section_number":"VII-77","catch_line":"Department of Planning: subdivisions \u2013 approvals.","url":"http:\/\/charter.baltimorecode\/VII-77\/","api_url":"http:\/\/charter.baltimorecode\/api\/law\/VII-77\/"},"77":{"id":"229","structure_id":"25","section_number":"VII-78","catch_line":"Department of Planning: subdivision regulation \u2013 recording.","url":"http:\/\/charter.baltimorecode\/VII-78\/","api_url":"http:\/\/charter.baltimorecode\/api\/law\/VII-78\/"},"78":{"id":"230","structure_id":"25","section_number":"VII-79","catch_line":"Department of Planning: appeals.","url":"http:\/\/charter.baltimorecode\/VII-79\/","api_url":"http:\/\/charter.baltimorecode\/api\/law\/VII-79\/"},"79":{"id":"232","structure_id":"25","section_number":"VII-80","catch_line":"Department of Planning: penalties.","url":"http:\/\/charter.baltimorecode\/VII-80\/","api_url":"http:\/\/charter.baltimorecode\/api\/law\/VII-80\/"},"80":{"id":"233","structure_id":"25","section_number":"VII-81","catch_line":"Department of Municipal and Zoning Appeals: established.","url":"http:\/\/charter.baltimorecode\/VII-81\/","api_url":"http:\/\/charter.baltimorecode\/api\/law\/VII-81\/"},"81":{"id":"234","structure_id":"25","section_number":"VII-82","catch_line":"Board of Municipal and Zoning Appeals: established; composition, etc.","url":"http:\/\/charter.baltimorecode\/VII-82\/","api_url":"http:\/\/charter.baltimorecode\/api\/law\/VII-82\/"},"82":{"id":"235","structure_id":"25","section_number":"VII-83","catch_line":"Board of Municipal and Zoning Appeals: general powers and duties.","url":"http:\/\/charter.baltimorecode\/VII-83\/","api_url":"http:\/\/charter.baltimorecode\/api\/law\/VII-83\/"},"83":{"id":"236","structure_id":"25","section_number":"VII-84","catch_line":"Board of Municipal and Zoning Appeals: zoning appeals.","url":"http:\/\/charter.baltimorecode\/VII-84\/","api_url":"http:\/\/charter.baltimorecode\/api\/law\/VII-84\/"},"84":{"id":"237","structure_id":"25","section_number":"VII-85","catch_line":"Board of Municipal and Zoning Appeals: paving assessments.","url":"http:\/\/charter.baltimorecode\/VII-85\/","api_url":"http:\/\/charter.baltimorecode\/api\/law\/VII-85\/"},"85":{"id":"238","structure_id":"25","section_number":"VII-86","catch_line":"Board of Municipal and Zoning Appeals: review powers conferred by law.","url":"http:\/\/charter.baltimorecode\/VII-86\/","api_url":"http:\/\/charter.baltimorecode\/api\/law\/VII-86\/"},"86":{"id":"239","structure_id":"25","section_number":"VII-87","catch_line":"Board of Municipal and Zoning Appeals: additional powers conferred by law.","url":"http:\/\/charter.baltimorecode\/VII-87\/","api_url":"http:\/\/charter.baltimorecode\/api\/law\/VII-87\/"},"87":{"id":"240","structure_id":"25","section_number":"VII-88","catch_line":"Board of Municipal and Zoning Appeals: judicial review.","url":"http:\/\/charter.baltimorecode\/VII-88\/","api_url":"http:\/\/charter.baltimorecode\/api\/law\/VII-88\/"},"88":{"id":"241","structure_id":"25","section_number":"VII-89","catch_line":"Board of Municipal and Zoning Appeals: notices; evidence.","url":"http:\/\/charter.baltimorecode\/VII-89\/","api_url":"http:\/\/charter.baltimorecode\/api\/law\/VII-89\/"},"89":{"id":"243","structure_id":"25","section_number":"VII-90","catch_line":"Department of Legislative Reference: established.","url":"http:\/\/charter.baltimorecode\/VII-90\/","api_url":"http:\/\/charter.baltimorecode\/api\/law\/VII-90\/"},"90":{"id":"244","structure_id":"25","section_number":"VII-91","catch_line":"Department of Legislative Reference: Director \u2013 appointment, qualifications, etc.","url":"http:\/\/charter.baltimorecode\/VII-91\/","api_url":"http:\/\/charter.baltimorecode\/api\/law\/VII-91\/"},"91":{"id":"245","structure_id":"25","section_number":"VII-92","catch_line":"Department of Legislative Reference: Director \u2013 powers and duties.","url":"http:\/\/charter.baltimorecode\/VII-92\/","api_url":"http:\/\/charter.baltimorecode\/api\/law\/VII-92\/"},"92":{"id":"246","structure_id":"25","section_number":"VII-93","catch_line":"Department of Legislative Reference: Board.","url":"http:\/\/charter.baltimorecode\/VII-93\/","api_url":"http:\/\/charter.baltimorecode\/api\/law\/VII-93\/"},"93":{"id":"247","structure_id":"25","section_number":"VII-94","catch_line":"Civil Service Commission: established.","url":"http:\/\/charter.baltimorecode\/VII-94\/","api_url":"http:\/\/charter.baltimorecode\/api\/law\/VII-94\/"},"94":{"id":"248","structure_id":"25","section_number":"VII-95","catch_line":"Civil Service Commission: powers and duties.","url":"http:\/\/charter.baltimorecode\/VII-95\/","api_url":"http:\/\/charter.baltimorecode\/api\/law\/VII-95\/"},"95":{"id":"249","structure_id":"25","section_number":"VII-96","catch_line":"Civil Service Commission: Department of Human Resources \u2014 established.","url":"http:\/\/charter.baltimorecode\/VII-96\/","api_url":"http:\/\/charter.baltimorecode\/api\/law\/VII-96\/"},"96":{"id":"250","structure_id":"25","section_number":"VII-97","catch_line":"Civil Service Commission: Department of Human Resources \u2013 powers and duties.","url":"http:\/\/charter.baltimorecode\/VII-97\/","api_url":"http:\/\/charter.baltimorecode\/api\/law\/VII-97\/"},"97":{"id":"251","structure_id":"25","section_number":"VII-98","catch_line":"Civil Service Commission: Department of Human Resources \u2013 Director.","url":"http:\/\/charter.baltimorecode\/VII-98\/","api_url":"http:\/\/charter.baltimorecode\/api\/law\/VII-98\/"},"98":{"id":"252","structure_id":"25","section_number":"VII-99","catch_line":"Civil Service Commission: Civil Service positions.","url":"http:\/\/charter.baltimorecode\/VII-99\/","api_url":"http:\/\/charter.baltimorecode\/api\/law\/VII-99\/"},"99":{"id":"145","structure_id":"25","section_number":"VII-100","catch_line":"Civil Service Commission: discharges, etc.; reductions in force.","url":"http:\/\/charter.baltimorecode\/VII-100\/","api_url":"http:\/\/charter.baltimorecode\/api\/law\/VII-100\/"},"100":{"id":"146","structure_id":"25","section_number":"VII-101","catch_line":"Civil Service Commission: roster of Service employees.","url":"http:\/\/charter.baltimorecode\/VII-101\/","api_url":"http:\/\/charter.baltimorecode\/api\/law\/VII-101\/"},"101":{"id":"147","structure_id":"25","section_number":"VII-102","catch_line":"Civil Service Commission: political contributions.","url":"http:\/\/charter.baltimorecode\/VII-102\/","api_url":"http:\/\/charter.baltimorecode\/api\/law\/VII-102\/"},"102":{"id":"148","structure_id":"25","section_number":"VII-103","catch_line":"Civil Service Commission: abolished positions.","url":"http:\/\/charter.baltimorecode\/VII-103\/","api_url":"http:\/\/charter.baltimorecode\/api\/law\/VII-103\/"},"103":{"id":"149","structure_id":"25","section_number":"VII-104","catch_line":"Civil Service Commission: penalties.","url":"http:\/\/charter.baltimorecode\/VII-104\/","api_url":"http:\/\/charter.baltimorecode\/api\/law\/VII-104\/"},"104":{"id":"150","structure_id":"25","section_number":"VII-105","catch_line":"Board of Ethics: State Code requirements.","url":"http:\/\/charter.baltimorecode\/VII-105\/","api_url":"http:\/\/charter.baltimorecode\/api\/law\/VII-105\/"},"105":{"id":"151","structure_id":"25","section_number":"VII-106","catch_line":"Board of Ethics: established; composition.","url":"http:\/\/charter.baltimorecode\/VII-106\/","api_url":"http:\/\/charter.baltimorecode\/api\/law\/VII-106\/"},"106":{"id":"152","structure_id":"25","section_number":"VII-107","catch_line":"Board of Ethics: member qualifications.","url":"http:\/\/charter.baltimorecode\/VII-107\/","api_url":"http:\/\/charter.baltimorecode\/api\/law\/VII-107\/"},"107":{"id":"153","structure_id":"25","section_number":"VII-108","catch_line":"Board of Ethics: term; vacancies; chair; meetings; etc.","url":"http:\/\/charter.baltimorecode\/VII-108\/","api_url":"http:\/\/charter.baltimorecode\/api\/law\/VII-108\/"},"108":{"id":"154","structure_id":"25","section_number":"VII-109","catch_line":"Board of Ethics: powers and duties.","url":"http:\/\/charter.baltimorecode\/VII-109\/","api_url":"http:\/\/charter.baltimorecode\/api\/law\/VII-109\/"},"109":{"id":"156","structure_id":"25","section_number":"VII-110","catch_line":"Board of Ethics: modification by ordinance.","url":"http:\/\/charter.baltimorecode\/VII-110\/","api_url":"http:\/\/charter.baltimorecode\/api\/law\/VII-110\/"}},"next_section":{"id":"154","structure_id":"25","section_number":"VII-109","catch_line":"Board of Ethics: powers and duties.","url":"http:\/\/charter.baltimorecode\/VII-109\/","api_url":"http:\/\/charter.baltimorecode\/api\/law\/VII-109\/"},"references":false,"url":"http:\/\/charter.baltimorecode\/VII-108\/","dublin_core":{"Title":"Board of Ethics: term; vacancies; chair; meetings; etc.","Type":"Text","Format":"text\/html","Identifier":"\u00a7 VII-108","Relation":"Baltimore City Charter"},"html":"\n\t\t\t\t\t<section><p><p>(<span class=\"dictionary\"><\/span>a<span class=\"dictionary\"><\/span>)  <span class=\"dictionary\"><\/span>Terms<span class=\"dictionary\"><\/span>.<\/p>\n<p>  (<span class=\"dictionary\"><\/span>1<span class=\"dictionary\"><\/span>)<span class=\"dictionary\"><\/span>The<span class=\"dictionary\"><\/span> <span class=\"dictionary\"><\/span>term<span class=\"dictionary\"><\/span> <span class=\"dictionary\"><\/span>of<span class=\"dictionary\"><\/span> <span class=\"dictionary\"><\/span>members<span class=\"dictionary\"><\/span> <span class=\"dictionary\"><\/span>appointed<span class=\"dictionary\"><\/span> <span class=\"dictionary\"><\/span>under<span class=\"dictionary\"><\/span> <span class=\"dictionary\"><\/span>the<span class=\"dictionary\"><\/span> <span class=\"dictionary\"><\/span>provision<span class=\"dictionary\"><\/span> <span class=\"dictionary\"><\/span>of<span class=\"dictionary\"><\/span> <span class=\"dictionary\"><\/span>Section<span class=\"dictionary\"><\/span> <span class=\"dictionary\"><\/span>106<span class=\"dictionary\"><\/span> <span class=\"dictionary\"><\/span>of<span class=\"dictionary\"><\/span> <span class=\"dictionary\"><\/span>this<span class=\"dictionary\"><\/span> <span class=\"dictionary\"><\/span>subtitle<span class=\"dictionary\"><\/span> <span class=\"dictionary\"><\/span>of<span class=\"dictionary\"><\/span> <span class=\"dictionary\"><\/span>the<span class=\"dictionary\"><\/span><br \/>\n<span class=\"dictionary\"><\/span>Charter<span class=\"dictionary\"><\/span> <span class=\"dictionary\"><\/span>is<span class=\"dictionary\"><\/span> <span class=\"dictionary\"><\/span>five<span class=\"dictionary\"><\/span> <span class=\"dictionary\"><\/span>years<span class=\"dictionary\"><\/span> <span class=\"dictionary\"><\/span>or<span class=\"dictionary\"><\/span> <span class=\"dictionary\"><\/span>until<span class=\"dictionary\"><\/span> <span class=\"dictionary\"><\/span>their<span class=\"dictionary\"><\/span> <span class=\"dictionary\"><\/span>successors<span class=\"dictionary\"><\/span> <span class=\"dictionary\"><\/span>are<span class=\"dictionary\"><\/span> <span class=\"dictionary\"><\/span>appointed<span class=\"dictionary\"><\/span> <span class=\"dictionary\"><\/span>and<span class=\"dictionary\"><\/span> <span class=\"dictionary\"><\/span>qualify<span class=\"dictionary\"><\/span>.<\/p>\n<p>  (<span class=\"dictionary\"><\/span>2<span class=\"dictionary\"><\/span>)<span class=\"dictionary\"><\/span>The<span class=\"dictionary\"><\/span> <span class=\"dictionary\"><\/span>terms<span class=\"dictionary\"><\/span> <span class=\"dictionary\"><\/span>of<span class=\"dictionary\"><\/span> <span class=\"dictionary\"><\/span>initial<span class=\"dictionary\"><\/span> <span class=\"dictionary\"><\/span>appointees<span class=\"dictionary\"><\/span> <span class=\"dictionary\"><\/span>shall<span class=\"dictionary\"><\/span> <span class=\"dictionary\"><\/span>be<span class=\"dictionary\"><\/span> <span class=\"dictionary\"><\/span>arranged<span class=\"dictionary\"><\/span> <span class=\"dictionary\"><\/span>so<span class=\"dictionary\"><\/span> <span class=\"dictionary\"><\/span>that<span class=\"dictionary\"><\/span> <span class=\"dictionary\"><\/span>no<span class=\"dictionary\"><\/span> <span class=\"dictionary\"><\/span>more<span class=\"dictionary\"><\/span> <span class=\"dictionary\"><\/span>than<span class=\"dictionary\"><\/span> <span class=\"dictionary\"><\/span>one<span class=\"dictionary\"><\/span> <span class=\"dictionary\"><\/span>shall<span class=\"dictionary\"><\/span> <span class=\"dictionary\"><\/span>expire<span class=\"dictionary\"><\/span> <span class=\"dictionary\"><\/span>in<span class=\"dictionary\"><\/span> <span class=\"dictionary\"><\/span>any<span class=\"dictionary\"><\/span><br \/>\n<span class=\"dictionary\"><\/span>year<span class=\"dictionary\"><\/span>.<\/p>\n<p> (<span class=\"dictionary\"><\/span>b<span class=\"dictionary\"><\/span>)  <span class=\"dictionary\"><\/span>Vacancies<span class=\"dictionary\"><\/span>.<\/p>\n<p><span class=\"dictionary\"><\/span>Any<span class=\"dictionary\"><\/span> <span class=\"dictionary\"><\/span>vacancy<span class=\"dictionary\"><\/span> <span class=\"dictionary\"><\/span>occurring<span class=\"dictionary\"><\/span> <span class=\"dictionary\"><\/span>on<span class=\"dictionary\"><\/span> <span class=\"dictionary\"><\/span>the<span class=\"dictionary\"><\/span> <span class=\"dictionary\"><\/span>Board<span class=\"dictionary\"><\/span> <span class=\"dictionary\"><\/span>shall<span class=\"dictionary\"><\/span> <span class=\"dictionary\"><\/span>be<span class=\"dictionary\"><\/span> <span class=\"dictionary\"><\/span>filled<span class=\"dictionary\"><\/span> <span class=\"dictionary\"><\/span>for<span class=\"dictionary\"><\/span> <span class=\"dictionary\"><\/span>the<span class=\"dictionary\"><\/span> <span class=\"dictionary\"><\/span>unexpired<span class=\"dictionary\"><\/span> <span class=\"dictionary\"><\/span>term<span class=\"dictionary\"><\/span> <span class=\"dictionary\"><\/span>in<span class=\"dictionary\"><\/span> <span class=\"dictionary\"><\/span>the<span class=\"dictionary\"><\/span> <span class=\"dictionary\"><\/span>same<span class=\"dictionary\"><\/span> <span class=\"dictionary\"><\/span>manner<span class=\"dictionary\"><\/span> <span class=\"dictionary\"><\/span>as<span class=\"dictionary\"><\/span><br \/>\n<span class=\"dictionary\"><\/span>the<span class=\"dictionary\"><\/span> <span class=\"dictionary\"><\/span>original<span class=\"dictionary\"><\/span> <span class=\"dictionary\"><\/span>appointment<span class=\"dictionary\"><\/span> <span class=\"dictionary\"><\/span>to<span class=\"dictionary\"><\/span> <span class=\"dictionary\"><\/span>the<span class=\"dictionary\"><\/span> <span class=\"dictionary\"><\/span>vacant<span class=\"dictionary\"><\/span> <span class=\"dictionary\"><\/span>office<span class=\"dictionary\"><\/span>.<\/p>\n<p> (<span class=\"dictionary\"><\/span>c<span class=\"dictionary\"><\/span>)  <span class=\"dictionary\"><\/span>Removal<span class=\"dictionary\"><\/span>.<\/p>\n<p><span class=\"dictionary\"><\/span>Members<span class=\"dictionary\"><\/span> <span class=\"dictionary\"><\/span>of<span class=\"dictionary\"><\/span> <span class=\"dictionary\"><\/span>the<span class=\"dictionary\"><\/span> <span class=\"dictionary\"><\/span>Board<span class=\"dictionary\"><\/span> <span class=\"dictionary\"><\/span>may<span class=\"dictionary\"><\/span> <span class=\"dictionary\"><\/span>be<span class=\"dictionary\"><\/span> <span class=\"dictionary\"><\/span>removed<span class=\"dictionary\"><\/span> <span class=\"dictionary\"><\/span>pursuant<span class=\"dictionary\"><\/span> <span class=\"dictionary\"><\/span>to<span class=\"dictionary\"><\/span> <span class=\"dictionary\"><\/span>the<span class=\"dictionary\"><\/span> <span class=\"dictionary\"><\/span>provisions<span class=\"dictionary\"><\/span> <span class=\"dictionary\"><\/span>of<span class=\"dictionary\"><\/span> <span class=\"dictionary\"><\/span>Article<span class=\"dictionary\"><\/span> <span class=\"dictionary\"><\/span>IV<span class=\"dictionary\"><\/span>, <span class=\"dictionary\"><\/span>Section<span class=\"dictionary\"><\/span> <span class=\"dictionary\"><\/span>6<span class=\"dictionary\"><\/span> <span class=\"dictionary\"><\/span>of<span class=\"dictionary\"><\/span> <span class=\"dictionary\"><\/span>the<span class=\"dictionary\"><\/span><br \/>\n<span class=\"dictionary\"><\/span>Charter<span class=\"dictionary\"><\/span>.<\/p>\n<p> (<span class=\"dictionary\"><\/span>d<span class=\"dictionary\"><\/span>)  <span class=\"dictionary\"><\/span>Chair<span class=\"dictionary\"><\/span>.<\/p>\n<p><span class=\"dictionary\"><\/span>The<span class=\"dictionary\"><\/span> <span class=\"dictionary\"><\/span>Mayor<span class=\"dictionary\"><\/span> <span class=\"dictionary\"><\/span>shall<span class=\"dictionary\"><\/span> <span class=\"dictionary\"><\/span>designate<span class=\"dictionary\"><\/span> <span class=\"dictionary\"><\/span>a<span class=\"dictionary\"><\/span> <span class=\"dictionary\"><\/span>member<span class=\"dictionary\"><\/span> <span class=\"dictionary\"><\/span>of<span class=\"dictionary\"><\/span> <span class=\"dictionary\"><\/span>the<span class=\"dictionary\"><\/span> <span class=\"dictionary\"><\/span>Board<span class=\"dictionary\"><\/span> <span class=\"dictionary\"><\/span>as<span class=\"dictionary\"><\/span> <span class=\"dictionary\"><\/span>chairman<span class=\"dictionary\"><\/span>.<\/p>\n<p> (<span class=\"dictionary\"><\/span>e<span class=\"dictionary\"><\/span>)  <span class=\"dictionary\"><\/span>Quorum<span class=\"dictionary\"><\/span>.<\/p>\n<p>  (<span class=\"dictionary\"><\/span>1<span class=\"dictionary\"><\/span>)<span class=\"dictionary\"><\/span>A<span class=\"dictionary\"><\/span> <span class=\"dictionary\"><\/span>quorum<span class=\"dictionary\"><\/span> <span class=\"dictionary\"><\/span>consists<span class=\"dictionary\"><\/span> <span class=\"dictionary\"><\/span>of<span class=\"dictionary\"><\/span> <span class=\"dictionary\"><\/span>three<span class=\"dictionary\"><\/span> <span class=\"dictionary\"><\/span>members<span class=\"dictionary\"><\/span>.<\/p>\n<p>  (<span class=\"dictionary\"><\/span>2<span class=\"dictionary\"><\/span>)<span class=\"dictionary\"><\/span>An<span class=\"dictionary\"><\/span> <span class=\"dictionary\"><\/span>affirmative<span class=\"dictionary\"><\/span> <span class=\"dictionary\"><\/span>vote<span class=\"dictionary\"><\/span> <span class=\"dictionary\"><\/span>of<span class=\"dictionary\"><\/span> <span class=\"dictionary\"><\/span>at<span class=\"dictionary\"><\/span> <span class=\"dictionary\"><\/span>least<span class=\"dictionary\"><\/span> <span class=\"dictionary\"><\/span>three<span class=\"dictionary\"><\/span> <span class=\"dictionary\"><\/span>members<span class=\"dictionary\"><\/span> <span class=\"dictionary\"><\/span>shall<span class=\"dictionary\"><\/span> <span class=\"dictionary\"><\/span>be<span class=\"dictionary\"><\/span> <span class=\"dictionary\"><\/span>necessary<span class=\"dictionary\"><\/span> <span class=\"dictionary\"><\/span>for<span class=\"dictionary\"><\/span> <span class=\"dictionary\"><\/span>any<span class=\"dictionary\"><\/span> <span class=\"dictionary\"><\/span>action<span class=\"dictionary\"><\/span> <span class=\"dictionary\"><\/span>of<span class=\"dictionary\"><\/span> <span class=\"dictionary\"><\/span>the<span class=\"dictionary\"><\/span> <span class=\"dictionary\"><\/span>Board<span class=\"dictionary\"><\/span>.<\/p>\n<p> (<span class=\"dictionary\"><\/span>f<span class=\"dictionary\"><\/span>)  <span class=\"dictionary\"><\/span>Compensation<span class=\"dictionary\"><\/span>.<\/p>\n<p><span class=\"dictionary\"><\/span>The<span class=\"dictionary\"><\/span> <span class=\"dictionary\"><\/span>members<span class=\"dictionary\"><\/span> <span class=\"dictionary\"><\/span>of<span class=\"dictionary\"><\/span> <span class=\"dictionary\"><\/span>the<span class=\"dictionary\"><\/span> <span class=\"dictionary\"><\/span>Board<span class=\"dictionary\"><\/span> <span class=\"dictionary\"><\/span>shall<span class=\"dictionary\"><\/span> <span class=\"dictionary\"><\/span>serve<span class=\"dictionary\"><\/span> <span class=\"dictionary\"><\/span>without<span class=\"dictionary\"><\/span> <span class=\"dictionary\"><\/span>compensation<span class=\"dictionary\"><\/span>.<\/p>\n<p> (<span class=\"dictionary\"><\/span>g<span class=\"dictionary\"><\/span>)  <span class=\"dictionary\"><\/span>Open<span class=\"dictionary\"><\/span> <span class=\"dictionary\"><\/span>meetings<span class=\"dictionary\"><\/span>.<\/p>\n<p><span class=\"dictionary\"><\/span>Except<span class=\"dictionary\"><\/span> <span class=\"dictionary\"><\/span>as<span class=\"dictionary\"><\/span> <span class=\"dictionary\"><\/span>provided<span class=\"dictionary\"><\/span> <span class=\"dictionary\"><\/span>in<span class=\"dictionary\"><\/span> <span class=\"dictionary\"><\/span>this<span class=\"dictionary\"><\/span> <span class=\"dictionary\"><\/span>article<span class=\"dictionary\"><\/span>, <span class=\"dictionary\"><\/span>meetings<span class=\"dictionary\"><\/span> <span class=\"dictionary\"><\/span>of<span class=\"dictionary\"><\/span> <span class=\"dictionary\"><\/span>the<span class=\"dictionary\"><\/span> <span class=\"dictionary\"><\/span>Board<span class=\"dictionary\"><\/span> <span class=\"dictionary\"><\/span>shall<span class=\"dictionary\"><\/span> <span class=\"dictionary\"><\/span>be<span class=\"dictionary\"><\/span> <span class=\"dictionary\"><\/span>conducted<span class=\"dictionary\"><\/span> <span class=\"dictionary\"><\/span>under<span class=\"dictionary\"><\/span> <span class=\"dictionary\"><\/span>the<span class=\"dictionary\"><\/span> <span class=\"dictionary\"><\/span>Meetings<span class=\"dictionary\"><\/span><br \/>\n<span class=\"dictionary\"><\/span>of<span class=\"dictionary\"><\/span> <span class=\"dictionary\"><\/span>Public<span class=\"dictionary\"><\/span> <span class=\"dictionary\"><\/span>Bodies<span class=\"dictionary\"><\/span> <span class=\"dictionary\"><\/span>provisions<span class=\"dictionary\"><\/span> <span class=\"dictionary\"><\/span>of<span class=\"dictionary\"><\/span> <span class=\"dictionary\"><\/span>the<span class=\"dictionary\"><\/span> <span class=\"dictionary\"><\/span>Annotated<span class=\"dictionary\"><\/span> <span class=\"dictionary\"><\/span>Code<span class=\"dictionary\"><\/span> <span class=\"dictionary\"><\/span>of<span class=\"dictionary\"><\/span> <span class=\"dictionary\"><\/span>Maryland<span class=\"dictionary\"><\/span>.<\/p>\n<p> (<span class=\"dictionary\"><\/span>h<span class=\"dictionary\"><\/span>)  <span class=\"dictionary\"><\/span>Records<span class=\"dictionary\"><\/span>.<\/p>\n<p><span class=\"dictionary\"><\/span>The<span class=\"dictionary\"><\/span> <span class=\"dictionary\"><\/span>records<span class=\"dictionary\"><\/span> <span class=\"dictionary\"><\/span>of<span class=\"dictionary\"><\/span> <span class=\"dictionary\"><\/span>the<span class=\"dictionary\"><\/span> <span class=\"dictionary\"><\/span>Board<span class=\"dictionary\"><\/span> <span class=\"dictionary\"><\/span>shall<span class=\"dictionary\"><\/span> <span class=\"dictionary\"><\/span>show<span class=\"dictionary\"><\/span> <span class=\"dictionary\"><\/span>the<span class=\"dictionary\"><\/span> <span class=\"dictionary\"><\/span>vote<span class=\"dictionary\"><\/span> <span class=\"dictionary\"><\/span>of<span class=\"dictionary\"><\/span> <span class=\"dictionary\"><\/span>each<span class=\"dictionary\"><\/span> <span class=\"dictionary\"><\/span>member<span class=\"dictionary\"><\/span> <span class=\"dictionary\"><\/span>on<span class=\"dictionary\"><\/span> <span class=\"dictionary\"><\/span>each<span class=\"dictionary\"><\/span> <span class=\"dictionary\"><\/span>question<span class=\"dictionary\"><\/span>.<\/p>\n<p> (<span class=\"dictionary\"><\/span>i<span class=\"dictionary\"><\/span>)  <span class=\"dictionary\"><\/span>Disqualification<span class=\"dictionary\"><\/span> <span class=\"dictionary\"><\/span>on<span class=\"dictionary\"><\/span> <span class=\"dictionary\"><\/span>candidacy<span class=\"dictionary\"><\/span>.<\/p>\n<p><span class=\"dictionary\"><\/span>A<span class=\"dictionary\"><\/span> <span class=\"dictionary\"><\/span>person<span class=\"dictionary\"><\/span> <span class=\"dictionary\"><\/span>shall<span class=\"dictionary\"><\/span> <span class=\"dictionary\"><\/span>not<span class=\"dictionary\"><\/span> <span class=\"dictionary\"><\/span>be<span class=\"dictionary\"><\/span> <span class=\"dictionary\"><\/span>a<span class=\"dictionary\"><\/span> <span class=\"dictionary\"><\/span>member<span class=\"dictionary\"><\/span> <span class=\"dictionary\"><\/span>of<span class=\"dictionary\"><\/span> <span class=\"dictionary\"><\/span>the<span class=\"dictionary\"><\/span> <span class=\"dictionary\"><\/span>Board<span class=\"dictionary\"><\/span> <span class=\"dictionary\"><\/span>if<span class=\"dictionary\"><\/span> <span class=\"dictionary\"><\/span>the<span class=\"dictionary\"><\/span> <span class=\"dictionary\"><\/span>member<span class=\"dictionary\"><\/span> <span class=\"dictionary\"><\/span>becomes<span class=\"dictionary\"><\/span> <span class=\"dictionary\"><\/span>a<span class=\"dictionary\"><\/span> <span class=\"dictionary\"><\/span>candidate<span class=\"dictionary\"><\/span> <span class=\"dictionary\"><\/span>for<span class=\"dictionary\"><\/span> <span class=\"dictionary\"><\/span>elected<span class=\"dictionary\"><\/span><br \/>\n<span class=\"dictionary\"><\/span>public<span class=\"dictionary\"><\/span> <span class=\"dictionary\"><\/span>office<span class=\"dictionary\"><\/span> <span class=\"dictionary\"><\/span>of<span class=\"dictionary\"><\/span> <span class=\"dictionary\"><\/span>the<span class=\"dictionary\"><\/span> <span class=\"dictionary\"><\/span>United<span class=\"dictionary\"><\/span> <span class=\"dictionary\"><\/span>States<span class=\"dictionary\"><\/span>, <span class=\"dictionary\"><\/span>the<span class=\"dictionary\"><\/span> <span class=\"dictionary\"><\/span>State<span class=\"dictionary\"><\/span>, <span class=\"dictionary\"><\/span>the<span class=\"dictionary\"><\/span> <span class=\"dictionary\"><\/span>City<span class=\"dictionary\"><\/span>, <span class=\"dictionary\"><\/span>or<span class=\"dictionary\"><\/span> <span class=\"dictionary\"><\/span>any<span class=\"dictionary\"><\/span> <span class=\"dictionary\"><\/span>county<span class=\"dictionary\"><\/span> <span class=\"dictionary\"><\/span>or<span class=\"dictionary\"><\/span> <span class=\"dictionary\"><\/span>municipality<span class=\"dictionary\"><\/span> <span class=\"dictionary\"><\/span>of<span class=\"dictionary\"><\/span> <span class=\"dictionary\"><\/span>the<span class=\"dictionary\"><\/span> <span class=\"dictionary\"><\/span>State<span class=\"dictionary\"><\/span>.<\/p>\n<\/p><\/section>","plain_text":"                              BALTIMORE CITY CHARTER\n\nBOARD OF ETHICS: TERM; VACANCIES; CHAIR; MEETINGS; ETC. (\u00a7 VII-108)\n\n(a)  Terms.\n  (1)The term of members appointed under the provision of Section 106 of this\nsubtitle of the\nCharter is five years or until their successors are appointed and qualify.\n  (2)The terms of initial appointees shall be arranged so that no more than one\nshall expire in any\nyear.\n (b)  Vacancies.\nAny vacancy occurring on the Board shall be filled for the unexpired term in the\nsame manner as\nthe original appointment to the vacant office.\n (c)  Removal.\nMembers of the Board may be removed pursuant to the provisions of Article IV,\nSection 6 of the\nCharter.\n (d)  Chair.\nThe Mayor shall designate a member of the Board as chairman.\n (e)  Quorum.\n  (1)A quorum consists of three members.\n  (2)An affirmative vote of at least three members shall be necessary for any\naction of the Board.\n (f)  Compensation.\nThe members of the Board shall serve without compensation.\n (g)  Open meetings.\nExcept as provided in this article, meetings of the Board shall be conducted\nunder the Meetings\nof Public Bodies provisions of the Annotated Code of Maryland.\n (h)  Records.\nThe records of the Board shall show the vote of each member on each question.\n (i)  Disqualification on candidacy.\nA person shall not be a member of the Board if the member becomes a candidate\nfor elected\npublic office of the United States, the State, the City, or any county or\nmunicipality of the State.\n","previous_section":{"id":"152","structure_id":"25","section_number":"VII-107","catch_line":"Board of Ethics: member qualifications.","url":"http:\/\/charter.baltimorecode\/VII-107\/","api_url":"http:\/\/charter.baltimorecode\/api\/law\/VII-107\/"},"text":{"0":{"id":"153","text":"(a)  Terms.\n  (1)The term of members appointed under the provision of Section 106 of this subtitle of the\nCharter is five years or until their successors are appointed and qualify.\n  (2)The terms of initial appointees shall be arranged so that no more than one shall expire in any\nyear.\n (b)  Vacancies.\nAny vacancy occurring on the Board shall be filled for the unexpired term in the same manner as\nthe original appointment to the vacant office.\n (c)  Removal.\nMembers of the Board may be removed pursuant to the provisions of Article IV, Section 6 of the\nCharter.\n (d)  Chair.\nThe Mayor shall designate a member of the Board as chairman.\n (e)  Quorum.\n  (1)A quorum consists of three members.\n  (2)An affirmative vote of at least three members shall be necessary for any action of the Board.\n (f)  Compensation.\nThe members of the Board shall serve without compensation.\n (g)  Open meetings.\nExcept as provided in this article, meetings of the Board shall be conducted under the Meetings\nof Public Bodies provisions of the Annotated Code of Maryland.\n (h)  Records.\nThe records of the Board shall show the vote of each member on each question.\n (i)  Disqualification on candidacy.\nA person shall not be a member of the Board if the member becomes a candidate for elected\npublic office of the United States, the State, the City, or any county or municipality of the State.\n","type":"section","prefixes":[""],"prefix":"","entire_prefix":"","prefix_anchor":"","level":1}}}