{"section_number":"VIII-2","section_id":"276","structure_id":"9","catch_line":"Procedures; compensation; minor privileges.","history":"","full_text":" Whenever an ordinance is introduced into the City Council pursuant to the provisions of Section 1 of\nthis Article VIII, which ordinance shall contain all the terms and conditions of the proposed grant,\nincluding a provision as to the rates, fares and charges, if the grant provides for the charging of rates,\nfares or charges, and a provision that the franchise or right shall be executed and enjoyed within six\nmonths after the grant, it shall, after the first reading, be referred forthwith to the Board of Estimates.\nThe said Board shall make diligent inquiry as to the money value of said franchise or right proposed\nto be granted and the adequacy of the proposed compensation to be paid therefor to the City as\noffered in said ordinance, and the propriety of the terms and conditions of said ordinance, and said\nboard is empowered to increase the compensation to be paid therefor to the City and to alter the\nterms and conditions of said ordinance, including the space in or over which the franchise or right is\nproposed to be granted and the person to whom the franchise or right shall be granted, provided such\nalterations are not inconsistent with the requirements and provisions of the Charter, and it shall be\nthe duty of said Board to fix in said ordinance the said compensation at the largest amount it may be\nable to obtain, by advertising or otherwise, for said franchise or right, and no grant thereof by the\nCity Council shall be made except for the compensation and on the terms approved by vote or\nresolution of the said Board, entered in the minutes or records of said Board and attached to said\nordinance with the signature of a majority of said Board signed thereto, and in the absence of such\nvote or resolution of said Board said proposed ordinance may not be passed but shall lapse and be\nvoid.\n\nProvided, that the right to use the streets, or other public property, by any person for steps, porticoes,\nbay windows, bow windows, show windows, signs, columns, piers, or other projections or structural\nornaments of any character except so far as the same may be prohibited by law, and covered vaults,\ncovered areaways, drains, drainpipes, or any other private purpose not prohibited by law or ordinance\nand not being a franchise or right requiring a formal grant by ordinance, may be granted by the Board\nof Estimates for such an amount of money and upon such terms as the said Board may consider right\nand proper without the necessity of an ordinance or advertising.  The applicant for any such right\nshall make written application therefor to the Board of Estimates, stating therein the use desired and\nthe amount he proposes to pay therefor.  Before filing the application with the Board of Estimates,\nthe applicant shall serve copies thereof on the owners of the adjoining properties.  The use applied\nfor shall be enjoyed only on the payment of the consideration fixed by said Board and on the terms\nand conditions prescribed by it in writing, which terms and conditions, including the consideration\ncharged therefor, may be changed from time to time by the Board \u2014 but with respect to \u201cpermanent\u201d\nminor privileges, as defined in Section 9 of this Article VIII of the Charter, only after reasonable\nnotice to the holder of the privilege and opportunity to him to be heard before the Board or its\ndesignated representative \u2014 and provided further, that all grants of minor privileges shall also be\nsubject to the provisions of said Section 9 of this Article VIII.  The Board of Estimates may delegate\nto any department or other municipal agency, and such department or other municipal agency shall\nexercise, any administrative powers and duties relating to minor privileges.\r\r","ancestry":{"1":{"id":"9","name":"Franchises","identifier":"VIII","label":"article","url":"http:\/\/charter.baltimorecode.localhost\/VIII\/"}},"structure_contents":{"0":{"id":"253","structure_id":"9","section_number":"VIII-1","catch_line":"Authority to grant.","url":"http:\/\/charter.baltimorecode.localhost\/VIII-1\/","api_url":"http:\/\/charter.baltimorecode.localhost\/api\/law\/VIII-1\/"},"1":{"id":"254","structure_id":"9","section_number":"VIII-111","catch_line":"Repealed by Res. 00-010, ratified November 2000.","url":"http:\/\/charter.baltimorecode.localhost\/VIII-111\/","api_url":"http:\/\/charter.baltimorecode.localhost\/api\/law\/VIII-111\/"},"2":{"id":"255","structure_id":"9","section_number":"VIII-111","catch_line":"Repealed by Res. 00-010, ratified November 2000.","url":"http:\/\/charter.baltimorecode.localhost\/VIII-111\/","api_url":"http:\/\/charter.baltimorecode.localhost\/api\/law\/VIII-111\/"},"3":{"id":"256","structure_id":"9","section_number":"VIII-111","catch_line":"Repealed by Res. 00-010, ratified November 2000.","url":"http:\/\/charter.baltimorecode.localhost\/VIII-111\/","api_url":"http:\/\/charter.baltimorecode.localhost\/api\/law\/VIII-111\/"},"4":{"id":"257","structure_id":"9","section_number":"VIII-114","catch_line":"Department established.","url":"http:\/\/charter.baltimorecode.localhost\/VIII-114\/","api_url":"http:\/\/charter.baltimorecode.localhost\/api\/law\/VIII-114\/"},"5":{"id":"258","structure_id":"9","section_number":"VIII-115","catch_line":"Director of Transportation.","url":"http:\/\/charter.baltimorecode.localhost\/VIII-115\/","api_url":"http:\/\/charter.baltimorecode.localhost\/api\/law\/VIII-115\/"},"6":{"id":"259","structure_id":"9","section_number":"VIII-116","catch_line":"Powers and duties of Department.","url":"http:\/\/charter.baltimorecode.localhost\/VIII-116\/","api_url":"http:\/\/charter.baltimorecode.localhost\/api\/law\/VIII-116\/"},"7":{"id":"260","structure_id":"9","section_number":"VIII-116A","catch_line":"Assessment of benefits and damages.","url":"http:\/\/charter.baltimorecode.localhost\/VIII-116A\/","api_url":"http:\/\/charter.baltimorecode.localhost\/api\/law\/VIII-116A\/"},"8":{"id":"261","structure_id":"9","section_number":"VIII-116B","catch_line":"Correcting physical obstruction.","url":"http:\/\/charter.baltimorecode.localhost\/VIII-116B\/","api_url":"http:\/\/charter.baltimorecode.localhost\/api\/law\/VIII-116B\/"},"9":{"id":"262","structure_id":"9","section_number":"VIII-117","catch_line":"Definitions.","url":"http:\/\/charter.baltimorecode.localhost\/VIII-117\/","api_url":"http:\/\/charter.baltimorecode.localhost\/api\/law\/VIII-117\/"},"10":{"id":"263","structure_id":"9","section_number":"VIII-118","catch_line":"Commission established.","url":"http:\/\/charter.baltimorecode.localhost\/VIII-118\/","api_url":"http:\/\/charter.baltimorecode.localhost\/api\/law\/VIII-118\/"},"11":{"id":"264","structure_id":"9","section_number":"VIII-119","catch_line":"Composition; qualifications; term.","url":"http:\/\/charter.baltimorecode.localhost\/VIII-119\/","api_url":"http:\/\/charter.baltimorecode.localhost\/api\/law\/VIII-119\/"},"12":{"id":"265","structure_id":"9","section_number":"VIII-120","catch_line":"Compensation; expenses.","url":"http:\/\/charter.baltimorecode.localhost\/VIII-120\/","api_url":"http:\/\/charter.baltimorecode.localhost\/api\/law\/VIII-120\/"},"13":{"id":"266","structure_id":"9","section_number":"VIII-121","catch_line":"Officers.","url":"http:\/\/charter.baltimorecode.localhost\/VIII-121\/","api_url":"http:\/\/charter.baltimorecode.localhost\/api\/law\/VIII-121\/"},"14":{"id":"267","structure_id":"9","section_number":"VIII-122","catch_line":"Meetings.","url":"http:\/\/charter.baltimorecode.localhost\/VIII-122\/","api_url":"http:\/\/charter.baltimorecode.localhost\/api\/law\/VIII-122\/"},"15":{"id":"268","structure_id":"9","section_number":"VIII-123","catch_line":"Commission recommendations.","url":"http:\/\/charter.baltimorecode.localhost\/VIII-123\/","api_url":"http:\/\/charter.baltimorecode.localhost\/api\/law\/VIII-123\/"},"16":{"id":"269","structure_id":"9","section_number":"VIII-124","catch_line":"Submission to Council.","url":"http:\/\/charter.baltimorecode.localhost\/VIII-124\/","api_url":"http:\/\/charter.baltimorecode.localhost\/api\/law\/VIII-124\/"},"17":{"id":"270","structure_id":"9","section_number":"VIII-125","catch_line":"Council action.","url":"http:\/\/charter.baltimorecode.localhost\/VIII-125\/","api_url":"http:\/\/charter.baltimorecode.localhost\/api\/law\/VIII-125\/"},"18":{"id":"271","structure_id":"9","section_number":"VIII-130","catch_line":"Department established.","url":"http:\/\/charter.baltimorecode.localhost\/VIII-130\/","api_url":"http:\/\/charter.baltimorecode.localhost\/api\/law\/VIII-130\/"},"19":{"id":"272","structure_id":"9","section_number":"VIII-131","catch_line":"Director of General Services.","url":"http:\/\/charter.baltimorecode.localhost\/VIII-131\/","api_url":"http:\/\/charter.baltimorecode.localhost\/api\/law\/VIII-131\/"},"20":{"id":"273","structure_id":"9","section_number":"VIII-132","catch_line":"Powers and duties of Department.","url":"http:\/\/charter.baltimorecode.localhost\/VIII-132\/","api_url":"http:\/\/charter.baltimorecode.localhost\/api\/law\/VIII-132\/"},"21":{"id":"274","structure_id":"9","section_number":"VIII-133","catch_line":"Streets.","url":"http:\/\/charter.baltimorecode.localhost\/VIII-133\/","api_url":"http:\/\/charter.baltimorecode.localhost\/api\/law\/VIII-133\/"},"22":{"id":"275","structure_id":"9","section_number":"VIII-134","catch_line":"Correcting physical obstruction.","url":"http:\/\/charter.baltimorecode.localhost\/VIII-134\/","api_url":"http:\/\/charter.baltimorecode.localhost\/api\/law\/VIII-134\/"},"23":{"id":"276","structure_id":"9","section_number":"VIII-2","catch_line":"Procedures; compensation; minor privileges.","url":"http:\/\/charter.baltimorecode.localhost\/VIII-2\/","api_url":"http:\/\/charter.baltimorecode.localhost\/api\/law\/VIII-2\/"},"24":{"id":"277","structure_id":"9","section_number":"VIII-3","catch_line":"Duration.","url":"http:\/\/charter.baltimorecode.localhost\/VIII-3\/","api_url":"http:\/\/charter.baltimorecode.localhost\/api\/law\/VIII-3\/"},"25":{"id":"278","structure_id":"9","section_number":"VIII-4","catch_line":"Street railways.","url":"http:\/\/charter.baltimorecode.localhost\/VIII-4\/","api_url":"http:\/\/charter.baltimorecode.localhost\/api\/law\/VIII-4\/"},"26":{"id":"279","structure_id":"9","section_number":"VIII-5","catch_line":"Trackless trolleys.","url":"http:\/\/charter.baltimorecode.localhost\/VIII-5\/","api_url":"http:\/\/charter.baltimorecode.localhost\/api\/law\/VIII-5\/"},"27":{"id":"280","structure_id":"9","section_number":"VIII-6","catch_line":"Advertising.","url":"http:\/\/charter.baltimorecode.localhost\/VIII-6\/","api_url":"http:\/\/charter.baltimorecode.localhost\/api\/law\/VIII-6\/"},"28":{"id":"281","structure_id":"9","section_number":"VIII-7","catch_line":"Reservation of rights.","url":"http:\/\/charter.baltimorecode.localhost\/VIII-7\/","api_url":"http:\/\/charter.baltimorecode.localhost\/api\/law\/VIII-7\/"},"29":{"id":"282","structure_id":"9","section_number":"VIII-8","catch_line":"Renewals.","url":"http:\/\/charter.baltimorecode.localhost\/VIII-8\/","api_url":"http:\/\/charter.baltimorecode.localhost\/api\/law\/VIII-8\/"},"30":{"id":"283","structure_id":"9","section_number":"VIII-9","catch_line":"Minor privileges.","url":"http:\/\/charter.baltimorecode.localhost\/VIII-9\/","api_url":"http:\/\/charter.baltimorecode.localhost\/api\/law\/VIII-9\/"}},"next_section":{"id":"277","structure_id":"9","section_number":"VIII-3","catch_line":"Duration.","url":"http:\/\/charter.baltimorecode.localhost\/VIII-3\/","api_url":"http:\/\/charter.baltimorecode.localhost\/api\/law\/VIII-3\/"},"references":false,"url":"http:\/\/charter.baltimorecode.localhost\/VIII-2\/","dublin_core":{"Title":"Procedures; compensation; minor privileges.","Type":"Text","Format":"text\/html","Identifier":"\u00a7 VIII-2","Relation":"Baltimore City Charter"},"html":"\n\t\t\t\t\t<section><p><p><span class=\"dictionary\"><\/span>Whenever<span class=\"dictionary\"><\/span> <span class=\"dictionary\"><\/span>an<span class=\"dictionary\"><\/span> <span class=\"dictionary\"><\/span>ordinance<span class=\"dictionary\"><\/span> <span class=\"dictionary\"><\/span>is<span class=\"dictionary\"><\/span> <span class=\"dictionary\"><\/span>introduced<span class=\"dictionary\"><\/span> <span class=\"dictionary\"><\/span>into<span class=\"dictionary\"><\/span> <span class=\"dictionary\"><\/span>the<span class=\"dictionary\"><\/span> <span class=\"dictionary\"><\/span>City<span class=\"dictionary\"><\/span> <span class=\"dictionary\"><\/span>Council<span class=\"dictionary\"><\/span> <span class=\"dictionary\"><\/span>pursuant<span class=\"dictionary\"><\/span> <span class=\"dictionary\"><\/span>to<span class=\"dictionary\"><\/span> <span class=\"dictionary\"><\/span>the<span class=\"dictionary\"><\/span> <span class=\"dictionary\"><\/span>provisions<span class=\"dictionary\"><\/span> <span class=\"dictionary\"><\/span>of<span class=\"dictionary\"><\/span> <span class=\"dictionary\"><\/span>Section<span class=\"dictionary\"><\/span> <span class=\"dictionary\"><\/span>1<span class=\"dictionary\"><\/span> <span class=\"dictionary\"><\/span>of<span class=\"dictionary\"><\/span><br \/>\n<span class=\"dictionary\"><\/span>this<span class=\"dictionary\"><\/span> <span class=\"dictionary\"><\/span>Article<span class=\"dictionary\"><\/span> <span class=\"dictionary\"><\/span>VIII<span class=\"dictionary\"><\/span>, <span class=\"dictionary\"><\/span>which<span class=\"dictionary\"><\/span> <span class=\"dictionary\"><\/span>ordinance<span class=\"dictionary\"><\/span> <span class=\"dictionary\"><\/span>shall<span class=\"dictionary\"><\/span> <span class=\"dictionary\"><\/span>contain<span class=\"dictionary\"><\/span> <span class=\"dictionary\"><\/span>all<span class=\"dictionary\"><\/span> <span class=\"dictionary\"><\/span>the<span class=\"dictionary\"><\/span> <span class=\"dictionary\"><\/span>terms<span class=\"dictionary\"><\/span> <span class=\"dictionary\"><\/span>and<span class=\"dictionary\"><\/span> <span class=\"dictionary\"><\/span>conditions<span class=\"dictionary\"><\/span> <span class=\"dictionary\"><\/span>of<span class=\"dictionary\"><\/span> <span class=\"dictionary\"><\/span>the<span class=\"dictionary\"><\/span> <span class=\"dictionary\"><\/span>proposed<span class=\"dictionary\"><\/span> <span class=\"dictionary\"><\/span>grant<span class=\"dictionary\"><\/span>,<br \/>\n<span class=\"dictionary\"><\/span>including<span class=\"dictionary\"><\/span> <span class=\"dictionary\"><\/span>a<span class=\"dictionary\"><\/span> <span class=\"dictionary\"><\/span>provision<span class=\"dictionary\"><\/span> <span class=\"dictionary\"><\/span>as<span class=\"dictionary\"><\/span> <span class=\"dictionary\"><\/span>to<span class=\"dictionary\"><\/span> <span class=\"dictionary\"><\/span>the<span class=\"dictionary\"><\/span> <span class=\"dictionary\"><\/span>rates<span class=\"dictionary\"><\/span>, <span class=\"dictionary\"><\/span>fares<span class=\"dictionary\"><\/span> <span class=\"dictionary\"><\/span>and<span class=\"dictionary\"><\/span> <span class=\"dictionary\"><\/span>charges<span class=\"dictionary\"><\/span>, <span class=\"dictionary\"><\/span>if<span class=\"dictionary\"><\/span> <span class=\"dictionary\"><\/span>the<span class=\"dictionary\"><\/span> <span class=\"dictionary\"><\/span>grant<span class=\"dictionary\"><\/span> <span class=\"dictionary\"><\/span>provides<span class=\"dictionary\"><\/span> <span class=\"dictionary\"><\/span>for<span class=\"dictionary\"><\/span> <span class=\"dictionary\"><\/span>the<span class=\"dictionary\"><\/span> <span class=\"dictionary\"><\/span>charging<span class=\"dictionary\"><\/span> <span class=\"dictionary\"><\/span>of<span class=\"dictionary\"><\/span> <span class=\"dictionary\"><\/span>rates<span class=\"dictionary\"><\/span>,<br \/>\n<span class=\"dictionary\"><\/span>fares<span class=\"dictionary\"><\/span> <span class=\"dictionary\"><\/span>or<span class=\"dictionary\"><\/span> <span class=\"dictionary\"><\/span>charges<span class=\"dictionary\"><\/span>, <span class=\"dictionary\"><\/span>and<span class=\"dictionary\"><\/span> <span class=\"dictionary\"><\/span>a<span class=\"dictionary\"><\/span> <span class=\"dictionary\"><\/span>provision<span class=\"dictionary\"><\/span> <span class=\"dictionary\"><\/span>that<span class=\"dictionary\"><\/span> <span class=\"dictionary\"><\/span>the<span class=\"dictionary\"><\/span> <span class=\"dictionary\"><\/span>franchise<span class=\"dictionary\"><\/span> <span class=\"dictionary\"><\/span>or<span class=\"dictionary\"><\/span> <span class=\"dictionary\"><\/span>right<span class=\"dictionary\"><\/span> <span class=\"dictionary\"><\/span>shall<span class=\"dictionary\"><\/span> <span class=\"dictionary\"><\/span>be<span class=\"dictionary\"><\/span> <span class=\"dictionary\"><\/span>executed<span class=\"dictionary\"><\/span> <span class=\"dictionary\"><\/span>and<span class=\"dictionary\"><\/span> <span class=\"dictionary\"><\/span>enjoyed<span class=\"dictionary\"><\/span> <span class=\"dictionary\"><\/span>within<span class=\"dictionary\"><\/span> <span class=\"dictionary\"><\/span>six<span class=\"dictionary\"><\/span><br \/>\n<span class=\"dictionary\"><\/span>months<span class=\"dictionary\"><\/span> <span class=\"dictionary\"><\/span>after<span class=\"dictionary\"><\/span> <span class=\"dictionary\"><\/span>the<span class=\"dictionary\"><\/span> <span class=\"dictionary\"><\/span>grant<span class=\"dictionary\"><\/span>, <span class=\"dictionary\"><\/span>it<span class=\"dictionary\"><\/span> <span class=\"dictionary\"><\/span>shall<span class=\"dictionary\"><\/span>, <span class=\"dictionary\"><\/span>after<span class=\"dictionary\"><\/span> <span class=\"dictionary\"><\/span>the<span class=\"dictionary\"><\/span> <span class=\"dictionary\"><\/span>first<span class=\"dictionary\"><\/span> <span class=\"dictionary\"><\/span>reading<span class=\"dictionary\"><\/span>, <span class=\"dictionary\"><\/span>be<span class=\"dictionary\"><\/span> <span class=\"dictionary\"><\/span>referred<span class=\"dictionary\"><\/span> <span class=\"dictionary\"><\/span>forthwith<span class=\"dictionary\"><\/span> <span class=\"dictionary\"><\/span>to<span class=\"dictionary\"><\/span> <span class=\"dictionary\"><\/span>the<span class=\"dictionary\"><\/span> <span class=\"dictionary\"><\/span>Board<span class=\"dictionary\"><\/span> <span class=\"dictionary\"><\/span>of<span class=\"dictionary\"><\/span> <span class=\"dictionary\"><\/span>Estimates<span class=\"dictionary\"><\/span>.<br \/>\n<span class=\"dictionary\"><\/span>The<span class=\"dictionary\"><\/span> <span class=\"dictionary\"><\/span>said<span class=\"dictionary\"><\/span> <span class=\"dictionary\"><\/span>Board<span class=\"dictionary\"><\/span> <span class=\"dictionary\"><\/span>shall<span class=\"dictionary\"><\/span> <span class=\"dictionary\"><\/span>make<span class=\"dictionary\"><\/span> <span class=\"dictionary\"><\/span>diligent<span class=\"dictionary\"><\/span> <span class=\"dictionary\"><\/span>inquiry<span class=\"dictionary\"><\/span> <span class=\"dictionary\"><\/span>as<span class=\"dictionary\"><\/span> <span class=\"dictionary\"><\/span>to<span class=\"dictionary\"><\/span> <span class=\"dictionary\"><\/span>the<span class=\"dictionary\"><\/span> <span class=\"dictionary\"><\/span>money<span class=\"dictionary\"><\/span> <span class=\"dictionary\"><\/span>value<span class=\"dictionary\"><\/span> <span class=\"dictionary\"><\/span>of<span class=\"dictionary\"><\/span> <span class=\"dictionary\"><\/span>said<span class=\"dictionary\"><\/span> <span class=\"dictionary\"><\/span>franchise<span class=\"dictionary\"><\/span> <span class=\"dictionary\"><\/span>or<span class=\"dictionary\"><\/span> <span class=\"dictionary\"><\/span>right<span class=\"dictionary\"><\/span> <span class=\"dictionary\"><\/span>proposed<span class=\"dictionary\"><\/span><br \/>\n<span class=\"dictionary\"><\/span>to<span class=\"dictionary\"><\/span> <span class=\"dictionary\"><\/span>be<span class=\"dictionary\"><\/span> <span class=\"dictionary\"><\/span>granted<span class=\"dictionary\"><\/span> <span class=\"dictionary\"><\/span>and<span class=\"dictionary\"><\/span> <span class=\"dictionary\"><\/span>the<span class=\"dictionary\"><\/span> <span class=\"dictionary\"><\/span>adequacy<span class=\"dictionary\"><\/span> <span class=\"dictionary\"><\/span>of<span class=\"dictionary\"><\/span> <span class=\"dictionary\"><\/span>the<span class=\"dictionary\"><\/span> <span class=\"dictionary\"><\/span>proposed<span class=\"dictionary\"><\/span> <span class=\"dictionary\"><\/span>compensation<span class=\"dictionary\"><\/span> <span class=\"dictionary\"><\/span>to<span class=\"dictionary\"><\/span> <span class=\"dictionary\"><\/span>be<span class=\"dictionary\"><\/span> <span class=\"dictionary\"><\/span>paid<span class=\"dictionary\"><\/span> <span class=\"dictionary\"><\/span>therefor<span class=\"dictionary\"><\/span> <span class=\"dictionary\"><\/span>to<span class=\"dictionary\"><\/span> <span class=\"dictionary\"><\/span>the<span class=\"dictionary\"><\/span> <span class=\"dictionary\"><\/span>City<span class=\"dictionary\"><\/span> <span class=\"dictionary\"><\/span>as<span class=\"dictionary\"><\/span><br \/>\n<span class=\"dictionary\"><\/span>offered<span class=\"dictionary\"><\/span> <span class=\"dictionary\"><\/span>in<span class=\"dictionary\"><\/span> <span class=\"dictionary\"><\/span>said<span class=\"dictionary\"><\/span> <span class=\"dictionary\"><\/span>ordinance<span class=\"dictionary\"><\/span>, <span class=\"dictionary\"><\/span>and<span class=\"dictionary\"><\/span> <span class=\"dictionary\"><\/span>the<span class=\"dictionary\"><\/span> <span class=\"dictionary\"><\/span>propriety<span class=\"dictionary\"><\/span> <span class=\"dictionary\"><\/span>of<span class=\"dictionary\"><\/span> <span class=\"dictionary\"><\/span>the<span class=\"dictionary\"><\/span> <span class=\"dictionary\"><\/span>terms<span class=\"dictionary\"><\/span> <span class=\"dictionary\"><\/span>and<span class=\"dictionary\"><\/span> <span class=\"dictionary\"><\/span>conditions<span class=\"dictionary\"><\/span> <span class=\"dictionary\"><\/span>of<span class=\"dictionary\"><\/span> <span class=\"dictionary\"><\/span>said<span class=\"dictionary\"><\/span> <span class=\"dictionary\"><\/span>ordinance<span class=\"dictionary\"><\/span>, <span class=\"dictionary\"><\/span>and<span class=\"dictionary\"><\/span> <span class=\"dictionary\"><\/span>said<span class=\"dictionary\"><\/span><br \/>\n<span class=\"dictionary\"><\/span>board<span class=\"dictionary\"><\/span> <span class=\"dictionary\"><\/span>is<span class=\"dictionary\"><\/span> <span class=\"dictionary\"><\/span>empowered<span class=\"dictionary\"><\/span> <span class=\"dictionary\"><\/span>to<span class=\"dictionary\"><\/span> <span class=\"dictionary\"><\/span>increase<span class=\"dictionary\"><\/span> <span class=\"dictionary\"><\/span>the<span class=\"dictionary\"><\/span> <span class=\"dictionary\"><\/span>compensation<span class=\"dictionary\"><\/span> <span class=\"dictionary\"><\/span>to<span class=\"dictionary\"><\/span> <span class=\"dictionary\"><\/span>be<span class=\"dictionary\"><\/span> <span class=\"dictionary\"><\/span>paid<span class=\"dictionary\"><\/span> <span class=\"dictionary\"><\/span>therefor<span class=\"dictionary\"><\/span> <span class=\"dictionary\"><\/span>to<span class=\"dictionary\"><\/span> <span class=\"dictionary\"><\/span>the<span class=\"dictionary\"><\/span> <span class=\"dictionary\"><\/span>City<span class=\"dictionary\"><\/span> <span class=\"dictionary\"><\/span>and<span class=\"dictionary\"><\/span> <span class=\"dictionary\"><\/span>to<span class=\"dictionary\"><\/span> <span class=\"dictionary\"><\/span>alter<span class=\"dictionary\"><\/span> <span class=\"dictionary\"><\/span>the<span class=\"dictionary\"><\/span><br \/>\n<span class=\"dictionary\"><\/span>terms<span class=\"dictionary\"><\/span> <span class=\"dictionary\"><\/span>and<span class=\"dictionary\"><\/span> <span class=\"dictionary\"><\/span>conditions<span class=\"dictionary\"><\/span> <span class=\"dictionary\"><\/span>of<span class=\"dictionary\"><\/span> <span class=\"dictionary\"><\/span>said<span class=\"dictionary\"><\/span> <span class=\"dictionary\"><\/span>ordinance<span class=\"dictionary\"><\/span>, <span class=\"dictionary\"><\/span>including<span class=\"dictionary\"><\/span> <span class=\"dictionary\"><\/span>the<span class=\"dictionary\"><\/span> <span class=\"dictionary\"><\/span>space<span class=\"dictionary\"><\/span> <span class=\"dictionary\"><\/span>in<span class=\"dictionary\"><\/span> <span class=\"dictionary\"><\/span>or<span class=\"dictionary\"><\/span> <span class=\"dictionary\"><\/span>over<span class=\"dictionary\"><\/span> <span class=\"dictionary\"><\/span>which<span class=\"dictionary\"><\/span> <span class=\"dictionary\"><\/span>the<span class=\"dictionary\"><\/span> <span class=\"dictionary\"><\/span>franchise<span class=\"dictionary\"><\/span> <span class=\"dictionary\"><\/span>or<span class=\"dictionary\"><\/span> <span class=\"dictionary\"><\/span>right<span class=\"dictionary\"><\/span> <span class=\"dictionary\"><\/span>is<span class=\"dictionary\"><\/span><br \/>\n<span class=\"dictionary\"><\/span>proposed<span class=\"dictionary\"><\/span> <span class=\"dictionary\"><\/span>to<span class=\"dictionary\"><\/span> <span class=\"dictionary\"><\/span>be<span class=\"dictionary\"><\/span> <span class=\"dictionary\"><\/span>granted<span class=\"dictionary\"><\/span> <span class=\"dictionary\"><\/span>and<span class=\"dictionary\"><\/span> <span class=\"dictionary\"><\/span>the<span class=\"dictionary\"><\/span> <span class=\"dictionary\"><\/span>person<span class=\"dictionary\"><\/span> <span class=\"dictionary\"><\/span>to<span class=\"dictionary\"><\/span> <span class=\"dictionary\"><\/span>whom<span class=\"dictionary\"><\/span> <span class=\"dictionary\"><\/span>the<span class=\"dictionary\"><\/span> <span class=\"dictionary\"><\/span>franchise<span class=\"dictionary\"><\/span> <span class=\"dictionary\"><\/span>or<span class=\"dictionary\"><\/span> <span class=\"dictionary\"><\/span>right<span class=\"dictionary\"><\/span> <span class=\"dictionary\"><\/span>shall<span class=\"dictionary\"><\/span> <span class=\"dictionary\"><\/span>be<span class=\"dictionary\"><\/span> <span class=\"dictionary\"><\/span>granted<span class=\"dictionary\"><\/span>, <span class=\"dictionary\"><\/span>provided<span class=\"dictionary\"><\/span> <span class=\"dictionary\"><\/span>such<span class=\"dictionary\"><\/span><br \/>\n<span class=\"dictionary\"><\/span>alterations<span class=\"dictionary\"><\/span> <span class=\"dictionary\"><\/span>are<span class=\"dictionary\"><\/span> <span class=\"dictionary\"><\/span>not<span class=\"dictionary\"><\/span> <span class=\"dictionary\"><\/span>inconsistent<span class=\"dictionary\"><\/span> <span class=\"dictionary\"><\/span>with<span class=\"dictionary\"><\/span> <span class=\"dictionary\"><\/span>the<span class=\"dictionary\"><\/span> <span class=\"dictionary\"><\/span>requirements<span class=\"dictionary\"><\/span> <span class=\"dictionary\"><\/span>and<span class=\"dictionary\"><\/span> <span class=\"dictionary\"><\/span>provisions<span class=\"dictionary\"><\/span> <span class=\"dictionary\"><\/span>of<span class=\"dictionary\"><\/span> <span class=\"dictionary\"><\/span>the<span class=\"dictionary\"><\/span> <span class=\"dictionary\"><\/span>Charter<span class=\"dictionary\"><\/span>, <span class=\"dictionary\"><\/span>and<span class=\"dictionary\"><\/span> <span class=\"dictionary\"><\/span>it<span class=\"dictionary\"><\/span> <span class=\"dictionary\"><\/span>shall<span class=\"dictionary\"><\/span> <span class=\"dictionary\"><\/span>be<span class=\"dictionary\"><\/span><br \/>\n<span class=\"dictionary\"><\/span>the<span class=\"dictionary\"><\/span> <span class=\"dictionary\"><\/span>duty<span class=\"dictionary\"><\/span> <span class=\"dictionary\"><\/span>of<span class=\"dictionary\"><\/span> <span class=\"dictionary\"><\/span>said<span class=\"dictionary\"><\/span> <span class=\"dictionary\"><\/span>Board<span class=\"dictionary\"><\/span> <span class=\"dictionary\"><\/span>to<span class=\"dictionary\"><\/span> <span class=\"dictionary\"><\/span>fix<span class=\"dictionary\"><\/span> <span class=\"dictionary\"><\/span>in<span class=\"dictionary\"><\/span> <span class=\"dictionary\"><\/span>said<span class=\"dictionary\"><\/span> <span class=\"dictionary\"><\/span>ordinance<span class=\"dictionary\"><\/span> <span class=\"dictionary\"><\/span>the<span class=\"dictionary\"><\/span> <span class=\"dictionary\"><\/span>said<span class=\"dictionary\"><\/span> <span class=\"dictionary\"><\/span>compensation<span class=\"dictionary\"><\/span> <span class=\"dictionary\"><\/span>at<span class=\"dictionary\"><\/span> <span class=\"dictionary\"><\/span>the<span class=\"dictionary\"><\/span> <span class=\"dictionary\"><\/span>largest<span class=\"dictionary\"><\/span> <span class=\"dictionary\"><\/span>amount<span class=\"dictionary\"><\/span> <span class=\"dictionary\"><\/span>it<span class=\"dictionary\"><\/span> <span class=\"dictionary\"><\/span>may<span class=\"dictionary\"><\/span> <span class=\"dictionary\"><\/span>be<span class=\"dictionary\"><\/span><br \/>\n<span class=\"dictionary\"><\/span>able<span class=\"dictionary\"><\/span> <span class=\"dictionary\"><\/span>to<span class=\"dictionary\"><\/span> <span class=\"dictionary\"><\/span>obtain<span class=\"dictionary\"><\/span>, <span class=\"dictionary\"><\/span>by<span class=\"dictionary\"><\/span> <span class=\"dictionary\"><\/span>advertising<span class=\"dictionary\"><\/span> <span class=\"dictionary\"><\/span>or<span class=\"dictionary\"><\/span> <span class=\"dictionary\"><\/span>otherwise<span class=\"dictionary\"><\/span>, <span class=\"dictionary\"><\/span>for<span class=\"dictionary\"><\/span> <span class=\"dictionary\"><\/span>said<span class=\"dictionary\"><\/span> <span class=\"dictionary\"><\/span>franchise<span class=\"dictionary\"><\/span> <span class=\"dictionary\"><\/span>or<span class=\"dictionary\"><\/span> <span class=\"dictionary\"><\/span>right<span class=\"dictionary\"><\/span>, <span class=\"dictionary\"><\/span>and<span class=\"dictionary\"><\/span> <span class=\"dictionary\"><\/span>no<span class=\"dictionary\"><\/span> <span class=\"dictionary\"><\/span>grant<span class=\"dictionary\"><\/span> <span class=\"dictionary\"><\/span>thereof<span class=\"dictionary\"><\/span> <span class=\"dictionary\"><\/span>by<span class=\"dictionary\"><\/span> <span class=\"dictionary\"><\/span>the<span class=\"dictionary\"><\/span><br \/>\n<span class=\"dictionary\"><\/span>City<span class=\"dictionary\"><\/span> <span class=\"dictionary\"><\/span>Council<span class=\"dictionary\"><\/span> <span class=\"dictionary\"><\/span>shall<span class=\"dictionary\"><\/span> <span class=\"dictionary\"><\/span>be<span class=\"dictionary\"><\/span> <span class=\"dictionary\"><\/span>made<span class=\"dictionary\"><\/span> <span class=\"dictionary\"><\/span>except<span class=\"dictionary\"><\/span> <span class=\"dictionary\"><\/span>for<span class=\"dictionary\"><\/span> <span class=\"dictionary\"><\/span>the<span class=\"dictionary\"><\/span> <span class=\"dictionary\"><\/span>compensation<span class=\"dictionary\"><\/span> <span class=\"dictionary\"><\/span>and<span class=\"dictionary\"><\/span> <span class=\"dictionary\"><\/span>on<span class=\"dictionary\"><\/span> <span class=\"dictionary\"><\/span>the<span class=\"dictionary\"><\/span> <span class=\"dictionary\"><\/span>terms<span class=\"dictionary\"><\/span> <span class=\"dictionary\"><\/span>approved<span class=\"dictionary\"><\/span> <span class=\"dictionary\"><\/span>by<span class=\"dictionary\"><\/span> <span class=\"dictionary\"><\/span>vote<span class=\"dictionary\"><\/span> <span class=\"dictionary\"><\/span>or<span class=\"dictionary\"><\/span><br \/>\n<span class=\"dictionary\"><\/span>resolution<span class=\"dictionary\"><\/span> <span class=\"dictionary\"><\/span>of<span class=\"dictionary\"><\/span> <span class=\"dictionary\"><\/span>the<span class=\"dictionary\"><\/span> <span class=\"dictionary\"><\/span>said<span class=\"dictionary\"><\/span> <span class=\"dictionary\"><\/span>Board<span class=\"dictionary\"><\/span>, <span class=\"dictionary\"><\/span>entered<span class=\"dictionary\"><\/span> <span class=\"dictionary\"><\/span>in<span class=\"dictionary\"><\/span> <span class=\"dictionary\"><\/span>the<span class=\"dictionary\"><\/span> <span class=\"dictionary\"><\/span>minutes<span class=\"dictionary\"><\/span> <span class=\"dictionary\"><\/span>or<span class=\"dictionary\"><\/span> <span class=\"dictionary\"><\/span>records<span class=\"dictionary\"><\/span> <span class=\"dictionary\"><\/span>of<span class=\"dictionary\"><\/span> <span class=\"dictionary\"><\/span>said<span class=\"dictionary\"><\/span> <span class=\"dictionary\"><\/span>Board<span class=\"dictionary\"><\/span> <span class=\"dictionary\"><\/span>and<span class=\"dictionary\"><\/span> <span class=\"dictionary\"><\/span>attached<span class=\"dictionary\"><\/span> <span class=\"dictionary\"><\/span>to<span class=\"dictionary\"><\/span> <span class=\"dictionary\"><\/span>said<span class=\"dictionary\"><\/span><br \/>\n<span class=\"dictionary\"><\/span>ordinance<span class=\"dictionary\"><\/span> <span class=\"dictionary\"><\/span>with<span class=\"dictionary\"><\/span> <span class=\"dictionary\"><\/span>the<span class=\"dictionary\"><\/span> <span class=\"dictionary\"><\/span>signature<span class=\"dictionary\"><\/span> <span class=\"dictionary\"><\/span>of<span class=\"dictionary\"><\/span> <span class=\"dictionary\"><\/span>a<span class=\"dictionary\"><\/span> <span class=\"dictionary\"><\/span>majority<span class=\"dictionary\"><\/span> <span class=\"dictionary\"><\/span>of<span class=\"dictionary\"><\/span> <span class=\"dictionary\"><\/span>said<span class=\"dictionary\"><\/span> <span class=\"dictionary\"><\/span>Board<span class=\"dictionary\"><\/span> <span class=\"dictionary\"><\/span>signed<span class=\"dictionary\"><\/span> <span class=\"dictionary\"><\/span>thereto<span class=\"dictionary\"><\/span>, <span class=\"dictionary\"><\/span>and<span class=\"dictionary\"><\/span> <span class=\"dictionary\"><\/span>in<span class=\"dictionary\"><\/span> <span class=\"dictionary\"><\/span>the<span class=\"dictionary\"><\/span> <span class=\"dictionary\"><\/span>absence<span class=\"dictionary\"><\/span> <span class=\"dictionary\"><\/span>of<span class=\"dictionary\"><\/span> <span class=\"dictionary\"><\/span>such<span class=\"dictionary\"><\/span><br \/>\n<span class=\"dictionary\"><\/span>vote<span class=\"dictionary\"><\/span> <span class=\"dictionary\"><\/span>or<span class=\"dictionary\"><\/span> <span class=\"dictionary\"><\/span>resolution<span class=\"dictionary\"><\/span> <span class=\"dictionary\"><\/span>of<span class=\"dictionary\"><\/span> <span class=\"dictionary\"><\/span>said<span class=\"dictionary\"><\/span> <span class=\"dictionary\"><\/span>Board<span class=\"dictionary\"><\/span> <span class=\"dictionary\"><\/span>said<span class=\"dictionary\"><\/span> <span class=\"dictionary\"><\/span>proposed<span class=\"dictionary\"><\/span> <span class=\"dictionary\"><\/span>ordinance<span class=\"dictionary\"><\/span> <span class=\"dictionary\"><\/span>may<span class=\"dictionary\"><\/span> <span class=\"dictionary\"><\/span>not<span class=\"dictionary\"><\/span> <span class=\"dictionary\"><\/span>be<span class=\"dictionary\"><\/span> <span class=\"dictionary\"><\/span>passed<span class=\"dictionary\"><\/span> <span class=\"dictionary\"><\/span>but<span class=\"dictionary\"><\/span> <span class=\"dictionary\"><\/span>shall<span class=\"dictionary\"><\/span> <span class=\"dictionary\"><\/span>lapse<span class=\"dictionary\"><\/span> <span class=\"dictionary\"><\/span>and<span class=\"dictionary\"><\/span> <span class=\"dictionary\"><\/span>be<span class=\"dictionary\"><\/span><br \/>\n<span class=\"dictionary\"><\/span>void<span class=\"dictionary\"><\/span>.<\/p>\n<p><span class=\"dictionary\"><\/span>Provided<span class=\"dictionary\"><\/span>, <span class=\"dictionary\"><\/span>that<span class=\"dictionary\"><\/span> <span class=\"dictionary\"><\/span>the<span class=\"dictionary\"><\/span> <span class=\"dictionary\"><\/span>right<span class=\"dictionary\"><\/span> <span class=\"dictionary\"><\/span>to<span class=\"dictionary\"><\/span> <span class=\"dictionary\"><\/span>use<span class=\"dictionary\"><\/span> <span class=\"dictionary\"><\/span>the<span class=\"dictionary\"><\/span> <span class=\"dictionary\"><\/span>streets<span class=\"dictionary\"><\/span>, <span class=\"dictionary\"><\/span>or<span class=\"dictionary\"><\/span> <span class=\"dictionary\"><\/span>other<span class=\"dictionary\"><\/span> <span class=\"dictionary\"><\/span>public<span class=\"dictionary\"><\/span> <span class=\"dictionary\"><\/span>property<span class=\"dictionary\"><\/span>, <span class=\"dictionary\"><\/span>by<span class=\"dictionary\"><\/span> <span class=\"dictionary\"><\/span>any<span class=\"dictionary\"><\/span> <span class=\"dictionary\"><\/span>person<span class=\"dictionary\"><\/span> <span class=\"dictionary\"><\/span>for<span class=\"dictionary\"><\/span> <span class=\"dictionary\"><\/span>steps<span class=\"dictionary\"><\/span>, <span class=\"dictionary\"><\/span>porticoes<span class=\"dictionary\"><\/span>,<br \/>\n<span class=\"dictionary\"><\/span>bay<span class=\"dictionary\"><\/span> <span class=\"dictionary\"><\/span>windows<span class=\"dictionary\"><\/span>, <span class=\"dictionary\"><\/span>bow<span class=\"dictionary\"><\/span> <span class=\"dictionary\"><\/span>windows<span class=\"dictionary\"><\/span>, <span class=\"dictionary\"><\/span>show<span class=\"dictionary\"><\/span> <span class=\"dictionary\"><\/span>windows<span class=\"dictionary\"><\/span>, <span class=\"dictionary\"><\/span>signs<span class=\"dictionary\"><\/span>, <span class=\"dictionary\"><\/span>columns<span class=\"dictionary\"><\/span>, <span class=\"dictionary\"><\/span>piers<span class=\"dictionary\"><\/span>, <span class=\"dictionary\"><\/span>or<span class=\"dictionary\"><\/span> <span class=\"dictionary\"><\/span>other<span class=\"dictionary\"><\/span> <span class=\"dictionary\"><\/span>projections<span class=\"dictionary\"><\/span> <span class=\"dictionary\"><\/span>or<span class=\"dictionary\"><\/span> <span class=\"dictionary\"><\/span>structural<span class=\"dictionary\"><\/span><br \/>\n<span class=\"dictionary\"><\/span>ornaments<span class=\"dictionary\"><\/span> <span class=\"dictionary\"><\/span>of<span class=\"dictionary\"><\/span> <span class=\"dictionary\"><\/span>any<span class=\"dictionary\"><\/span> <span class=\"dictionary\"><\/span>character<span class=\"dictionary\"><\/span> <span class=\"dictionary\"><\/span>except<span class=\"dictionary\"><\/span> <span class=\"dictionary\"><\/span>so<span class=\"dictionary\"><\/span> <span class=\"dictionary\"><\/span>far<span class=\"dictionary\"><\/span> <span class=\"dictionary\"><\/span>as<span class=\"dictionary\"><\/span> <span class=\"dictionary\"><\/span>the<span class=\"dictionary\"><\/span> <span class=\"dictionary\"><\/span>same<span class=\"dictionary\"><\/span> <span class=\"dictionary\"><\/span>may<span class=\"dictionary\"><\/span> <span class=\"dictionary\"><\/span>be<span class=\"dictionary\"><\/span> <span class=\"dictionary\"><\/span>prohibited<span class=\"dictionary\"><\/span> <span class=\"dictionary\"><\/span>by<span class=\"dictionary\"><\/span> <span class=\"dictionary\"><\/span>law<span class=\"dictionary\"><\/span>, <span class=\"dictionary\"><\/span>and<span class=\"dictionary\"><\/span> <span class=\"dictionary\"><\/span>covered<span class=\"dictionary\"><\/span> <span class=\"dictionary\"><\/span>vaults<span class=\"dictionary\"><\/span>,<br \/>\n<span class=\"dictionary\"><\/span>covered<span class=\"dictionary\"><\/span> <span class=\"dictionary\"><\/span>areaways<span class=\"dictionary\"><\/span>, <span class=\"dictionary\"><\/span>drains<span class=\"dictionary\"><\/span>, <span class=\"dictionary\"><\/span>drainpipes<span class=\"dictionary\"><\/span>, <span class=\"dictionary\"><\/span>or<span class=\"dictionary\"><\/span> <span class=\"dictionary\"><\/span>any<span class=\"dictionary\"><\/span> <span class=\"dictionary\"><\/span>other<span class=\"dictionary\"><\/span> <span class=\"dictionary\"><\/span>private<span class=\"dictionary\"><\/span> <span class=\"dictionary\"><\/span>purpose<span class=\"dictionary\"><\/span> <span class=\"dictionary\"><\/span>not<span class=\"dictionary\"><\/span> <span class=\"dictionary\"><\/span>prohibited<span class=\"dictionary\"><\/span> <span class=\"dictionary\"><\/span>by<span class=\"dictionary\"><\/span> <span class=\"dictionary\"><\/span>law<span class=\"dictionary\"><\/span> <span class=\"dictionary\"><\/span>or<span class=\"dictionary\"><\/span> <span class=\"dictionary\"><\/span>ordinance<span class=\"dictionary\"><\/span><br \/>\n<span class=\"dictionary\"><\/span>and<span class=\"dictionary\"><\/span> <span class=\"dictionary\"><\/span>not<span class=\"dictionary\"><\/span> <span class=\"dictionary\"><\/span>being<span class=\"dictionary\"><\/span> <span class=\"dictionary\"><\/span>a<span class=\"dictionary\"><\/span> <span class=\"dictionary\"><\/span>franchise<span class=\"dictionary\"><\/span> <span class=\"dictionary\"><\/span>or<span class=\"dictionary\"><\/span> <span class=\"dictionary\"><\/span>right<span class=\"dictionary\"><\/span> <span class=\"dictionary\"><\/span>requiring<span class=\"dictionary\"><\/span> <span class=\"dictionary\"><\/span>a<span class=\"dictionary\"><\/span> <span class=\"dictionary\"><\/span>formal<span class=\"dictionary\"><\/span> <span class=\"dictionary\"><\/span>grant<span class=\"dictionary\"><\/span> <span class=\"dictionary\"><\/span>by<span class=\"dictionary\"><\/span> <span class=\"dictionary\"><\/span>ordinance<span class=\"dictionary\"><\/span>, <span class=\"dictionary\"><\/span>may<span class=\"dictionary\"><\/span> <span class=\"dictionary\"><\/span>be<span class=\"dictionary\"><\/span> <span class=\"dictionary\"><\/span>granted<span class=\"dictionary\"><\/span> <span class=\"dictionary\"><\/span>by<span class=\"dictionary\"><\/span> <span class=\"dictionary\"><\/span>the<span class=\"dictionary\"><\/span> <span class=\"dictionary\"><\/span>Board<span class=\"dictionary\"><\/span><br \/>\n<span class=\"dictionary\"><\/span>of<span class=\"dictionary\"><\/span> <span class=\"dictionary\"><\/span>Estimates<span class=\"dictionary\"><\/span> <span class=\"dictionary\"><\/span>for<span class=\"dictionary\"><\/span> <span class=\"dictionary\"><\/span>such<span class=\"dictionary\"><\/span> <span class=\"dictionary\"><\/span>an<span class=\"dictionary\"><\/span> <span class=\"dictionary\"><\/span>amount<span class=\"dictionary\"><\/span> <span class=\"dictionary\"><\/span>of<span class=\"dictionary\"><\/span> <span class=\"dictionary\"><\/span>money<span class=\"dictionary\"><\/span> <span class=\"dictionary\"><\/span>and<span class=\"dictionary\"><\/span> <span class=\"dictionary\"><\/span>upon<span class=\"dictionary\"><\/span> <span class=\"dictionary\"><\/span>such<span class=\"dictionary\"><\/span> <span class=\"dictionary\"><\/span>terms<span class=\"dictionary\"><\/span> <span class=\"dictionary\"><\/span>as<span class=\"dictionary\"><\/span> <span class=\"dictionary\"><\/span>the<span class=\"dictionary\"><\/span> <span class=\"dictionary\"><\/span>said<span class=\"dictionary\"><\/span> <span class=\"dictionary\"><\/span>Board<span class=\"dictionary\"><\/span> <span class=\"dictionary\"><\/span>may<span class=\"dictionary\"><\/span> <span class=\"dictionary\"><\/span>consider<span class=\"dictionary\"><\/span> <span class=\"dictionary\"><\/span>right<span class=\"dictionary\"><\/span><br \/>\n<span class=\"dictionary\"><\/span>and<span class=\"dictionary\"><\/span> <span class=\"dictionary\"><\/span>proper<span class=\"dictionary\"><\/span> <span class=\"dictionary\"><\/span>without<span class=\"dictionary\"><\/span> <span class=\"dictionary\"><\/span>the<span class=\"dictionary\"><\/span> <span class=\"dictionary\"><\/span>necessity<span class=\"dictionary\"><\/span> <span class=\"dictionary\"><\/span>of<span class=\"dictionary\"><\/span> <span class=\"dictionary\"><\/span>an<span class=\"dictionary\"><\/span> <span class=\"dictionary\"><\/span>ordinance<span class=\"dictionary\"><\/span> <span class=\"dictionary\"><\/span>or<span class=\"dictionary\"><\/span> <span class=\"dictionary\"><\/span>advertising<span class=\"dictionary\"><\/span>.  <span class=\"dictionary\"><\/span>The<span class=\"dictionary\"><\/span> <span class=\"dictionary\"><\/span>applicant<span class=\"dictionary\"><\/span> <span class=\"dictionary\"><\/span>for<span class=\"dictionary\"><\/span> <span class=\"dictionary\"><\/span>any<span class=\"dictionary\"><\/span> <span class=\"dictionary\"><\/span>such<span class=\"dictionary\"><\/span> <span class=\"dictionary\"><\/span>right<span class=\"dictionary\"><\/span><br \/>\n<span class=\"dictionary\"><\/span>shall<span class=\"dictionary\"><\/span> <span class=\"dictionary\"><\/span>make<span class=\"dictionary\"><\/span> <span class=\"dictionary\"><\/span>written<span class=\"dictionary\"><\/span> <span class=\"dictionary\"><\/span>application<span class=\"dictionary\"><\/span> <span class=\"dictionary\"><\/span>therefor<span class=\"dictionary\"><\/span> <span class=\"dictionary\"><\/span>to<span class=\"dictionary\"><\/span> <span class=\"dictionary\"><\/span>the<span class=\"dictionary\"><\/span> <span class=\"dictionary\"><\/span>Board<span class=\"dictionary\"><\/span> <span class=\"dictionary\"><\/span>of<span class=\"dictionary\"><\/span> <span class=\"dictionary\"><\/span>Estimates<span class=\"dictionary\"><\/span>, <span class=\"dictionary\"><\/span>stating<span class=\"dictionary\"><\/span> <span class=\"dictionary\"><\/span>therein<span class=\"dictionary\"><\/span> <span class=\"dictionary\"><\/span>the<span class=\"dictionary\"><\/span> <span class=\"dictionary\"><\/span>use<span class=\"dictionary\"><\/span> <span class=\"dictionary\"><\/span>desired<span class=\"dictionary\"><\/span> <span class=\"dictionary\"><\/span>and<span class=\"dictionary\"><\/span><br \/>\n<span class=\"dictionary\"><\/span>the<span class=\"dictionary\"><\/span> <span class=\"dictionary\"><\/span>amount<span class=\"dictionary\"><\/span> <span class=\"dictionary\"><\/span>he<span class=\"dictionary\"><\/span> <span class=\"dictionary\"><\/span>proposes<span class=\"dictionary\"><\/span> <span class=\"dictionary\"><\/span>to<span class=\"dictionary\"><\/span> <span class=\"dictionary\"><\/span>pay<span class=\"dictionary\"><\/span> <span class=\"dictionary\"><\/span>therefor<span class=\"dictionary\"><\/span>.  <span class=\"dictionary\"><\/span>Before<span class=\"dictionary\"><\/span> <span class=\"dictionary\"><\/span>filing<span class=\"dictionary\"><\/span> <span class=\"dictionary\"><\/span>the<span class=\"dictionary\"><\/span> <span class=\"dictionary\"><\/span>application<span class=\"dictionary\"><\/span> <span class=\"dictionary\"><\/span>with<span class=\"dictionary\"><\/span> <span class=\"dictionary\"><\/span>the<span class=\"dictionary\"><\/span> <span class=\"dictionary\"><\/span>Board<span class=\"dictionary\"><\/span> <span class=\"dictionary\"><\/span>of<span class=\"dictionary\"><\/span> <span class=\"dictionary\"><\/span>Estimates<span class=\"dictionary\"><\/span>,<br \/>\n<span class=\"dictionary\"><\/span>the<span class=\"dictionary\"><\/span> <span class=\"dictionary\"><\/span>applicant<span class=\"dictionary\"><\/span> <span class=\"dictionary\"><\/span>shall<span class=\"dictionary\"><\/span> <span class=\"dictionary\"><\/span>serve<span class=\"dictionary\"><\/span> <span class=\"dictionary\"><\/span>copies<span class=\"dictionary\"><\/span> <span class=\"dictionary\"><\/span>thereof<span class=\"dictionary\"><\/span> <span class=\"dictionary\"><\/span>on<span class=\"dictionary\"><\/span> <span class=\"dictionary\"><\/span>the<span class=\"dictionary\"><\/span> <span class=\"dictionary\"><\/span>owners<span class=\"dictionary\"><\/span> <span class=\"dictionary\"><\/span>of<span class=\"dictionary\"><\/span> <span class=\"dictionary\"><\/span>the<span class=\"dictionary\"><\/span> <span class=\"dictionary\"><\/span>adjoining<span class=\"dictionary\"><\/span> <span class=\"dictionary\"><\/span>properties<span class=\"dictionary\"><\/span>.  <span class=\"dictionary\"><\/span>The<span class=\"dictionary\"><\/span> <span class=\"dictionary\"><\/span>use<span class=\"dictionary\"><\/span> <span class=\"dictionary\"><\/span>applied<span class=\"dictionary\"><\/span><br \/>\n<span class=\"dictionary\"><\/span>for<span class=\"dictionary\"><\/span> <span class=\"dictionary\"><\/span>shall<span class=\"dictionary\"><\/span> <span class=\"dictionary\"><\/span>be<span class=\"dictionary\"><\/span> <span class=\"dictionary\"><\/span>enjoyed<span class=\"dictionary\"><\/span> <span class=\"dictionary\"><\/span>only<span class=\"dictionary\"><\/span> <span class=\"dictionary\"><\/span>on<span class=\"dictionary\"><\/span> <span class=\"dictionary\"><\/span>the<span class=\"dictionary\"><\/span> <span class=\"dictionary\"><\/span>payment<span class=\"dictionary\"><\/span> <span class=\"dictionary\"><\/span>of<span class=\"dictionary\"><\/span> <span class=\"dictionary\"><\/span>the<span class=\"dictionary\"><\/span> <span class=\"dictionary\"><\/span>consideration<span class=\"dictionary\"><\/span> <span class=\"dictionary\"><\/span>fixed<span class=\"dictionary\"><\/span> <span class=\"dictionary\"><\/span>by<span class=\"dictionary\"><\/span> <span class=\"dictionary\"><\/span>said<span class=\"dictionary\"><\/span> <span class=\"dictionary\"><\/span>Board<span class=\"dictionary\"><\/span> <span class=\"dictionary\"><\/span>and<span class=\"dictionary\"><\/span> <span class=\"dictionary\"><\/span>on<span class=\"dictionary\"><\/span> <span class=\"dictionary\"><\/span>the<span class=\"dictionary\"><\/span> <span class=\"dictionary\"><\/span>terms<span class=\"dictionary\"><\/span><br \/>\n<span class=\"dictionary\"><\/span>and<span class=\"dictionary\"><\/span> <span class=\"dictionary\"><\/span>conditions<span class=\"dictionary\"><\/span> <span class=\"dictionary\"><\/span>prescribed<span class=\"dictionary\"><\/span> <span class=\"dictionary\"><\/span>by<span class=\"dictionary\"><\/span> <span class=\"dictionary\"><\/span>it<span class=\"dictionary\"><\/span> <span class=\"dictionary\"><\/span>in<span class=\"dictionary\"><\/span> <span class=\"dictionary\"><\/span>writing<span class=\"dictionary\"><\/span>, <span class=\"dictionary\"><\/span>which<span class=\"dictionary\"><\/span> <span class=\"dictionary\"><\/span>terms<span class=\"dictionary\"><\/span> <span class=\"dictionary\"><\/span>and<span class=\"dictionary\"><\/span> <span class=\"dictionary\"><\/span>conditions<span class=\"dictionary\"><\/span>, <span class=\"dictionary\"><\/span>including<span class=\"dictionary\"><\/span> <span class=\"dictionary\"><\/span>the<span class=\"dictionary\"><\/span> <span class=\"dictionary\"><\/span>consideration<span class=\"dictionary\"><\/span><br \/>\n<span class=\"dictionary\"><\/span>charged<span class=\"dictionary\"><\/span> <span class=\"dictionary\"><\/span>therefor<span class=\"dictionary\"><\/span>, <span class=\"dictionary\"><\/span>may<span class=\"dictionary\"><\/span> <span class=\"dictionary\"><\/span>be<span class=\"dictionary\"><\/span> <span class=\"dictionary\"><\/span>changed<span class=\"dictionary\"><\/span> <span class=\"dictionary\"><\/span>from<span class=\"dictionary\"><\/span> <span class=\"dictionary\"><\/span>time<span class=\"dictionary\"><\/span> <span class=\"dictionary\"><\/span>to<span class=\"dictionary\"><\/span> <span class=\"dictionary\"><\/span>time<span class=\"dictionary\"><\/span> <span class=\"dictionary\"><\/span>by<span class=\"dictionary\"><\/span> <span class=\"dictionary\"><\/span>the<span class=\"dictionary\"><\/span> <span class=\"dictionary\"><\/span>Board<span class=\"dictionary\"><\/span> \u2014 <span class=\"dictionary\"><\/span>but<span class=\"dictionary\"><\/span> <span class=\"dictionary\"><\/span>with<span class=\"dictionary\"><\/span> <span class=\"dictionary\"><\/span>respect<span class=\"dictionary\"><\/span> <span class=\"dictionary\"><\/span>to<span class=\"dictionary\"><\/span> \u201c<span class=\"dictionary\"><\/span>permanent<span class=\"dictionary\"><\/span>\u201d<br \/>\n<span class=\"dictionary\"><\/span>minor<span class=\"dictionary\"><\/span> <span class=\"dictionary\"><\/span>privileges<span class=\"dictionary\"><\/span>, <span class=\"dictionary\"><\/span>as<span class=\"dictionary\"><\/span> <span class=\"dictionary\"><\/span>defined<span class=\"dictionary\"><\/span> <span class=\"dictionary\"><\/span>in<span class=\"dictionary\"><\/span> <span class=\"dictionary\"><\/span>Section<span class=\"dictionary\"><\/span> <span class=\"dictionary\"><\/span>9<span class=\"dictionary\"><\/span> <span class=\"dictionary\"><\/span>of<span class=\"dictionary\"><\/span> <span class=\"dictionary\"><\/span>this<span class=\"dictionary\"><\/span> <span class=\"dictionary\"><\/span>Article<span class=\"dictionary\"><\/span> <span class=\"dictionary\"><\/span>VIII<span class=\"dictionary\"><\/span> <span class=\"dictionary\"><\/span>of<span class=\"dictionary\"><\/span> <span class=\"dictionary\"><\/span>the<span class=\"dictionary\"><\/span> <span class=\"dictionary\"><\/span>Charter<span class=\"dictionary\"><\/span>, <span class=\"dictionary\"><\/span>only<span class=\"dictionary\"><\/span> <span class=\"dictionary\"><\/span>after<span class=\"dictionary\"><\/span> <span class=\"dictionary\"><\/span>reasonable<span class=\"dictionary\"><\/span><br \/>\n<span class=\"dictionary\"><\/span>notice<span class=\"dictionary\"><\/span> <span class=\"dictionary\"><\/span>to<span class=\"dictionary\"><\/span> <span class=\"dictionary\"><\/span>the<span class=\"dictionary\"><\/span> <span class=\"dictionary\"><\/span>holder<span class=\"dictionary\"><\/span> <span class=\"dictionary\"><\/span>of<span class=\"dictionary\"><\/span> <span class=\"dictionary\"><\/span>the<span class=\"dictionary\"><\/span> <span class=\"dictionary\"><\/span>privilege<span class=\"dictionary\"><\/span> <span class=\"dictionary\"><\/span>and<span class=\"dictionary\"><\/span> <span class=\"dictionary\"><\/span>opportunity<span class=\"dictionary\"><\/span> <span class=\"dictionary\"><\/span>to<span class=\"dictionary\"><\/span> <span class=\"dictionary\"><\/span>him<span class=\"dictionary\"><\/span> <span class=\"dictionary\"><\/span>to<span class=\"dictionary\"><\/span> <span class=\"dictionary\"><\/span>be<span class=\"dictionary\"><\/span> <span class=\"dictionary\"><\/span>heard<span class=\"dictionary\"><\/span> <span class=\"dictionary\"><\/span>before<span class=\"dictionary\"><\/span> <span class=\"dictionary\"><\/span>the<span class=\"dictionary\"><\/span> <span class=\"dictionary\"><\/span>Board<span class=\"dictionary\"><\/span> <span class=\"dictionary\"><\/span>or<span class=\"dictionary\"><\/span> <span class=\"dictionary\"><\/span>its<span class=\"dictionary\"><\/span><br \/>\n<span class=\"dictionary\"><\/span>designated<span class=\"dictionary\"><\/span> <span class=\"dictionary\"><\/span>representative<span class=\"dictionary\"><\/span> \u2014 <span class=\"dictionary\"><\/span>and<span class=\"dictionary\"><\/span> <span class=\"dictionary\"><\/span>provided<span class=\"dictionary\"><\/span> <span class=\"dictionary\"><\/span>further<span class=\"dictionary\"><\/span>, <span class=\"dictionary\"><\/span>that<span class=\"dictionary\"><\/span> <span class=\"dictionary\"><\/span>all<span class=\"dictionary\"><\/span> <span class=\"dictionary\"><\/span>grants<span class=\"dictionary\"><\/span> <span class=\"dictionary\"><\/span>of<span class=\"dictionary\"><\/span> <span class=\"dictionary\"><\/span>minor<span class=\"dictionary\"><\/span> <span class=\"dictionary\"><\/span>privileges<span class=\"dictionary\"><\/span> <span class=\"dictionary\"><\/span>shall<span class=\"dictionary\"><\/span> <span class=\"dictionary\"><\/span>also<span class=\"dictionary\"><\/span> <span class=\"dictionary\"><\/span>be<span class=\"dictionary\"><\/span><br \/>\n<span class=\"dictionary\"><\/span>subject<span class=\"dictionary\"><\/span> <span class=\"dictionary\"><\/span>to<span class=\"dictionary\"><\/span> <span class=\"dictionary\"><\/span>the<span class=\"dictionary\"><\/span> <span class=\"dictionary\"><\/span>provisions<span class=\"dictionary\"><\/span> <span class=\"dictionary\"><\/span>of<span class=\"dictionary\"><\/span> <span class=\"dictionary\"><\/span>said<span class=\"dictionary\"><\/span> <span class=\"dictionary\"><\/span>Section<span class=\"dictionary\"><\/span> <span class=\"dictionary\"><\/span>9<span class=\"dictionary\"><\/span> <span class=\"dictionary\"><\/span>of<span class=\"dictionary\"><\/span> <span class=\"dictionary\"><\/span>this<span class=\"dictionary\"><\/span> <span class=\"dictionary\"><\/span>Article<span class=\"dictionary\"><\/span> <span class=\"dictionary\"><\/span>VIII<span class=\"dictionary\"><\/span>.  <span class=\"dictionary\"><\/span>The<span class=\"dictionary\"><\/span> <span class=\"dictionary\"><\/span>Board<span class=\"dictionary\"><\/span> <span class=\"dictionary\"><\/span>of<span class=\"dictionary\"><\/span> <span class=\"dictionary\"><\/span>Estimates<span class=\"dictionary\"><\/span> <span class=\"dictionary\"><\/span>may<span class=\"dictionary\"><\/span> <span class=\"dictionary\"><\/span>delegate<span class=\"dictionary\"><\/span><br \/>\n<span class=\"dictionary\"><\/span>to<span class=\"dictionary\"><\/span> <span class=\"dictionary\"><\/span>any<span class=\"dictionary\"><\/span> <span class=\"dictionary\"><\/span>department<span class=\"dictionary\"><\/span> <span class=\"dictionary\"><\/span>or<span class=\"dictionary\"><\/span> <span class=\"dictionary\"><\/span>other<span class=\"dictionary\"><\/span> <span class=\"dictionary\"><\/span>municipal<span class=\"dictionary\"><\/span> <span class=\"dictionary\"><\/span>agency<span class=\"dictionary\"><\/span>, <span class=\"dictionary\"><\/span>and<span class=\"dictionary\"><\/span> <span class=\"dictionary\"><\/span>such<span class=\"dictionary\"><\/span> <span class=\"dictionary\"><\/span>department<span class=\"dictionary\"><\/span> <span class=\"dictionary\"><\/span>or<span class=\"dictionary\"><\/span> <span class=\"dictionary\"><\/span>other<span class=\"dictionary\"><\/span> <span class=\"dictionary\"><\/span>municipal<span class=\"dictionary\"><\/span> <span class=\"dictionary\"><\/span>agency<span class=\"dictionary\"><\/span> <span class=\"dictionary\"><\/span>shall<span class=\"dictionary\"><\/span><br \/>\n<span class=\"dictionary\"><\/span>exercise<span class=\"dictionary\"><\/span>, <span class=\"dictionary\"><\/span>any<span class=\"dictionary\"><\/span> <span class=\"dictionary\"><\/span>administrative<span class=\"dictionary\"><\/span> <span class=\"dictionary\"><\/span>powers<span class=\"dictionary\"><\/span> <span class=\"dictionary\"><\/span>and<span class=\"dictionary\"><\/span> <span class=\"dictionary\"><\/span>duties<span class=\"dictionary\"><\/span> <span class=\"dictionary\"><\/span>relating<span class=\"dictionary\"><\/span> <span class=\"dictionary\"><\/span>to<span class=\"dictionary\"><\/span> <span class=\"dictionary\"><\/span>minor<span class=\"dictionary\"><\/span> <span class=\"dictionary\"><\/span>privileges<span class=\"dictionary\"><\/span>.<\/p>\n<\/p><\/section>","plain_text":"                              BALTIMORE CITY CHARTER\n\nPROCEDURES; COMPENSATION; MINOR PRIVILEGES. (\u00a7 VIII-2)\n\nWhenever an ordinance is introduced into the City Council pursuant to the\nprovisions of Section 1 of\nthis Article VIII, which ordinance shall contain all the terms and conditions of\nthe proposed grant,\nincluding a provision as to the rates, fares and charges, if the grant provides\nfor the charging of rates,\nfares or charges, and a provision that the franchise or right shall be executed\nand enjoyed within six\nmonths after the grant, it shall, after the first reading, be referred forthwith\nto the Board of Estimates.\nThe said Board shall make diligent inquiry as to the money value of said\nfranchise or right proposed\nto be granted and the adequacy of the proposed compensation to be paid therefor\nto the City as\noffered in said ordinance, and the propriety of the terms and conditions of said\nordinance, and said\nboard is empowered to increase the compensation to be paid therefor to the City\nand to alter the\nterms and conditions of said ordinance, including the space in or over which the\nfranchise or right is\nproposed to be granted and the person to whom the franchise or right shall be\ngranted, provided such\nalterations are not inconsistent with the requirements and provisions of the\nCharter, and it shall be\nthe duty of said Board to fix in said ordinance the said compensation at the\nlargest amount it may be\nable to obtain, by advertising or otherwise, for said franchise or right, and no\ngrant thereof by the\nCity Council shall be made except for the compensation and on the terms approved\nby vote or\nresolution of the said Board, entered in the minutes or records of said Board\nand attached to said\nordinance with the signature of a majority of said Board signed thereto, and in\nthe absence of such\nvote or resolution of said Board said proposed ordinance may not be passed but\nshall lapse and be\nvoid.\nProvided, that the right to use the streets, or other public property, by any\nperson for steps, porticoes,\nbay windows, bow windows, show windows, signs, columns, piers, or other\nprojections or structural\nornaments of any character except so far as the same may be prohibited by law,\nand covered vaults,\ncovered areaways, drains, drainpipes, or any other private purpose not\nprohibited by law or ordinance\nand not being a franchise or right requiring a formal grant by ordinance, may be\ngranted by the Board\nof Estimates for such an amount of money and upon such terms as the said Board\nmay consider right\nand proper without the necessity of an ordinance or advertising.  The applicant\nfor any such right\nshall make written application therefor to the Board of Estimates, stating\ntherein the use desired and\nthe amount he proposes to pay therefor.  Before filing the application with the\nBoard of Estimates,\nthe applicant shall serve copies thereof on the owners of the adjoining\nproperties.  The use applied\nfor shall be enjoyed only on the payment of the consideration fixed by said\nBoard and on the terms\nand conditions prescribed by it in writing, which terms and conditions,\nincluding the consideration\ncharged therefor, may be changed from time to time by the Board \u2014 but with\nrespect to \u201cpermanent\u201d\nminor privileges, as defined in Section 9 of this Article VIII of the Charter,\nonly after reasonable\nnotice to the holder of the privilege and opportunity to him to be heard before\nthe Board or its\ndesignated representative \u2014 and provided further, that all grants of minor\nprivileges shall also be\nsubject to the provisions of said Section 9 of this Article VIII.  The Board of\nEstimates may delegate\nto any department or other municipal agency, and such department or other\nmunicipal agency shall\nexercise, any administrative powers and duties relating to minor privileges.\n","previous_section":{"id":"275","structure_id":"9","section_number":"VIII-134","catch_line":"Correcting physical obstruction.","url":"http:\/\/charter.baltimorecode.localhost\/VIII-134\/","api_url":"http:\/\/charter.baltimorecode.localhost\/api\/law\/VIII-134\/"},"text":{"0":{"id":"276","text":"Whenever an ordinance is introduced into the City Council pursuant to the provisions of Section 1 of\nthis Article VIII, which ordinance shall contain all the terms and conditions of the proposed grant,\nincluding a provision as to the rates, fares and charges, if the grant provides for the charging of rates,\nfares or charges, and a provision that the franchise or right shall be executed and enjoyed within six\nmonths after the grant, it shall, after the first reading, be referred forthwith to the Board of Estimates.\nThe said Board shall make diligent inquiry as to the money value of said franchise or right proposed\nto be granted and the adequacy of the proposed compensation to be paid therefor to the City as\noffered in said ordinance, and the propriety of the terms and conditions of said ordinance, and said\nboard is empowered to increase the compensation to be paid therefor to the City and to alter the\nterms and conditions of said ordinance, including the space in or over which the franchise or right is\nproposed to be granted and the person to whom the franchise or right shall be granted, provided such\nalterations are not inconsistent with the requirements and provisions of the Charter, and it shall be\nthe duty of said Board to fix in said ordinance the said compensation at the largest amount it may be\nable to obtain, by advertising or otherwise, for said franchise or right, and no grant thereof by the\nCity Council shall be made except for the compensation and on the terms approved by vote or\nresolution of the said Board, entered in the minutes or records of said Board and attached to said\nordinance with the signature of a majority of said Board signed thereto, and in the absence of such\nvote or resolution of said Board said proposed ordinance may not be passed but shall lapse and be\nvoid.\nProvided, that the right to use the streets, or other public property, by any person for steps, porticoes,\nbay windows, bow windows, show windows, signs, columns, piers, or other projections or structural\nornaments of any character except so far as the same may be prohibited by law, and covered vaults,\ncovered areaways, drains, drainpipes, or any other private purpose not prohibited by law or ordinance\nand not being a franchise or right requiring a formal grant by ordinance, may be granted by the Board\nof Estimates for such an amount of money and upon such terms as the said Board may consider right\nand proper without the necessity of an ordinance or advertising.  The applicant for any such right\nshall make written application therefor to the Board of Estimates, stating therein the use desired and\nthe amount he proposes to pay therefor.  Before filing the application with the Board of Estimates,\nthe applicant shall serve copies thereof on the owners of the adjoining properties.  The use applied\nfor shall be enjoyed only on the payment of the consideration fixed by said Board and on the terms\nand conditions prescribed by it in writing, which terms and conditions, including the consideration\ncharged therefor, may be changed from time to time by the Board \u2014 but with respect to \u201cpermanent\u201d\nminor privileges, as defined in Section 9 of this Article VIII of the Charter, only after reasonable\nnotice to the holder of the privilege and opportunity to him to be heard before the Board or its\ndesignated representative \u2014 and provided further, that all grants of minor privileges shall also be\nsubject to the provisions of said Section 9 of this Article VIII.  The Board of Estimates may delegate\nto any department or other municipal agency, and such department or other municipal agency shall\nexercise, any administrative powers and duties relating to minor privileges.\n","type":"section","prefixes":[""],"prefix":"","entire_prefix":"","prefix_anchor":"","level":1}}}