{"section_number":"VIII-7","section_id":"281","structure_id":"26","catch_line":"Reservation of rights.","history":"","full_text":" When the grant of a franchise or right is made in compliance with the foregoing sections, the City\nshall not part with, but shall expressly reserve the right and duty at all times to exercise in the interest\nof the public full municipal superintendence, regulation and control in respect to all matters\nconnected with said grant and not inconsistent with the terms thereof.\r\r","ancestry":{"1":{"id":"26","name":"Franchises","identifier":"VIII","label":"article","url":"http:\/\/charter.baltimorecode\/VIII\/"}},"structure_contents":{"0":{"id":"253","structure_id":"26","section_number":"VIII-1","catch_line":"Authority to grant.","url":"http:\/\/charter.baltimorecode\/VIII-1\/","api_url":"http:\/\/charter.baltimorecode\/api\/law\/VIII-1\/"},"1":{"id":"276","structure_id":"26","section_number":"VIII-2","catch_line":"Procedures; compensation; minor privileges.","url":"http:\/\/charter.baltimorecode\/VIII-2\/","api_url":"http:\/\/charter.baltimorecode\/api\/law\/VIII-2\/"},"2":{"id":"277","structure_id":"26","section_number":"VIII-3","catch_line":"Duration.","url":"http:\/\/charter.baltimorecode\/VIII-3\/","api_url":"http:\/\/charter.baltimorecode\/api\/law\/VIII-3\/"},"3":{"id":"278","structure_id":"26","section_number":"VIII-4","catch_line":"Street railways.","url":"http:\/\/charter.baltimorecode\/VIII-4\/","api_url":"http:\/\/charter.baltimorecode\/api\/law\/VIII-4\/"},"4":{"id":"279","structure_id":"26","section_number":"VIII-5","catch_line":"Trackless trolleys.","url":"http:\/\/charter.baltimorecode\/VIII-5\/","api_url":"http:\/\/charter.baltimorecode\/api\/law\/VIII-5\/"},"5":{"id":"280","structure_id":"26","section_number":"VIII-6","catch_line":"Advertising.","url":"http:\/\/charter.baltimorecode\/VIII-6\/","api_url":"http:\/\/charter.baltimorecode\/api\/law\/VIII-6\/"},"6":{"id":"281","structure_id":"26","section_number":"VIII-7","catch_line":"Reservation of rights.","url":"http:\/\/charter.baltimorecode\/VIII-7\/","api_url":"http:\/\/charter.baltimorecode\/api\/law\/VIII-7\/"},"7":{"id":"282","structure_id":"26","section_number":"VIII-8","catch_line":"Renewals.","url":"http:\/\/charter.baltimorecode\/VIII-8\/","api_url":"http:\/\/charter.baltimorecode\/api\/law\/VIII-8\/"},"8":{"id":"283","structure_id":"26","section_number":"VIII-9","catch_line":"Minor privileges.","url":"http:\/\/charter.baltimorecode\/VIII-9\/","api_url":"http:\/\/charter.baltimorecode\/api\/law\/VIII-9\/"},"9":{"id":"254","structure_id":"26","section_number":"VIII-111","catch_line":"Repealed by Res. 00-010, ratified November 2000.","url":"http:\/\/charter.baltimorecode\/VIII-111\/","api_url":"http:\/\/charter.baltimorecode\/api\/law\/VIII-111\/"},"10":{"id":"256","structure_id":"26","section_number":"VIII-111","catch_line":"Repealed by Res. 00-010, ratified November 2000.","url":"http:\/\/charter.baltimorecode\/VIII-111\/","api_url":"http:\/\/charter.baltimorecode\/api\/law\/VIII-111\/"},"11":{"id":"255","structure_id":"26","section_number":"VIII-111","catch_line":"Repealed by Res. 00-010, ratified November 2000.","url":"http:\/\/charter.baltimorecode\/VIII-111\/","api_url":"http:\/\/charter.baltimorecode\/api\/law\/VIII-111\/"},"12":{"id":"257","structure_id":"26","section_number":"VIII-114","catch_line":"Department established.","url":"http:\/\/charter.baltimorecode\/VIII-114\/","api_url":"http:\/\/charter.baltimorecode\/api\/law\/VIII-114\/"},"13":{"id":"258","structure_id":"26","section_number":"VIII-115","catch_line":"Director of Transportation.","url":"http:\/\/charter.baltimorecode\/VIII-115\/","api_url":"http:\/\/charter.baltimorecode\/api\/law\/VIII-115\/"},"14":{"id":"259","structure_id":"26","section_number":"VIII-116","catch_line":"Powers and duties of Department.","url":"http:\/\/charter.baltimorecode\/VIII-116\/","api_url":"http:\/\/charter.baltimorecode\/api\/law\/VIII-116\/"},"15":{"id":"260","structure_id":"26","section_number":"VIII-116A","catch_line":"Assessment of benefits and damages.","url":"http:\/\/charter.baltimorecode\/VIII-116A\/","api_url":"http:\/\/charter.baltimorecode\/api\/law\/VIII-116A\/"},"16":{"id":"261","structure_id":"26","section_number":"VIII-116B","catch_line":"Correcting physical obstruction.","url":"http:\/\/charter.baltimorecode\/VIII-116B\/","api_url":"http:\/\/charter.baltimorecode\/api\/law\/VIII-116B\/"},"17":{"id":"262","structure_id":"26","section_number":"VIII-117","catch_line":"Definitions.","url":"http:\/\/charter.baltimorecode\/VIII-117\/","api_url":"http:\/\/charter.baltimorecode\/api\/law\/VIII-117\/"},"18":{"id":"263","structure_id":"26","section_number":"VIII-118","catch_line":"Commission established.","url":"http:\/\/charter.baltimorecode\/VIII-118\/","api_url":"http:\/\/charter.baltimorecode\/api\/law\/VIII-118\/"},"19":{"id":"264","structure_id":"26","section_number":"VIII-119","catch_line":"Composition; qualifications; term.","url":"http:\/\/charter.baltimorecode\/VIII-119\/","api_url":"http:\/\/charter.baltimorecode\/api\/law\/VIII-119\/"},"20":{"id":"265","structure_id":"26","section_number":"VIII-120","catch_line":"Compensation; expenses.","url":"http:\/\/charter.baltimorecode\/VIII-120\/","api_url":"http:\/\/charter.baltimorecode\/api\/law\/VIII-120\/"},"21":{"id":"266","structure_id":"26","section_number":"VIII-121","catch_line":"Officers.","url":"http:\/\/charter.baltimorecode\/VIII-121\/","api_url":"http:\/\/charter.baltimorecode\/api\/law\/VIII-121\/"},"22":{"id":"267","structure_id":"26","section_number":"VIII-122","catch_line":"Meetings.","url":"http:\/\/charter.baltimorecode\/VIII-122\/","api_url":"http:\/\/charter.baltimorecode\/api\/law\/VIII-122\/"},"23":{"id":"268","structure_id":"26","section_number":"VIII-123","catch_line":"Commission recommendations.","url":"http:\/\/charter.baltimorecode\/VIII-123\/","api_url":"http:\/\/charter.baltimorecode\/api\/law\/VIII-123\/"},"24":{"id":"269","structure_id":"26","section_number":"VIII-124","catch_line":"Submission to Council.","url":"http:\/\/charter.baltimorecode\/VIII-124\/","api_url":"http:\/\/charter.baltimorecode\/api\/law\/VIII-124\/"},"25":{"id":"270","structure_id":"26","section_number":"VIII-125","catch_line":"Council action.","url":"http:\/\/charter.baltimorecode\/VIII-125\/","api_url":"http:\/\/charter.baltimorecode\/api\/law\/VIII-125\/"},"26":{"id":"271","structure_id":"26","section_number":"VIII-130","catch_line":"Department established.","url":"http:\/\/charter.baltimorecode\/VIII-130\/","api_url":"http:\/\/charter.baltimorecode\/api\/law\/VIII-130\/"},"27":{"id":"272","structure_id":"26","section_number":"VIII-131","catch_line":"Director of General Services.","url":"http:\/\/charter.baltimorecode\/VIII-131\/","api_url":"http:\/\/charter.baltimorecode\/api\/law\/VIII-131\/"},"28":{"id":"273","structure_id":"26","section_number":"VIII-132","catch_line":"Powers and duties of Department.","url":"http:\/\/charter.baltimorecode\/VIII-132\/","api_url":"http:\/\/charter.baltimorecode\/api\/law\/VIII-132\/"},"29":{"id":"274","structure_id":"26","section_number":"VIII-133","catch_line":"Streets.","url":"http:\/\/charter.baltimorecode\/VIII-133\/","api_url":"http:\/\/charter.baltimorecode\/api\/law\/VIII-133\/"},"30":{"id":"275","structure_id":"26","section_number":"VIII-134","catch_line":"Correcting physical obstruction.","url":"http:\/\/charter.baltimorecode\/VIII-134\/","api_url":"http:\/\/charter.baltimorecode\/api\/law\/VIII-134\/"}},"next_section":{"id":"282","structure_id":"26","section_number":"VIII-8","catch_line":"Renewals.","url":"http:\/\/charter.baltimorecode\/VIII-8\/","api_url":"http:\/\/charter.baltimorecode\/api\/law\/VIII-8\/"},"references":false,"url":"http:\/\/charter.baltimorecode\/VIII-7\/","dublin_core":{"Title":"Reservation of rights.","Type":"Text","Format":"text\/html","Identifier":"\u00a7 VIII-7","Relation":"Baltimore City Charter"},"html":"\n\t\t\t\t\t<section><p><p><span class=\"dictionary\"><\/span>When<span class=\"dictionary\"><\/span> <span class=\"dictionary\"><\/span>the<span class=\"dictionary\"><\/span> <span class=\"dictionary\"><\/span>grant<span class=\"dictionary\"><\/span> <span class=\"dictionary\"><\/span>of<span class=\"dictionary\"><\/span> <span class=\"dictionary\"><\/span>a<span class=\"dictionary\"><\/span> <span class=\"dictionary\"><\/span>franchise<span class=\"dictionary\"><\/span> <span class=\"dictionary\"><\/span>or<span class=\"dictionary\"><\/span> <span class=\"dictionary\"><\/span>right<span class=\"dictionary\"><\/span> <span class=\"dictionary\"><\/span>is<span class=\"dictionary\"><\/span> <span class=\"dictionary\"><\/span>made<span class=\"dictionary\"><\/span> <span class=\"dictionary\"><\/span>in<span class=\"dictionary\"><\/span> <span class=\"dictionary\"><\/span>compliance<span class=\"dictionary\"><\/span> <span class=\"dictionary\"><\/span>with<span class=\"dictionary\"><\/span> <span class=\"dictionary\"><\/span>the<span class=\"dictionary\"><\/span> <span class=\"dictionary\"><\/span>foregoing<span class=\"dictionary\"><\/span> <span class=\"dictionary\"><\/span>sections<span class=\"dictionary\"><\/span>, <span class=\"dictionary\"><\/span>the<span class=\"dictionary\"><\/span> <span class=\"dictionary\"><\/span>City<span class=\"dictionary\"><\/span><br \/>\n<span class=\"dictionary\"><\/span>shall<span class=\"dictionary\"><\/span> <span class=\"dictionary\"><\/span>not<span class=\"dictionary\"><\/span> <span class=\"dictionary\"><\/span>part<span class=\"dictionary\"><\/span> <span class=\"dictionary\"><\/span>with<span class=\"dictionary\"><\/span>, <span class=\"dictionary\"><\/span>but<span class=\"dictionary\"><\/span> <span class=\"dictionary\"><\/span>shall<span class=\"dictionary\"><\/span> <span class=\"dictionary\"><\/span>expressly<span class=\"dictionary\"><\/span> <span class=\"dictionary\"><\/span>reserve<span class=\"dictionary\"><\/span> <span class=\"dictionary\"><\/span>the<span class=\"dictionary\"><\/span> <span class=\"dictionary\"><\/span>right<span class=\"dictionary\"><\/span> <span class=\"dictionary\"><\/span>and<span class=\"dictionary\"><\/span> <span class=\"dictionary\"><\/span>duty<span class=\"dictionary\"><\/span> <span class=\"dictionary\"><\/span>at<span class=\"dictionary\"><\/span> <span class=\"dictionary\"><\/span>all<span class=\"dictionary\"><\/span> <span class=\"dictionary\"><\/span>times<span class=\"dictionary\"><\/span> <span class=\"dictionary\"><\/span>to<span class=\"dictionary\"><\/span> <span class=\"dictionary\"><\/span>exercise<span class=\"dictionary\"><\/span> <span class=\"dictionary\"><\/span>in<span class=\"dictionary\"><\/span> <span class=\"dictionary\"><\/span>the<span class=\"dictionary\"><\/span> <span class=\"dictionary\"><\/span>interest<span class=\"dictionary\"><\/span><br \/>\n<span class=\"dictionary\"><\/span>of<span class=\"dictionary\"><\/span> <span class=\"dictionary\"><\/span>the<span class=\"dictionary\"><\/span> <span class=\"dictionary\"><\/span>public<span class=\"dictionary\"><\/span> <span class=\"dictionary\"><\/span>full<span class=\"dictionary\"><\/span> <span class=\"dictionary\"><\/span>municipal<span class=\"dictionary\"><\/span> <span class=\"dictionary\"><\/span>superintendence<span class=\"dictionary\"><\/span>, <span class=\"dictionary\"><\/span>regulation<span class=\"dictionary\"><\/span> <span class=\"dictionary\"><\/span>and<span class=\"dictionary\"><\/span> <span class=\"dictionary\"><\/span>control<span class=\"dictionary\"><\/span> <span class=\"dictionary\"><\/span>in<span class=\"dictionary\"><\/span> <span class=\"dictionary\"><\/span>respect<span class=\"dictionary\"><\/span> <span class=\"dictionary\"><\/span>to<span class=\"dictionary\"><\/span> <span class=\"dictionary\"><\/span>all<span class=\"dictionary\"><\/span> <span class=\"dictionary\"><\/span>matters<span class=\"dictionary\"><\/span><br \/>\n<span class=\"dictionary\"><\/span>connected<span class=\"dictionary\"><\/span> <span class=\"dictionary\"><\/span>with<span class=\"dictionary\"><\/span> <span class=\"dictionary\"><\/span>said<span class=\"dictionary\"><\/span> <span class=\"dictionary\"><\/span>grant<span class=\"dictionary\"><\/span> <span class=\"dictionary\"><\/span>and<span class=\"dictionary\"><\/span> <span class=\"dictionary\"><\/span>not<span class=\"dictionary\"><\/span> <span class=\"dictionary\"><\/span>inconsistent<span class=\"dictionary\"><\/span> <span class=\"dictionary\"><\/span>with<span class=\"dictionary\"><\/span> <span class=\"dictionary\"><\/span>the<span class=\"dictionary\"><\/span> <span class=\"dictionary\"><\/span>terms<span class=\"dictionary\"><\/span> <span class=\"dictionary\"><\/span>thereof<span class=\"dictionary\"><\/span>.<\/p>\n<\/p><\/section>","plain_text":"                              BALTIMORE CITY CHARTER\n\nRESERVATION OF RIGHTS. (\u00a7 VIII-7)\n\nWhen the grant of a franchise or right is made in compliance with the foregoing\nsections, the City\nshall not part with, but shall expressly reserve the right and duty at all times\nto exercise in the interest\nof the public full municipal superintendence, regulation and control in respect\nto all matters\nconnected with said grant and not inconsistent with the terms thereof.\n","previous_section":{"id":"280","structure_id":"26","section_number":"VIII-6","catch_line":"Advertising.","url":"http:\/\/charter.baltimorecode\/VIII-6\/","api_url":"http:\/\/charter.baltimorecode\/api\/law\/VIII-6\/"},"text":{"0":{"id":"281","text":"When the grant of a franchise or right is made in compliance with the foregoing sections, the City\nshall not part with, but shall expressly reserve the right and duty at all times to exercise in the interest\nof the public full municipal superintendence, regulation and control in respect to all matters\nconnected with said grant and not inconsistent with the terms thereof.\n","type":"section","prefixes":[""],"prefix":"","entire_prefix":"","prefix_anchor":"","level":1}}}