{"section_number":"VIII-116","section_id":"259","structure_id":"26","catch_line":"Powers and duties of Department.","history":"","full_text":" (a)  In general.\n\nNotwithstanding anything to the contrary in this Charter, the Department has the following\npowers and duties.\n\n (b)  Street construction and maintenance.\n\n  (1)The Department has charge of constructing and maintaining the streets of the City. \n\n  (2)The Department shall prepare the plans and perform the work required by Ordinances that\nopen, extend, widen, straighten, close, or grade any street in the City.  However, the\nDepartment of General Services shall prepare all Ordinances for the opening and closing of\nstreets, attend the hearings on the Ordinances, and perform all administrative functions\nrelated to these Ordinances.\n\n  (3)Before paving or repaving a street, the Director of Transportation shall give notice in one or\nmore daily City newspapers that, not less than 90 days from the first publication date, the\nDepartment will proceed with the paving or repaving and warning all persons to obtain\npermits for and to complete before that day all work that might involve the digging up of the\nstreet.\n\n  (4)The Director shall send a copy of this notice to all persons who the Director has reason to\nbelieve would be interested in receiving it, but failure to send the notice does not affect the\nvalidity of any action taken by the Mayor and the Director t pave or repave a street.\n\n  (5)No pavement laid after the publication of the notice may be dug up by any person without a\npermit issued by the Director of General Services.  The Director of General Services has\ndiscretion to issue or withhold this permit, and may attach appropriate conditions and charges\nto the permit.\n\n  (6)Whenever an assessment or charge is to be made against a property for paving a street, alley,\nor sidewalk, the Department after giving the owner of the property involved due notice and\nan opportunity to be heard, shall fix the amount of the assessment or charge.\n (Res. 08-003, ratified November 4, 2008.)\n\n (c)  Lighting.\n\nThe Department has charge of the lighting of the City.\n\n (d)  Conduit system.\n\nThe Department may exercise all the powers and shall perform all the duties relating to the\nconduit system, and has charge of all property and equipment pertaining to that system.\n\n (e)  Additional powers and duties.\n\nThe Department has the additional powers and duties relating to the construction, reconstruction,\nand maintenance of streets, to transportation, and to traffic, including powers and duties\ntransferred from other municipal agencies, as are prescribed by law.\n(Res. 04-056, ratified November 2, 2004.)\r\r","ancestry":{"1":{"id":"26","name":"Franchises","identifier":"VIII","label":"article","url":"http:\/\/charter.baltimorecode\/VIII\/"}},"structure_contents":{"0":{"id":"253","structure_id":"26","section_number":"VIII-1","catch_line":"Authority to grant.","url":"http:\/\/charter.baltimorecode\/VIII-1\/","api_url":"http:\/\/charter.baltimorecode\/api\/law\/VIII-1\/"},"1":{"id":"276","structure_id":"26","section_number":"VIII-2","catch_line":"Procedures; compensation; minor privileges.","url":"http:\/\/charter.baltimorecode\/VIII-2\/","api_url":"http:\/\/charter.baltimorecode\/api\/law\/VIII-2\/"},"2":{"id":"277","structure_id":"26","section_number":"VIII-3","catch_line":"Duration.","url":"http:\/\/charter.baltimorecode\/VIII-3\/","api_url":"http:\/\/charter.baltimorecode\/api\/law\/VIII-3\/"},"3":{"id":"278","structure_id":"26","section_number":"VIII-4","catch_line":"Street railways.","url":"http:\/\/charter.baltimorecode\/VIII-4\/","api_url":"http:\/\/charter.baltimorecode\/api\/law\/VIII-4\/"},"4":{"id":"279","structure_id":"26","section_number":"VIII-5","catch_line":"Trackless trolleys.","url":"http:\/\/charter.baltimorecode\/VIII-5\/","api_url":"http:\/\/charter.baltimorecode\/api\/law\/VIII-5\/"},"5":{"id":"280","structure_id":"26","section_number":"VIII-6","catch_line":"Advertising.","url":"http:\/\/charter.baltimorecode\/VIII-6\/","api_url":"http:\/\/charter.baltimorecode\/api\/law\/VIII-6\/"},"6":{"id":"281","structure_id":"26","section_number":"VIII-7","catch_line":"Reservation of rights.","url":"http:\/\/charter.baltimorecode\/VIII-7\/","api_url":"http:\/\/charter.baltimorecode\/api\/law\/VIII-7\/"},"7":{"id":"282","structure_id":"26","section_number":"VIII-8","catch_line":"Renewals.","url":"http:\/\/charter.baltimorecode\/VIII-8\/","api_url":"http:\/\/charter.baltimorecode\/api\/law\/VIII-8\/"},"8":{"id":"283","structure_id":"26","section_number":"VIII-9","catch_line":"Minor privileges.","url":"http:\/\/charter.baltimorecode\/VIII-9\/","api_url":"http:\/\/charter.baltimorecode\/api\/law\/VIII-9\/"},"9":{"id":"254","structure_id":"26","section_number":"VIII-111","catch_line":"Repealed by Res. 00-010, ratified November 2000.","url":"http:\/\/charter.baltimorecode\/VIII-111\/","api_url":"http:\/\/charter.baltimorecode\/api\/law\/VIII-111\/"},"10":{"id":"256","structure_id":"26","section_number":"VIII-111","catch_line":"Repealed by Res. 00-010, ratified November 2000.","url":"http:\/\/charter.baltimorecode\/VIII-111\/","api_url":"http:\/\/charter.baltimorecode\/api\/law\/VIII-111\/"},"11":{"id":"255","structure_id":"26","section_number":"VIII-111","catch_line":"Repealed by Res. 00-010, ratified November 2000.","url":"http:\/\/charter.baltimorecode\/VIII-111\/","api_url":"http:\/\/charter.baltimorecode\/api\/law\/VIII-111\/"},"12":{"id":"257","structure_id":"26","section_number":"VIII-114","catch_line":"Department established.","url":"http:\/\/charter.baltimorecode\/VIII-114\/","api_url":"http:\/\/charter.baltimorecode\/api\/law\/VIII-114\/"},"13":{"id":"258","structure_id":"26","section_number":"VIII-115","catch_line":"Director of Transportation.","url":"http:\/\/charter.baltimorecode\/VIII-115\/","api_url":"http:\/\/charter.baltimorecode\/api\/law\/VIII-115\/"},"14":{"id":"259","structure_id":"26","section_number":"VIII-116","catch_line":"Powers and duties of Department.","url":"http:\/\/charter.baltimorecode\/VIII-116\/","api_url":"http:\/\/charter.baltimorecode\/api\/law\/VIII-116\/"},"15":{"id":"260","structure_id":"26","section_number":"VIII-116A","catch_line":"Assessment of benefits and damages.","url":"http:\/\/charter.baltimorecode\/VIII-116A\/","api_url":"http:\/\/charter.baltimorecode\/api\/law\/VIII-116A\/"},"16":{"id":"261","structure_id":"26","section_number":"VIII-116B","catch_line":"Correcting physical obstruction.","url":"http:\/\/charter.baltimorecode\/VIII-116B\/","api_url":"http:\/\/charter.baltimorecode\/api\/law\/VIII-116B\/"},"17":{"id":"262","structure_id":"26","section_number":"VIII-117","catch_line":"Definitions.","url":"http:\/\/charter.baltimorecode\/VIII-117\/","api_url":"http:\/\/charter.baltimorecode\/api\/law\/VIII-117\/"},"18":{"id":"263","structure_id":"26","section_number":"VIII-118","catch_line":"Commission established.","url":"http:\/\/charter.baltimorecode\/VIII-118\/","api_url":"http:\/\/charter.baltimorecode\/api\/law\/VIII-118\/"},"19":{"id":"264","structure_id":"26","section_number":"VIII-119","catch_line":"Composition; qualifications; term.","url":"http:\/\/charter.baltimorecode\/VIII-119\/","api_url":"http:\/\/charter.baltimorecode\/api\/law\/VIII-119\/"},"20":{"id":"265","structure_id":"26","section_number":"VIII-120","catch_line":"Compensation; expenses.","url":"http:\/\/charter.baltimorecode\/VIII-120\/","api_url":"http:\/\/charter.baltimorecode\/api\/law\/VIII-120\/"},"21":{"id":"266","structure_id":"26","section_number":"VIII-121","catch_line":"Officers.","url":"http:\/\/charter.baltimorecode\/VIII-121\/","api_url":"http:\/\/charter.baltimorecode\/api\/law\/VIII-121\/"},"22":{"id":"267","structure_id":"26","section_number":"VIII-122","catch_line":"Meetings.","url":"http:\/\/charter.baltimorecode\/VIII-122\/","api_url":"http:\/\/charter.baltimorecode\/api\/law\/VIII-122\/"},"23":{"id":"268","structure_id":"26","section_number":"VIII-123","catch_line":"Commission recommendations.","url":"http:\/\/charter.baltimorecode\/VIII-123\/","api_url":"http:\/\/charter.baltimorecode\/api\/law\/VIII-123\/"},"24":{"id":"269","structure_id":"26","section_number":"VIII-124","catch_line":"Submission to Council.","url":"http:\/\/charter.baltimorecode\/VIII-124\/","api_url":"http:\/\/charter.baltimorecode\/api\/law\/VIII-124\/"},"25":{"id":"270","structure_id":"26","section_number":"VIII-125","catch_line":"Council action.","url":"http:\/\/charter.baltimorecode\/VIII-125\/","api_url":"http:\/\/charter.baltimorecode\/api\/law\/VIII-125\/"},"26":{"id":"271","structure_id":"26","section_number":"VIII-130","catch_line":"Department established.","url":"http:\/\/charter.baltimorecode\/VIII-130\/","api_url":"http:\/\/charter.baltimorecode\/api\/law\/VIII-130\/"},"27":{"id":"272","structure_id":"26","section_number":"VIII-131","catch_line":"Director of General Services.","url":"http:\/\/charter.baltimorecode\/VIII-131\/","api_url":"http:\/\/charter.baltimorecode\/api\/law\/VIII-131\/"},"28":{"id":"273","structure_id":"26","section_number":"VIII-132","catch_line":"Powers and duties of Department.","url":"http:\/\/charter.baltimorecode\/VIII-132\/","api_url":"http:\/\/charter.baltimorecode\/api\/law\/VIII-132\/"},"29":{"id":"274","structure_id":"26","section_number":"VIII-133","catch_line":"Streets.","url":"http:\/\/charter.baltimorecode\/VIII-133\/","api_url":"http:\/\/charter.baltimorecode\/api\/law\/VIII-133\/"},"30":{"id":"275","structure_id":"26","section_number":"VIII-134","catch_line":"Correcting physical obstruction.","url":"http:\/\/charter.baltimorecode\/VIII-134\/","api_url":"http:\/\/charter.baltimorecode\/api\/law\/VIII-134\/"}},"next_section":{"id":"260","structure_id":"26","section_number":"VIII-116A","catch_line":"Assessment of benefits and damages.","url":"http:\/\/charter.baltimorecode\/VIII-116A\/","api_url":"http:\/\/charter.baltimorecode\/api\/law\/VIII-116A\/"},"references":false,"url":"http:\/\/charter.baltimorecode\/VIII-116\/","dublin_core":{"Title":"Powers and duties of Department.","Type":"Text","Format":"text\/html","Identifier":"\u00a7 VIII-116","Relation":"Baltimore City Charter"},"html":"\n\t\t\t\t\t<section><p><p>(<span class=\"dictionary\"><\/span>a<span class=\"dictionary\"><\/span>)  <span class=\"dictionary\"><\/span>In<span class=\"dictionary\"><\/span> <span class=\"dictionary\"><\/span>general<span class=\"dictionary\"><\/span>.<\/p>\n<p><span class=\"dictionary\"><\/span>Notwithstanding<span class=\"dictionary\"><\/span> <span class=\"dictionary\"><\/span>anything<span class=\"dictionary\"><\/span> <span class=\"dictionary\"><\/span>to<span class=\"dictionary\"><\/span> <span class=\"dictionary\"><\/span>the<span class=\"dictionary\"><\/span> <span class=\"dictionary\"><\/span>contrary<span class=\"dictionary\"><\/span> <span class=\"dictionary\"><\/span>in<span class=\"dictionary\"><\/span> <span class=\"dictionary\"><\/span>this<span class=\"dictionary\"><\/span> <span class=\"dictionary\"><\/span>Charter<span class=\"dictionary\"><\/span>, <span class=\"dictionary\"><\/span>the<span class=\"dictionary\"><\/span> <span class=\"dictionary\"><\/span>Department<span class=\"dictionary\"><\/span> <span class=\"dictionary\"><\/span>has<span class=\"dictionary\"><\/span> <span class=\"dictionary\"><\/span>the<span class=\"dictionary\"><\/span> <span class=\"dictionary\"><\/span>following<span class=\"dictionary\"><\/span><br \/>\n<span class=\"dictionary\"><\/span>powers<span class=\"dictionary\"><\/span> <span class=\"dictionary\"><\/span>and<span class=\"dictionary\"><\/span> <span class=\"dictionary\"><\/span>duties<span class=\"dictionary\"><\/span>.<\/p>\n<p> (<span class=\"dictionary\"><\/span>b<span class=\"dictionary\"><\/span>)  <span class=\"dictionary\"><\/span>Street<span class=\"dictionary\"><\/span> <span class=\"dictionary\"><\/span>construction<span class=\"dictionary\"><\/span> <span class=\"dictionary\"><\/span>and<span class=\"dictionary\"><\/span> <span class=\"dictionary\"><\/span>maintenance<span class=\"dictionary\"><\/span>.<\/p>\n<p>  (<span class=\"dictionary\"><\/span>1<span class=\"dictionary\"><\/span>)<span class=\"dictionary\"><\/span>The<span class=\"dictionary\"><\/span> <span class=\"dictionary\"><\/span>Department<span class=\"dictionary\"><\/span> <span class=\"dictionary\"><\/span>has<span class=\"dictionary\"><\/span> <span class=\"dictionary\"><\/span>charge<span class=\"dictionary\"><\/span> <span class=\"dictionary\"><\/span>of<span class=\"dictionary\"><\/span> <span class=\"dictionary\"><\/span>constructing<span class=\"dictionary\"><\/span> <span class=\"dictionary\"><\/span>and<span class=\"dictionary\"><\/span> <span class=\"dictionary\"><\/span>maintaining<span class=\"dictionary\"><\/span> <span class=\"dictionary\"><\/span>the<span class=\"dictionary\"><\/span> <span class=\"dictionary\"><\/span>streets<span class=\"dictionary\"><\/span> <span class=\"dictionary\"><\/span>of<span class=\"dictionary\"><\/span> <span class=\"dictionary\"><\/span>the<span class=\"dictionary\"><\/span> <span class=\"dictionary\"><\/span>City<span class=\"dictionary\"><\/span>. <\/p>\n<p>  (<span class=\"dictionary\"><\/span>2<span class=\"dictionary\"><\/span>)<span class=\"dictionary\"><\/span>The<span class=\"dictionary\"><\/span> <span class=\"dictionary\"><\/span>Department<span class=\"dictionary\"><\/span> <span class=\"dictionary\"><\/span>shall<span class=\"dictionary\"><\/span> <span class=\"dictionary\"><\/span>prepare<span class=\"dictionary\"><\/span> <span class=\"dictionary\"><\/span>the<span class=\"dictionary\"><\/span> <span class=\"dictionary\"><\/span>plans<span class=\"dictionary\"><\/span> <span class=\"dictionary\"><\/span>and<span class=\"dictionary\"><\/span> <span class=\"dictionary\"><\/span>perform<span class=\"dictionary\"><\/span> <span class=\"dictionary\"><\/span>the<span class=\"dictionary\"><\/span> <span class=\"dictionary\"><\/span>work<span class=\"dictionary\"><\/span> <span class=\"dictionary\"><\/span>required<span class=\"dictionary\"><\/span> <span class=\"dictionary\"><\/span>by<span class=\"dictionary\"><\/span> <span class=\"dictionary\"><\/span>Ordinances<span class=\"dictionary\"><\/span> <span class=\"dictionary\"><\/span>that<span class=\"dictionary\"><\/span><br \/>\n<span class=\"dictionary\"><\/span>open<span class=\"dictionary\"><\/span>, <span class=\"dictionary\"><\/span>extend<span class=\"dictionary\"><\/span>, <span class=\"dictionary\"><\/span>widen<span class=\"dictionary\"><\/span>, <span class=\"dictionary\"><\/span>straighten<span class=\"dictionary\"><\/span>, <span class=\"dictionary\"><\/span>close<span class=\"dictionary\"><\/span>, <span class=\"dictionary\"><\/span>or<span class=\"dictionary\"><\/span> <span class=\"dictionary\"><\/span>grade<span class=\"dictionary\"><\/span> <span class=\"dictionary\"><\/span>any<span class=\"dictionary\"><\/span> <span class=\"dictionary\"><\/span>street<span class=\"dictionary\"><\/span> <span class=\"dictionary\"><\/span>in<span class=\"dictionary\"><\/span> <span class=\"dictionary\"><\/span>the<span class=\"dictionary\"><\/span> <span class=\"dictionary\"><\/span>City<span class=\"dictionary\"><\/span>.  <span class=\"dictionary\"><\/span>However<span class=\"dictionary\"><\/span>, <span class=\"dictionary\"><\/span>the<span class=\"dictionary\"><\/span><br \/>\n<span class=\"dictionary\"><\/span>Department<span class=\"dictionary\"><\/span> <span class=\"dictionary\"><\/span>of<span class=\"dictionary\"><\/span> <span class=\"dictionary\"><\/span>General<span class=\"dictionary\"><\/span> <span class=\"dictionary\"><\/span>Services<span class=\"dictionary\"><\/span> <span class=\"dictionary\"><\/span>shall<span class=\"dictionary\"><\/span> <span class=\"dictionary\"><\/span>prepare<span class=\"dictionary\"><\/span> <span class=\"dictionary\"><\/span>all<span class=\"dictionary\"><\/span> <span class=\"dictionary\"><\/span>Ordinances<span class=\"dictionary\"><\/span> <span class=\"dictionary\"><\/span>for<span class=\"dictionary\"><\/span> <span class=\"dictionary\"><\/span>the<span class=\"dictionary\"><\/span> <span class=\"dictionary\"><\/span>opening<span class=\"dictionary\"><\/span> <span class=\"dictionary\"><\/span>and<span class=\"dictionary\"><\/span> <span class=\"dictionary\"><\/span>closing<span class=\"dictionary\"><\/span> <span class=\"dictionary\"><\/span>of<span class=\"dictionary\"><\/span><br \/>\n<span class=\"dictionary\"><\/span>streets<span class=\"dictionary\"><\/span>, <span class=\"dictionary\"><\/span>attend<span class=\"dictionary\"><\/span> <span class=\"dictionary\"><\/span>the<span class=\"dictionary\"><\/span> <span class=\"dictionary\"><\/span>hearings<span class=\"dictionary\"><\/span> <span class=\"dictionary\"><\/span>on<span class=\"dictionary\"><\/span> <span class=\"dictionary\"><\/span>the<span class=\"dictionary\"><\/span> <span class=\"dictionary\"><\/span>Ordinances<span class=\"dictionary\"><\/span>, <span class=\"dictionary\"><\/span>and<span class=\"dictionary\"><\/span> <span class=\"dictionary\"><\/span>perform<span class=\"dictionary\"><\/span> <span class=\"dictionary\"><\/span>all<span class=\"dictionary\"><\/span> <span class=\"dictionary\"><\/span>administrative<span class=\"dictionary\"><\/span> <span class=\"dictionary\"><\/span>functions<span class=\"dictionary\"><\/span><br \/>\n<span class=\"dictionary\"><\/span>related<span class=\"dictionary\"><\/span> <span class=\"dictionary\"><\/span>to<span class=\"dictionary\"><\/span> <span class=\"dictionary\"><\/span>these<span class=\"dictionary\"><\/span> <span class=\"dictionary\"><\/span>Ordinances<span class=\"dictionary\"><\/span>.<\/p>\n<p>  (<span class=\"dictionary\"><\/span>3<span class=\"dictionary\"><\/span>)<span class=\"dictionary\"><\/span>Before<span class=\"dictionary\"><\/span> <span class=\"dictionary\"><\/span>paving<span class=\"dictionary\"><\/span> <span class=\"dictionary\"><\/span>or<span class=\"dictionary\"><\/span> <span class=\"dictionary\"><\/span>repaving<span class=\"dictionary\"><\/span> <span class=\"dictionary\"><\/span>a<span class=\"dictionary\"><\/span> <span class=\"dictionary\"><\/span>street<span class=\"dictionary\"><\/span>, <span class=\"dictionary\"><\/span>the<span class=\"dictionary\"><\/span> <span class=\"dictionary\"><\/span>Director<span class=\"dictionary\"><\/span> <span class=\"dictionary\"><\/span>of<span class=\"dictionary\"><\/span> <span class=\"dictionary\"><\/span>Transportation<span class=\"dictionary\"><\/span> <span class=\"dictionary\"><\/span>shall<span class=\"dictionary\"><\/span> <span class=\"dictionary\"><\/span>give<span class=\"dictionary\"><\/span> <span class=\"dictionary\"><\/span>notice<span class=\"dictionary\"><\/span> <span class=\"dictionary\"><\/span>in<span class=\"dictionary\"><\/span> <span class=\"dictionary\"><\/span>one<span class=\"dictionary\"><\/span> <span class=\"dictionary\"><\/span>or<span class=\"dictionary\"><\/span><br \/>\n<span class=\"dictionary\"><\/span>more<span class=\"dictionary\"><\/span> <span class=\"dictionary\"><\/span>daily<span class=\"dictionary\"><\/span> <span class=\"dictionary\"><\/span>City<span class=\"dictionary\"><\/span> <span class=\"dictionary\"><\/span>newspapers<span class=\"dictionary\"><\/span> <span class=\"dictionary\"><\/span>that<span class=\"dictionary\"><\/span>, <span class=\"dictionary\"><\/span>not<span class=\"dictionary\"><\/span> <span class=\"dictionary\"><\/span>less<span class=\"dictionary\"><\/span> <span class=\"dictionary\"><\/span>than<span class=\"dictionary\"><\/span> <span class=\"dictionary\"><\/span>90<span class=\"dictionary\"><\/span> <span class=\"dictionary\"><\/span>days<span class=\"dictionary\"><\/span> <span class=\"dictionary\"><\/span>from<span class=\"dictionary\"><\/span> <span class=\"dictionary\"><\/span>the<span class=\"dictionary\"><\/span> <span class=\"dictionary\"><\/span>first<span class=\"dictionary\"><\/span> <span class=\"dictionary\"><\/span>publication<span class=\"dictionary\"><\/span> <span class=\"dictionary\"><\/span>date<span class=\"dictionary\"><\/span>, <span class=\"dictionary\"><\/span>the<span class=\"dictionary\"><\/span><br \/>\n<span class=\"dictionary\"><\/span>Department<span class=\"dictionary\"><\/span> <span class=\"dictionary\"><\/span>will<span class=\"dictionary\"><\/span> <span class=\"dictionary\"><\/span>proceed<span class=\"dictionary\"><\/span> <span class=\"dictionary\"><\/span>with<span class=\"dictionary\"><\/span> <span class=\"dictionary\"><\/span>the<span class=\"dictionary\"><\/span> <span class=\"dictionary\"><\/span>paving<span class=\"dictionary\"><\/span> <span class=\"dictionary\"><\/span>or<span class=\"dictionary\"><\/span> <span class=\"dictionary\"><\/span>repaving<span class=\"dictionary\"><\/span> <span class=\"dictionary\"><\/span>and<span class=\"dictionary\"><\/span> <span class=\"dictionary\"><\/span>warning<span class=\"dictionary\"><\/span> <span class=\"dictionary\"><\/span>all<span class=\"dictionary\"><\/span> <span class=\"dictionary\"><\/span>persons<span class=\"dictionary\"><\/span> <span class=\"dictionary\"><\/span>to<span class=\"dictionary\"><\/span> <span class=\"dictionary\"><\/span>obtain<span class=\"dictionary\"><\/span><br \/>\n<span class=\"dictionary\"><\/span>permits<span class=\"dictionary\"><\/span> <span class=\"dictionary\"><\/span>for<span class=\"dictionary\"><\/span> <span class=\"dictionary\"><\/span>and<span class=\"dictionary\"><\/span> <span class=\"dictionary\"><\/span>to<span class=\"dictionary\"><\/span> <span class=\"dictionary\"><\/span>complete<span class=\"dictionary\"><\/span> <span class=\"dictionary\"><\/span>before<span class=\"dictionary\"><\/span> <span class=\"dictionary\"><\/span>that<span class=\"dictionary\"><\/span> <span class=\"dictionary\"><\/span>day<span class=\"dictionary\"><\/span> <span class=\"dictionary\"><\/span>all<span class=\"dictionary\"><\/span> <span class=\"dictionary\"><\/span>work<span class=\"dictionary\"><\/span> <span class=\"dictionary\"><\/span>that<span class=\"dictionary\"><\/span> <span class=\"dictionary\"><\/span>might<span class=\"dictionary\"><\/span> <span class=\"dictionary\"><\/span>involve<span class=\"dictionary\"><\/span> <span class=\"dictionary\"><\/span>the<span class=\"dictionary\"><\/span> <span class=\"dictionary\"><\/span>digging<span class=\"dictionary\"><\/span> <span class=\"dictionary\"><\/span>up<span class=\"dictionary\"><\/span> <span class=\"dictionary\"><\/span>of<span class=\"dictionary\"><\/span> <span class=\"dictionary\"><\/span>the<span class=\"dictionary\"><\/span><br \/>\n<span class=\"dictionary\"><\/span>street<span class=\"dictionary\"><\/span>.<\/p>\n<p>  (<span class=\"dictionary\"><\/span>4<span class=\"dictionary\"><\/span>)<span class=\"dictionary\"><\/span>The<span class=\"dictionary\"><\/span> <span class=\"dictionary\"><\/span>Director<span class=\"dictionary\"><\/span> <span class=\"dictionary\"><\/span>shall<span class=\"dictionary\"><\/span> <span class=\"dictionary\"><\/span>send<span class=\"dictionary\"><\/span> <span class=\"dictionary\"><\/span>a<span class=\"dictionary\"><\/span> <span class=\"dictionary\"><\/span>copy<span class=\"dictionary\"><\/span> <span class=\"dictionary\"><\/span>of<span class=\"dictionary\"><\/span> <span class=\"dictionary\"><\/span>this<span class=\"dictionary\"><\/span> <span class=\"dictionary\"><\/span>notice<span class=\"dictionary\"><\/span> <span class=\"dictionary\"><\/span>to<span class=\"dictionary\"><\/span> <span class=\"dictionary\"><\/span>all<span class=\"dictionary\"><\/span> <span class=\"dictionary\"><\/span>persons<span class=\"dictionary\"><\/span> <span class=\"dictionary\"><\/span>who<span class=\"dictionary\"><\/span> <span class=\"dictionary\"><\/span>the<span class=\"dictionary\"><\/span> <span class=\"dictionary\"><\/span>Director<span class=\"dictionary\"><\/span> <span class=\"dictionary\"><\/span>has<span class=\"dictionary\"><\/span> <span class=\"dictionary\"><\/span>reason<span class=\"dictionary\"><\/span> <span class=\"dictionary\"><\/span>to<span class=\"dictionary\"><\/span><br \/>\n<span class=\"dictionary\"><\/span>believe<span class=\"dictionary\"><\/span> <span class=\"dictionary\"><\/span>would<span class=\"dictionary\"><\/span> <span class=\"dictionary\"><\/span>be<span class=\"dictionary\"><\/span> <span class=\"dictionary\"><\/span>interested<span class=\"dictionary\"><\/span> <span class=\"dictionary\"><\/span>in<span class=\"dictionary\"><\/span> <span class=\"dictionary\"><\/span>receiving<span class=\"dictionary\"><\/span> <span class=\"dictionary\"><\/span>it<span class=\"dictionary\"><\/span>, <span class=\"dictionary\"><\/span>but<span class=\"dictionary\"><\/span> <span class=\"dictionary\"><\/span>failure<span class=\"dictionary\"><\/span> <span class=\"dictionary\"><\/span>to<span class=\"dictionary\"><\/span> <span class=\"dictionary\"><\/span>send<span class=\"dictionary\"><\/span> <span class=\"dictionary\"><\/span>the<span class=\"dictionary\"><\/span> <span class=\"dictionary\"><\/span>notice<span class=\"dictionary\"><\/span> <span class=\"dictionary\"><\/span>does<span class=\"dictionary\"><\/span> <span class=\"dictionary\"><\/span>not<span class=\"dictionary\"><\/span> <span class=\"dictionary\"><\/span>affect<span class=\"dictionary\"><\/span> <span class=\"dictionary\"><\/span>the<span class=\"dictionary\"><\/span><br \/>\n<span class=\"dictionary\"><\/span>validity<span class=\"dictionary\"><\/span> <span class=\"dictionary\"><\/span>of<span class=\"dictionary\"><\/span> <span class=\"dictionary\"><\/span>any<span class=\"dictionary\"><\/span> <span class=\"dictionary\"><\/span>action<span class=\"dictionary\"><\/span> <span class=\"dictionary\"><\/span>taken<span class=\"dictionary\"><\/span> <span class=\"dictionary\"><\/span>by<span class=\"dictionary\"><\/span> <span class=\"dictionary\"><\/span>the<span class=\"dictionary\"><\/span> <span class=\"dictionary\"><\/span>Mayor<span class=\"dictionary\"><\/span> <span class=\"dictionary\"><\/span>and<span class=\"dictionary\"><\/span> <span class=\"dictionary\"><\/span>the<span class=\"dictionary\"><\/span> <span class=\"dictionary\"><\/span>Director<span class=\"dictionary\"><\/span> <span class=\"dictionary\"><\/span>t<span class=\"dictionary\"><\/span> <span class=\"dictionary\"><\/span>pave<span class=\"dictionary\"><\/span> <span class=\"dictionary\"><\/span>or<span class=\"dictionary\"><\/span> <span class=\"dictionary\"><\/span>repave<span class=\"dictionary\"><\/span> <span class=\"dictionary\"><\/span>a<span class=\"dictionary\"><\/span> <span class=\"dictionary\"><\/span>street<span class=\"dictionary\"><\/span>.<\/p>\n<p>  (<span class=\"dictionary\"><\/span>5<span class=\"dictionary\"><\/span>)<span class=\"dictionary\"><\/span>No<span class=\"dictionary\"><\/span> <span class=\"dictionary\"><\/span>pavement<span class=\"dictionary\"><\/span> <span class=\"dictionary\"><\/span>laid<span class=\"dictionary\"><\/span> <span class=\"dictionary\"><\/span>after<span class=\"dictionary\"><\/span> <span class=\"dictionary\"><\/span>the<span class=\"dictionary\"><\/span> <span class=\"dictionary\"><\/span>publication<span class=\"dictionary\"><\/span> <span class=\"dictionary\"><\/span>of<span class=\"dictionary\"><\/span> <span class=\"dictionary\"><\/span>the<span class=\"dictionary\"><\/span> <span class=\"dictionary\"><\/span>notice<span class=\"dictionary\"><\/span> <span class=\"dictionary\"><\/span>may<span class=\"dictionary\"><\/span> <span class=\"dictionary\"><\/span>be<span class=\"dictionary\"><\/span> <span class=\"dictionary\"><\/span>dug<span class=\"dictionary\"><\/span> <span class=\"dictionary\"><\/span>up<span class=\"dictionary\"><\/span> <span class=\"dictionary\"><\/span>by<span class=\"dictionary\"><\/span> <span class=\"dictionary\"><\/span>any<span class=\"dictionary\"><\/span> <span class=\"dictionary\"><\/span>person<span class=\"dictionary\"><\/span> <span class=\"dictionary\"><\/span>without<span class=\"dictionary\"><\/span> <span class=\"dictionary\"><\/span>a<span class=\"dictionary\"><\/span><br \/>\n<span class=\"dictionary\"><\/span>permit<span class=\"dictionary\"><\/span> <span class=\"dictionary\"><\/span>issued<span class=\"dictionary\"><\/span> <span class=\"dictionary\"><\/span>by<span class=\"dictionary\"><\/span> <span class=\"dictionary\"><\/span>the<span class=\"dictionary\"><\/span> <span class=\"dictionary\"><\/span>Director<span class=\"dictionary\"><\/span> <span class=\"dictionary\"><\/span>of<span class=\"dictionary\"><\/span> <span class=\"dictionary\"><\/span>General<span class=\"dictionary\"><\/span> <span class=\"dictionary\"><\/span>Services<span class=\"dictionary\"><\/span>.  <span class=\"dictionary\"><\/span>The<span class=\"dictionary\"><\/span> <span class=\"dictionary\"><\/span>Director<span class=\"dictionary\"><\/span> <span class=\"dictionary\"><\/span>of<span class=\"dictionary\"><\/span> <span class=\"dictionary\"><\/span>General<span class=\"dictionary\"><\/span> <span class=\"dictionary\"><\/span>Services<span class=\"dictionary\"><\/span> <span class=\"dictionary\"><\/span>has<span class=\"dictionary\"><\/span><br \/>\n<span class=\"dictionary\"><\/span>discretion<span class=\"dictionary\"><\/span> <span class=\"dictionary\"><\/span>to<span class=\"dictionary\"><\/span> <span class=\"dictionary\"><\/span>issue<span class=\"dictionary\"><\/span> <span class=\"dictionary\"><\/span>or<span class=\"dictionary\"><\/span> <span class=\"dictionary\"><\/span>withhold<span class=\"dictionary\"><\/span> <span class=\"dictionary\"><\/span>this<span class=\"dictionary\"><\/span> <span class=\"dictionary\"><\/span>permit<span class=\"dictionary\"><\/span>, <span class=\"dictionary\"><\/span>and<span class=\"dictionary\"><\/span> <span class=\"dictionary\"><\/span>may<span class=\"dictionary\"><\/span> <span class=\"dictionary\"><\/span>attach<span class=\"dictionary\"><\/span> <span class=\"dictionary\"><\/span>appropriate<span class=\"dictionary\"><\/span> <span class=\"dictionary\"><\/span>conditions<span class=\"dictionary\"><\/span> <span class=\"dictionary\"><\/span>and<span class=\"dictionary\"><\/span> <span class=\"dictionary\"><\/span>charges<span class=\"dictionary\"><\/span><br \/>\n<span class=\"dictionary\"><\/span>to<span class=\"dictionary\"><\/span> <span class=\"dictionary\"><\/span>the<span class=\"dictionary\"><\/span> <span class=\"dictionary\"><\/span>permit<span class=\"dictionary\"><\/span>.<\/p>\n<p>  (<span class=\"dictionary\"><\/span>6<span class=\"dictionary\"><\/span>)<span class=\"dictionary\"><\/span>Whenever<span class=\"dictionary\"><\/span> <span class=\"dictionary\"><\/span>an<span class=\"dictionary\"><\/span> <span class=\"dictionary\"><\/span>assessment<span class=\"dictionary\"><\/span> <span class=\"dictionary\"><\/span>or<span class=\"dictionary\"><\/span> <span class=\"dictionary\"><\/span>charge<span class=\"dictionary\"><\/span> <span class=\"dictionary\"><\/span>is<span class=\"dictionary\"><\/span> <span class=\"dictionary\"><\/span>to<span class=\"dictionary\"><\/span> <span class=\"dictionary\"><\/span>be<span class=\"dictionary\"><\/span> <span class=\"dictionary\"><\/span>made<span class=\"dictionary\"><\/span> <span class=\"dictionary\"><\/span>against<span class=\"dictionary\"><\/span> <span class=\"dictionary\"><\/span>a<span class=\"dictionary\"><\/span> <span class=\"dictionary\"><\/span>property<span class=\"dictionary\"><\/span> <span class=\"dictionary\"><\/span>for<span class=\"dictionary\"><\/span> <span class=\"dictionary\"><\/span>paving<span class=\"dictionary\"><\/span> <span class=\"dictionary\"><\/span>a<span class=\"dictionary\"><\/span> <span class=\"dictionary\"><\/span>street<span class=\"dictionary\"><\/span>, <span class=\"dictionary\"><\/span>alley<span class=\"dictionary\"><\/span>,<br \/>\n<span class=\"dictionary\"><\/span>or<span class=\"dictionary\"><\/span> <span class=\"dictionary\"><\/span>sidewalk<span class=\"dictionary\"><\/span>, <span class=\"dictionary\"><\/span>the<span class=\"dictionary\"><\/span> <span class=\"dictionary\"><\/span>Department<span class=\"dictionary\"><\/span> <span class=\"dictionary\"><\/span>after<span class=\"dictionary\"><\/span> <span class=\"dictionary\"><\/span>giving<span class=\"dictionary\"><\/span> <span class=\"dictionary\"><\/span>the<span class=\"dictionary\"><\/span> <span class=\"dictionary\"><\/span>owner<span class=\"dictionary\"><\/span> <span class=\"dictionary\"><\/span>of<span class=\"dictionary\"><\/span> <span class=\"dictionary\"><\/span>the<span class=\"dictionary\"><\/span> <span class=\"dictionary\"><\/span>property<span class=\"dictionary\"><\/span> <span class=\"dictionary\"><\/span>involved<span class=\"dictionary\"><\/span> <span class=\"dictionary\"><\/span>due<span class=\"dictionary\"><\/span> <span class=\"dictionary\"><\/span>notice<span class=\"dictionary\"><\/span> <span class=\"dictionary\"><\/span>and<span class=\"dictionary\"><\/span><br \/>\n<span class=\"dictionary\"><\/span>an<span class=\"dictionary\"><\/span> <span class=\"dictionary\"><\/span>opportunity<span class=\"dictionary\"><\/span> <span class=\"dictionary\"><\/span>to<span class=\"dictionary\"><\/span> <span class=\"dictionary\"><\/span>be<span class=\"dictionary\"><\/span> <span class=\"dictionary\"><\/span>heard<span class=\"dictionary\"><\/span>, <span class=\"dictionary\"><\/span>shall<span class=\"dictionary\"><\/span> <span class=\"dictionary\"><\/span>fix<span class=\"dictionary\"><\/span> <span class=\"dictionary\"><\/span>the<span class=\"dictionary\"><\/span> <span class=\"dictionary\"><\/span>amount<span class=\"dictionary\"><\/span> <span class=\"dictionary\"><\/span>of<span class=\"dictionary\"><\/span> <span class=\"dictionary\"><\/span>the<span class=\"dictionary\"><\/span> <span class=\"dictionary\"><\/span>assessment<span class=\"dictionary\"><\/span> <span class=\"dictionary\"><\/span>or<span class=\"dictionary\"><\/span> <span class=\"dictionary\"><\/span>charge<span class=\"dictionary\"><\/span>.<br \/>\n (<span class=\"dictionary\"><\/span>Res<span class=\"dictionary\"><\/span>. <span class=\"dictionary\"><\/span>08<span class=\"dictionary\"><\/span>-<span class=\"dictionary\"><\/span>003<span class=\"dictionary\"><\/span>, <span class=\"dictionary\"><\/span>ratified<span class=\"dictionary\"><\/span> <span class=\"dictionary\"><\/span>November<span class=\"dictionary\"><\/span> <span class=\"dictionary\"><\/span>4<span class=\"dictionary\"><\/span>, <span class=\"dictionary\"><\/span>2008<span class=\"dictionary\"><\/span>.)<\/p>\n<p> (<span class=\"dictionary\"><\/span>c<span class=\"dictionary\"><\/span>)  <span class=\"dictionary\"><\/span>Lighting<span class=\"dictionary\"><\/span>.<\/p>\n<p><span class=\"dictionary\"><\/span>The<span class=\"dictionary\"><\/span> <span class=\"dictionary\"><\/span>Department<span class=\"dictionary\"><\/span> <span class=\"dictionary\"><\/span>has<span class=\"dictionary\"><\/span> <span class=\"dictionary\"><\/span>charge<span class=\"dictionary\"><\/span> <span class=\"dictionary\"><\/span>of<span class=\"dictionary\"><\/span> <span class=\"dictionary\"><\/span>the<span class=\"dictionary\"><\/span> <span class=\"dictionary\"><\/span>lighting<span class=\"dictionary\"><\/span> <span class=\"dictionary\"><\/span>of<span class=\"dictionary\"><\/span> <span class=\"dictionary\"><\/span>the<span class=\"dictionary\"><\/span> <span class=\"dictionary\"><\/span>City<span class=\"dictionary\"><\/span>.<\/p>\n<p> (<span class=\"dictionary\"><\/span>d<span class=\"dictionary\"><\/span>)  <span class=\"dictionary\"><\/span>Conduit<span class=\"dictionary\"><\/span> <span class=\"dictionary\"><\/span>system<span class=\"dictionary\"><\/span>.<\/p>\n<p><span class=\"dictionary\"><\/span>The<span class=\"dictionary\"><\/span> <span class=\"dictionary\"><\/span>Department<span class=\"dictionary\"><\/span> <span class=\"dictionary\"><\/span>may<span class=\"dictionary\"><\/span> <span class=\"dictionary\"><\/span>exercise<span class=\"dictionary\"><\/span> <span class=\"dictionary\"><\/span>all<span class=\"dictionary\"><\/span> <span class=\"dictionary\"><\/span>the<span class=\"dictionary\"><\/span> <span class=\"dictionary\"><\/span>powers<span class=\"dictionary\"><\/span> <span class=\"dictionary\"><\/span>and<span class=\"dictionary\"><\/span> <span class=\"dictionary\"><\/span>shall<span class=\"dictionary\"><\/span> <span class=\"dictionary\"><\/span>perform<span class=\"dictionary\"><\/span> <span class=\"dictionary\"><\/span>all<span class=\"dictionary\"><\/span> <span class=\"dictionary\"><\/span>the<span class=\"dictionary\"><\/span> <span class=\"dictionary\"><\/span>duties<span class=\"dictionary\"><\/span> <span class=\"dictionary\"><\/span>relating<span class=\"dictionary\"><\/span> <span class=\"dictionary\"><\/span>to<span class=\"dictionary\"><\/span> <span class=\"dictionary\"><\/span>the<span class=\"dictionary\"><\/span><br \/>\n<span class=\"dictionary\"><\/span>conduit<span class=\"dictionary\"><\/span> <span class=\"dictionary\"><\/span>system<span class=\"dictionary\"><\/span>, <span class=\"dictionary\"><\/span>and<span class=\"dictionary\"><\/span> <span class=\"dictionary\"><\/span>has<span class=\"dictionary\"><\/span> <span class=\"dictionary\"><\/span>charge<span class=\"dictionary\"><\/span> <span class=\"dictionary\"><\/span>of<span class=\"dictionary\"><\/span> <span class=\"dictionary\"><\/span>all<span class=\"dictionary\"><\/span> <span class=\"dictionary\"><\/span>property<span class=\"dictionary\"><\/span> <span class=\"dictionary\"><\/span>and<span class=\"dictionary\"><\/span> <span class=\"dictionary\"><\/span>equipment<span class=\"dictionary\"><\/span> <span class=\"dictionary\"><\/span>pertaining<span class=\"dictionary\"><\/span> <span class=\"dictionary\"><\/span>to<span class=\"dictionary\"><\/span> <span class=\"dictionary\"><\/span>that<span class=\"dictionary\"><\/span> <span class=\"dictionary\"><\/span>system<span class=\"dictionary\"><\/span>.<\/p>\n<p> (<span class=\"dictionary\"><\/span>e<span class=\"dictionary\"><\/span>)  <span class=\"dictionary\"><\/span>Additional<span class=\"dictionary\"><\/span> <span class=\"dictionary\"><\/span>powers<span class=\"dictionary\"><\/span> <span class=\"dictionary\"><\/span>and<span class=\"dictionary\"><\/span> <span class=\"dictionary\"><\/span>duties<span class=\"dictionary\"><\/span>.<\/p>\n<p><span class=\"dictionary\"><\/span>The<span class=\"dictionary\"><\/span> <span class=\"dictionary\"><\/span>Department<span class=\"dictionary\"><\/span> <span class=\"dictionary\"><\/span>has<span class=\"dictionary\"><\/span> <span class=\"dictionary\"><\/span>the<span class=\"dictionary\"><\/span> <span class=\"dictionary\"><\/span>additional<span class=\"dictionary\"><\/span> <span class=\"dictionary\"><\/span>powers<span class=\"dictionary\"><\/span> <span class=\"dictionary\"><\/span>and<span class=\"dictionary\"><\/span> <span class=\"dictionary\"><\/span>duties<span class=\"dictionary\"><\/span> <span class=\"dictionary\"><\/span>relating<span class=\"dictionary\"><\/span> <span class=\"dictionary\"><\/span>to<span class=\"dictionary\"><\/span> <span class=\"dictionary\"><\/span>the<span class=\"dictionary\"><\/span> <span class=\"dictionary\"><\/span>construction<span class=\"dictionary\"><\/span>, <span class=\"dictionary\"><\/span>reconstruction<span class=\"dictionary\"><\/span>,<br \/>\n<span class=\"dictionary\"><\/span>and<span class=\"dictionary\"><\/span> <span class=\"dictionary\"><\/span>maintenance<span class=\"dictionary\"><\/span> <span class=\"dictionary\"><\/span>of<span class=\"dictionary\"><\/span> <span class=\"dictionary\"><\/span>streets<span class=\"dictionary\"><\/span>, <span class=\"dictionary\"><\/span>to<span class=\"dictionary\"><\/span> <span class=\"dictionary\"><\/span>transportation<span class=\"dictionary\"><\/span>, <span class=\"dictionary\"><\/span>and<span class=\"dictionary\"><\/span> <span class=\"dictionary\"><\/span>to<span class=\"dictionary\"><\/span> <span class=\"dictionary\"><\/span>traffic<span class=\"dictionary\"><\/span>, <span class=\"dictionary\"><\/span>including<span class=\"dictionary\"><\/span> <span class=\"dictionary\"><\/span>powers<span class=\"dictionary\"><\/span> <span class=\"dictionary\"><\/span>and<span class=\"dictionary\"><\/span> <span class=\"dictionary\"><\/span>duties<span class=\"dictionary\"><\/span><br \/>\n<span class=\"dictionary\"><\/span>transferred<span class=\"dictionary\"><\/span> <span class=\"dictionary\"><\/span>from<span class=\"dictionary\"><\/span> <span class=\"dictionary\"><\/span>other<span class=\"dictionary\"><\/span> <span class=\"dictionary\"><\/span>municipal<span class=\"dictionary\"><\/span> <span class=\"dictionary\"><\/span>agencies<span class=\"dictionary\"><\/span>, <span class=\"dictionary\"><\/span>as<span class=\"dictionary\"><\/span> <span class=\"dictionary\"><\/span>are<span class=\"dictionary\"><\/span> <span class=\"dictionary\"><\/span>prescribed<span class=\"dictionary\"><\/span> <span class=\"dictionary\"><\/span>by<span class=\"dictionary\"><\/span> <span class=\"dictionary\"><\/span>law<span class=\"dictionary\"><\/span>.<br \/>\n(<span class=\"dictionary\"><\/span>Res<span class=\"dictionary\"><\/span>. <span class=\"dictionary\"><\/span>04<span class=\"dictionary\"><\/span>-<span class=\"dictionary\"><\/span>056<span class=\"dictionary\"><\/span>, <span class=\"dictionary\"><\/span>ratified<span class=\"dictionary\"><\/span> <span class=\"dictionary\"><\/span>November<span class=\"dictionary\"><\/span> <span class=\"dictionary\"><\/span>2<span class=\"dictionary\"><\/span>, <span class=\"dictionary\"><\/span>2004<span class=\"dictionary\"><\/span>.)<\/p>\n<\/p><\/section>","plain_text":"                              BALTIMORE CITY CHARTER\n\nPOWERS AND DUTIES OF DEPARTMENT. (\u00a7 VIII-116)\n\n(a)  In general.\nNotwithstanding anything to the contrary in this Charter, the Department has the\nfollowing\npowers and duties.\n (b)  Street construction and maintenance.\n  (1)The Department has charge of constructing and maintaining the streets of\nthe City. \n  (2)The Department shall prepare the plans and perform the work required by\nOrdinances that\nopen, extend, widen, straighten, close, or grade any street in the City. \nHowever, the\nDepartment of General Services shall prepare all Ordinances for the opening and\nclosing of\nstreets, attend the hearings on the Ordinances, and perform all administrative\nfunctions\nrelated to these Ordinances.\n  (3)Before paving or repaving a street, the Director of Transportation shall\ngive notice in one or\nmore daily City newspapers that, not less than 90 days from the first\npublication date, the\nDepartment will proceed with the paving or repaving and warning all persons to\nobtain\npermits for and to complete before that day all work that might involve the\ndigging up of the\nstreet.\n  (4)The Director shall send a copy of this notice to all persons who the\nDirector has reason to\nbelieve would be interested in receiving it, but failure to send the notice does\nnot affect the\nvalidity of any action taken by the Mayor and the Director t pave or repave a\nstreet.\n  (5)No pavement laid after the publication of the notice may be dug up by any\nperson without a\npermit issued by the Director of General Services.  The Director of General\nServices has\ndiscretion to issue or withhold this permit, and may attach appropriate\nconditions and charges\nto the permit.\n  (6)Whenever an assessment or charge is to be made against a property for\npaving a street, alley,\nor sidewalk, the Department after giving the owner of the property involved due\nnotice and\nan opportunity to be heard, shall fix the amount of the assessment or charge.\n (Res. 08-003, ratified November 4, 2008.)\n (c)  Lighting.\nThe Department has charge of the lighting of the City.\n (d)  Conduit system.\nThe Department may exercise all the powers and shall perform all the duties\nrelating to the\nconduit system, and has charge of all property and equipment pertaining to that\nsystem.\n (e)  Additional powers and duties.\nThe Department has the additional powers and duties relating to the\nconstruction, reconstruction,\nand maintenance of streets, to transportation, and to traffic, including powers\nand duties\ntransferred from other municipal agencies, as are prescribed by law.\n(Res. 04-056, ratified November 2, 2004.)\n","previous_section":{"id":"258","structure_id":"26","section_number":"VIII-115","catch_line":"Director of Transportation.","url":"http:\/\/charter.baltimorecode\/VIII-115\/","api_url":"http:\/\/charter.baltimorecode\/api\/law\/VIII-115\/"},"text":{"0":{"id":"259","text":"(a)  In general.\nNotwithstanding anything to the contrary in this Charter, the Department has the following\npowers and duties.\n (b)  Street construction and maintenance.\n  (1)The Department has charge of constructing and maintaining the streets of the City. \n  (2)The Department shall prepare the plans and perform the work required by Ordinances that\nopen, extend, widen, straighten, close, or grade any street in the City.  However, the\nDepartment of General Services shall prepare all Ordinances for the opening and closing of\nstreets, attend the hearings on the Ordinances, and perform all administrative functions\nrelated to these Ordinances.\n  (3)Before paving or repaving a street, the Director of Transportation shall give notice in one or\nmore daily City newspapers that, not less than 90 days from the first publication date, the\nDepartment will proceed with the paving or repaving and warning all persons to obtain\npermits for and to complete before that day all work that might involve the digging up of the\nstreet.\n  (4)The Director shall send a copy of this notice to all persons who the Director has reason to\nbelieve would be interested in receiving it, but failure to send the notice does not affect the\nvalidity of any action taken by the Mayor and the Director t pave or repave a street.\n  (5)No pavement laid after the publication of the notice may be dug up by any person without a\npermit issued by the Director of General Services.  The Director of General Services has\ndiscretion to issue or withhold this permit, and may attach appropriate conditions and charges\nto the permit.\n  (6)Whenever an assessment or charge is to be made against a property for paving a street, alley,\nor sidewalk, the Department after giving the owner of the property involved due notice and\nan opportunity to be heard, shall fix the amount of the assessment or charge.\n (Res. 08-003, ratified November 4, 2008.)\n (c)  Lighting.\nThe Department has charge of the lighting of the City.\n (d)  Conduit system.\nThe Department may exercise all the powers and shall perform all the duties relating to the\nconduit system, and has charge of all property and equipment pertaining to that system.\n (e)  Additional powers and duties.\nThe Department has the additional powers and duties relating to the construction, reconstruction,\nand maintenance of streets, to transportation, and to traffic, including powers and duties\ntransferred from other municipal agencies, as are prescribed by law.\n(Res. 04-056, ratified November 2, 2004.)\n","type":"section","prefixes":[""],"prefix":"","entire_prefix":"","prefix_anchor":"","level":1}}}