{"section_number":"VIII-3","section_id":"277","structure_id":"26","catch_line":"Duration.","history":"","full_text":" No franchise or right in relation to any street, either on, above or below the surface of the same, or\nfranchise or right with respect to any other public property, shall be granted by the City to any person\nfor a longer period than twenty-five years, but such grant may, at the option of the City, provide for\ngiving to the grantee the right (on fair revaluation, including in such revaluation the value derived\nfrom the said franchise or right) to renewals not exceeding in the aggregate twenty-five years.\n\nRegardless of the number of previous grants of a given franchise to its holder, or the number of years\nsuch holder may have held the same, the City may renew the same to him on the same or different\nterms from that theretofore granted, including an increase or decrease of the consideration or charge\ntherefor, provided always, no grant by the City of a franchise or right in, over or under any part of its\npublic property, whether an original grant or a renewal thereof, shall (save for a possible provision\nfor renewals in accordance with the first sentence of this section) create a term therefor or a right to\nobtain a renewal of said term extending more than twenty-five years from the date of the ordinance\ngranting or renewing the same, as the case may be.\n\nAny grant of a franchise may provide that upon the termination of the said franchise or right granted\nby the City, the plant, as well as the property of the grantee situated in, above or under the streets or\nother public property aforesaid with its appurtenances, shall thereupon be and become the property of\nthe City, without further or other compensation to the grantee; or such grant may provide that upon\nsuch determination, there shall be a fair valuation of the plant and property, which shall be and\nbecome the property of the City at its election, on paying the grantee said valuation.  If, by virtue of\nthe grant, the plant and property are to become the property of the City without money payment\ntherefor, the City shall have the option either to take and operate the said property on its own\naccount, or to renew the said grant for not exceeding twenty-five years on a revaluation or sell the\nsame to the highest bidder at public sale.  If the original grant shall prescribe that the City shall at its\nelection make payment for such plant and property, such payment shall be at a fair valuation of the\nsame as property, excluding any value derived from the franchise or right and if the City shall make\npayment for such plant and property, it may, in that event, operate the plant and property on its own\naccount for five years, after which it may determine either to continue such operation on its own\naccount or to lease the said plant and property and the said franchise or right to use the streets, or\nother public property in connection therewith, for limited periods, not to exceed twenty-five years\nfrom the date of the grant, under such rules and regulations as it may prescribe, or to sell the plant\nand property to the highest bidder at public sale.\n\nEvery grant of any such franchise or right shall make provision, by way of forfeiture or otherwise, for\nthe purpose of compelling compliance with the terms of the grant, and to secure efficiency of public\nservice at reasonable rates, and the maintenance of the property in good condition, throughout the\nfull term of the grant.  The grant shall also specify the mode of determining the valuations and\nrevaluations which may be provided for therein.\r\r","ancestry":{"1":{"id":"26","name":"Franchises","identifier":"VIII","label":"article","url":"http:\/\/charter.baltimorecode\/VIII\/"}},"structure_contents":{"0":{"id":"253","structure_id":"26","section_number":"VIII-1","catch_line":"Authority to grant.","url":"http:\/\/charter.baltimorecode\/VIII-1\/","api_url":"http:\/\/charter.baltimorecode\/api\/law\/VIII-1\/"},"1":{"id":"276","structure_id":"26","section_number":"VIII-2","catch_line":"Procedures; compensation; minor privileges.","url":"http:\/\/charter.baltimorecode\/VIII-2\/","api_url":"http:\/\/charter.baltimorecode\/api\/law\/VIII-2\/"},"2":{"id":"277","structure_id":"26","section_number":"VIII-3","catch_line":"Duration.","url":"http:\/\/charter.baltimorecode\/VIII-3\/","api_url":"http:\/\/charter.baltimorecode\/api\/law\/VIII-3\/"},"3":{"id":"278","structure_id":"26","section_number":"VIII-4","catch_line":"Street railways.","url":"http:\/\/charter.baltimorecode\/VIII-4\/","api_url":"http:\/\/charter.baltimorecode\/api\/law\/VIII-4\/"},"4":{"id":"279","structure_id":"26","section_number":"VIII-5","catch_line":"Trackless trolleys.","url":"http:\/\/charter.baltimorecode\/VIII-5\/","api_url":"http:\/\/charter.baltimorecode\/api\/law\/VIII-5\/"},"5":{"id":"280","structure_id":"26","section_number":"VIII-6","catch_line":"Advertising.","url":"http:\/\/charter.baltimorecode\/VIII-6\/","api_url":"http:\/\/charter.baltimorecode\/api\/law\/VIII-6\/"},"6":{"id":"281","structure_id":"26","section_number":"VIII-7","catch_line":"Reservation of rights.","url":"http:\/\/charter.baltimorecode\/VIII-7\/","api_url":"http:\/\/charter.baltimorecode\/api\/law\/VIII-7\/"},"7":{"id":"282","structure_id":"26","section_number":"VIII-8","catch_line":"Renewals.","url":"http:\/\/charter.baltimorecode\/VIII-8\/","api_url":"http:\/\/charter.baltimorecode\/api\/law\/VIII-8\/"},"8":{"id":"283","structure_id":"26","section_number":"VIII-9","catch_line":"Minor privileges.","url":"http:\/\/charter.baltimorecode\/VIII-9\/","api_url":"http:\/\/charter.baltimorecode\/api\/law\/VIII-9\/"},"9":{"id":"254","structure_id":"26","section_number":"VIII-111","catch_line":"Repealed by Res. 00-010, ratified November 2000.","url":"http:\/\/charter.baltimorecode\/VIII-111\/","api_url":"http:\/\/charter.baltimorecode\/api\/law\/VIII-111\/"},"10":{"id":"256","structure_id":"26","section_number":"VIII-111","catch_line":"Repealed by Res. 00-010, ratified November 2000.","url":"http:\/\/charter.baltimorecode\/VIII-111\/","api_url":"http:\/\/charter.baltimorecode\/api\/law\/VIII-111\/"},"11":{"id":"255","structure_id":"26","section_number":"VIII-111","catch_line":"Repealed by Res. 00-010, ratified November 2000.","url":"http:\/\/charter.baltimorecode\/VIII-111\/","api_url":"http:\/\/charter.baltimorecode\/api\/law\/VIII-111\/"},"12":{"id":"257","structure_id":"26","section_number":"VIII-114","catch_line":"Department established.","url":"http:\/\/charter.baltimorecode\/VIII-114\/","api_url":"http:\/\/charter.baltimorecode\/api\/law\/VIII-114\/"},"13":{"id":"258","structure_id":"26","section_number":"VIII-115","catch_line":"Director of Transportation.","url":"http:\/\/charter.baltimorecode\/VIII-115\/","api_url":"http:\/\/charter.baltimorecode\/api\/law\/VIII-115\/"},"14":{"id":"259","structure_id":"26","section_number":"VIII-116","catch_line":"Powers and duties of Department.","url":"http:\/\/charter.baltimorecode\/VIII-116\/","api_url":"http:\/\/charter.baltimorecode\/api\/law\/VIII-116\/"},"15":{"id":"260","structure_id":"26","section_number":"VIII-116A","catch_line":"Assessment of benefits and damages.","url":"http:\/\/charter.baltimorecode\/VIII-116A\/","api_url":"http:\/\/charter.baltimorecode\/api\/law\/VIII-116A\/"},"16":{"id":"261","structure_id":"26","section_number":"VIII-116B","catch_line":"Correcting physical obstruction.","url":"http:\/\/charter.baltimorecode\/VIII-116B\/","api_url":"http:\/\/charter.baltimorecode\/api\/law\/VIII-116B\/"},"17":{"id":"262","structure_id":"26","section_number":"VIII-117","catch_line":"Definitions.","url":"http:\/\/charter.baltimorecode\/VIII-117\/","api_url":"http:\/\/charter.baltimorecode\/api\/law\/VIII-117\/"},"18":{"id":"263","structure_id":"26","section_number":"VIII-118","catch_line":"Commission established.","url":"http:\/\/charter.baltimorecode\/VIII-118\/","api_url":"http:\/\/charter.baltimorecode\/api\/law\/VIII-118\/"},"19":{"id":"264","structure_id":"26","section_number":"VIII-119","catch_line":"Composition; qualifications; term.","url":"http:\/\/charter.baltimorecode\/VIII-119\/","api_url":"http:\/\/charter.baltimorecode\/api\/law\/VIII-119\/"},"20":{"id":"265","structure_id":"26","section_number":"VIII-120","catch_line":"Compensation; expenses.","url":"http:\/\/charter.baltimorecode\/VIII-120\/","api_url":"http:\/\/charter.baltimorecode\/api\/law\/VIII-120\/"},"21":{"id":"266","structure_id":"26","section_number":"VIII-121","catch_line":"Officers.","url":"http:\/\/charter.baltimorecode\/VIII-121\/","api_url":"http:\/\/charter.baltimorecode\/api\/law\/VIII-121\/"},"22":{"id":"267","structure_id":"26","section_number":"VIII-122","catch_line":"Meetings.","url":"http:\/\/charter.baltimorecode\/VIII-122\/","api_url":"http:\/\/charter.baltimorecode\/api\/law\/VIII-122\/"},"23":{"id":"268","structure_id":"26","section_number":"VIII-123","catch_line":"Commission recommendations.","url":"http:\/\/charter.baltimorecode\/VIII-123\/","api_url":"http:\/\/charter.baltimorecode\/api\/law\/VIII-123\/"},"24":{"id":"269","structure_id":"26","section_number":"VIII-124","catch_line":"Submission to Council.","url":"http:\/\/charter.baltimorecode\/VIII-124\/","api_url":"http:\/\/charter.baltimorecode\/api\/law\/VIII-124\/"},"25":{"id":"270","structure_id":"26","section_number":"VIII-125","catch_line":"Council action.","url":"http:\/\/charter.baltimorecode\/VIII-125\/","api_url":"http:\/\/charter.baltimorecode\/api\/law\/VIII-125\/"},"26":{"id":"271","structure_id":"26","section_number":"VIII-130","catch_line":"Department established.","url":"http:\/\/charter.baltimorecode\/VIII-130\/","api_url":"http:\/\/charter.baltimorecode\/api\/law\/VIII-130\/"},"27":{"id":"272","structure_id":"26","section_number":"VIII-131","catch_line":"Director of General Services.","url":"http:\/\/charter.baltimorecode\/VIII-131\/","api_url":"http:\/\/charter.baltimorecode\/api\/law\/VIII-131\/"},"28":{"id":"273","structure_id":"26","section_number":"VIII-132","catch_line":"Powers and duties of Department.","url":"http:\/\/charter.baltimorecode\/VIII-132\/","api_url":"http:\/\/charter.baltimorecode\/api\/law\/VIII-132\/"},"29":{"id":"274","structure_id":"26","section_number":"VIII-133","catch_line":"Streets.","url":"http:\/\/charter.baltimorecode\/VIII-133\/","api_url":"http:\/\/charter.baltimorecode\/api\/law\/VIII-133\/"},"30":{"id":"275","structure_id":"26","section_number":"VIII-134","catch_line":"Correcting physical obstruction.","url":"http:\/\/charter.baltimorecode\/VIII-134\/","api_url":"http:\/\/charter.baltimorecode\/api\/law\/VIII-134\/"}},"next_section":{"id":"278","structure_id":"26","section_number":"VIII-4","catch_line":"Street railways.","url":"http:\/\/charter.baltimorecode\/VIII-4\/","api_url":"http:\/\/charter.baltimorecode\/api\/law\/VIII-4\/"},"references":false,"url":"http:\/\/charter.baltimorecode\/VIII-3\/","dublin_core":{"Title":"Duration.","Type":"Text","Format":"text\/html","Identifier":"\u00a7 VIII-3","Relation":"Baltimore City Charter"},"html":"\n\t\t\t\t\t<section><p><p><span class=\"dictionary\"><\/span>No<span class=\"dictionary\"><\/span> <span class=\"dictionary\"><\/span>franchise<span class=\"dictionary\"><\/span> <span class=\"dictionary\"><\/span>or<span class=\"dictionary\"><\/span> <span class=\"dictionary\"><\/span>right<span class=\"dictionary\"><\/span> <span class=\"dictionary\"><\/span>in<span class=\"dictionary\"><\/span> <span class=\"dictionary\"><\/span>relation<span class=\"dictionary\"><\/span> <span class=\"dictionary\"><\/span>to<span class=\"dictionary\"><\/span> <span class=\"dictionary\"><\/span>any<span class=\"dictionary\"><\/span> <span class=\"dictionary\"><\/span>street<span class=\"dictionary\"><\/span>, <span class=\"dictionary\"><\/span>either<span class=\"dictionary\"><\/span> <span class=\"dictionary\"><\/span>on<span class=\"dictionary\"><\/span>, <span class=\"dictionary\"><\/span>above<span class=\"dictionary\"><\/span> <span class=\"dictionary\"><\/span>or<span class=\"dictionary\"><\/span> <span class=\"dictionary\"><\/span>below<span class=\"dictionary\"><\/span> <span class=\"dictionary\"><\/span>the<span class=\"dictionary\"><\/span> <span class=\"dictionary\"><\/span>surface<span class=\"dictionary\"><\/span> <span class=\"dictionary\"><\/span>of<span class=\"dictionary\"><\/span> <span class=\"dictionary\"><\/span>the<span class=\"dictionary\"><\/span> <span class=\"dictionary\"><\/span>same<span class=\"dictionary\"><\/span>, <span class=\"dictionary\"><\/span>or<span class=\"dictionary\"><\/span><br \/>\n<span class=\"dictionary\"><\/span>franchise<span class=\"dictionary\"><\/span> <span class=\"dictionary\"><\/span>or<span class=\"dictionary\"><\/span> <span class=\"dictionary\"><\/span>right<span class=\"dictionary\"><\/span> <span class=\"dictionary\"><\/span>with<span class=\"dictionary\"><\/span> <span class=\"dictionary\"><\/span>respect<span class=\"dictionary\"><\/span> <span class=\"dictionary\"><\/span>to<span class=\"dictionary\"><\/span> <span class=\"dictionary\"><\/span>any<span class=\"dictionary\"><\/span> <span class=\"dictionary\"><\/span>other<span class=\"dictionary\"><\/span> <span class=\"dictionary\"><\/span>public<span class=\"dictionary\"><\/span> <span class=\"dictionary\"><\/span>property<span class=\"dictionary\"><\/span>, <span class=\"dictionary\"><\/span>shall<span class=\"dictionary\"><\/span> <span class=\"dictionary\"><\/span>be<span class=\"dictionary\"><\/span> <span class=\"dictionary\"><\/span>granted<span class=\"dictionary\"><\/span> <span class=\"dictionary\"><\/span>by<span class=\"dictionary\"><\/span> <span class=\"dictionary\"><\/span>the<span class=\"dictionary\"><\/span> <span class=\"dictionary\"><\/span>City<span class=\"dictionary\"><\/span> <span class=\"dictionary\"><\/span>to<span class=\"dictionary\"><\/span> <span class=\"dictionary\"><\/span>any<span class=\"dictionary\"><\/span> <span class=\"dictionary\"><\/span>person<span class=\"dictionary\"><\/span><br \/>\n<span class=\"dictionary\"><\/span>for<span class=\"dictionary\"><\/span> <span class=\"dictionary\"><\/span>a<span class=\"dictionary\"><\/span> <span class=\"dictionary\"><\/span>longer<span class=\"dictionary\"><\/span> <span class=\"dictionary\"><\/span>period<span class=\"dictionary\"><\/span> <span class=\"dictionary\"><\/span>than<span class=\"dictionary\"><\/span> <span class=\"dictionary\"><\/span>twenty<span class=\"dictionary\"><\/span>-<span class=\"dictionary\"><\/span>five<span class=\"dictionary\"><\/span> <span class=\"dictionary\"><\/span>years<span class=\"dictionary\"><\/span>, <span class=\"dictionary\"><\/span>but<span class=\"dictionary\"><\/span> <span class=\"dictionary\"><\/span>such<span class=\"dictionary\"><\/span> <span class=\"dictionary\"><\/span>grant<span class=\"dictionary\"><\/span> <span class=\"dictionary\"><\/span>may<span class=\"dictionary\"><\/span>, <span class=\"dictionary\"><\/span>at<span class=\"dictionary\"><\/span> <span class=\"dictionary\"><\/span>the<span class=\"dictionary\"><\/span> <span class=\"dictionary\"><\/span>option<span class=\"dictionary\"><\/span> <span class=\"dictionary\"><\/span>of<span class=\"dictionary\"><\/span> <span class=\"dictionary\"><\/span>the<span class=\"dictionary\"><\/span> <span class=\"dictionary\"><\/span>City<span class=\"dictionary\"><\/span>, <span class=\"dictionary\"><\/span>provide<span class=\"dictionary\"><\/span> <span class=\"dictionary\"><\/span>for<span class=\"dictionary\"><\/span><br \/>\n<span class=\"dictionary\"><\/span>giving<span class=\"dictionary\"><\/span> <span class=\"dictionary\"><\/span>to<span class=\"dictionary\"><\/span> <span class=\"dictionary\"><\/span>the<span class=\"dictionary\"><\/span> <span class=\"dictionary\"><\/span>grantee<span class=\"dictionary\"><\/span> <span class=\"dictionary\"><\/span>the<span class=\"dictionary\"><\/span> <span class=\"dictionary\"><\/span>right<span class=\"dictionary\"><\/span> (<span class=\"dictionary\"><\/span>on<span class=\"dictionary\"><\/span> <span class=\"dictionary\"><\/span>fair<span class=\"dictionary\"><\/span> <span class=\"dictionary\"><\/span>revaluation<span class=\"dictionary\"><\/span>, <span class=\"dictionary\"><\/span>including<span class=\"dictionary\"><\/span> <span class=\"dictionary\"><\/span>in<span class=\"dictionary\"><\/span> <span class=\"dictionary\"><\/span>such<span class=\"dictionary\"><\/span> <span class=\"dictionary\"><\/span>revaluation<span class=\"dictionary\"><\/span> <span class=\"dictionary\"><\/span>the<span class=\"dictionary\"><\/span> <span class=\"dictionary\"><\/span>value<span class=\"dictionary\"><\/span> <span class=\"dictionary\"><\/span>derived<span class=\"dictionary\"><\/span><br \/>\n<span class=\"dictionary\"><\/span>from<span class=\"dictionary\"><\/span> <span class=\"dictionary\"><\/span>the<span class=\"dictionary\"><\/span> <span class=\"dictionary\"><\/span>said<span class=\"dictionary\"><\/span> <span class=\"dictionary\"><\/span>franchise<span class=\"dictionary\"><\/span> <span class=\"dictionary\"><\/span>or<span class=\"dictionary\"><\/span> <span class=\"dictionary\"><\/span>right<span class=\"dictionary\"><\/span>) <span class=\"dictionary\"><\/span>to<span class=\"dictionary\"><\/span> <span class=\"dictionary\"><\/span>renewals<span class=\"dictionary\"><\/span> <span class=\"dictionary\"><\/span>not<span class=\"dictionary\"><\/span> <span class=\"dictionary\"><\/span>exceeding<span class=\"dictionary\"><\/span> <span class=\"dictionary\"><\/span>in<span class=\"dictionary\"><\/span> <span class=\"dictionary\"><\/span>the<span class=\"dictionary\"><\/span> <span class=\"dictionary\"><\/span>aggregate<span class=\"dictionary\"><\/span> <span class=\"dictionary\"><\/span>twenty<span class=\"dictionary\"><\/span>-<span class=\"dictionary\"><\/span>five<span class=\"dictionary\"><\/span> <span class=\"dictionary\"><\/span>years<span class=\"dictionary\"><\/span>.<\/p>\n<p><span class=\"dictionary\"><\/span>Regardless<span class=\"dictionary\"><\/span> <span class=\"dictionary\"><\/span>of<span class=\"dictionary\"><\/span> <span class=\"dictionary\"><\/span>the<span class=\"dictionary\"><\/span> <span class=\"dictionary\"><\/span>number<span class=\"dictionary\"><\/span> <span class=\"dictionary\"><\/span>of<span class=\"dictionary\"><\/span> <span class=\"dictionary\"><\/span>previous<span class=\"dictionary\"><\/span> <span class=\"dictionary\"><\/span>grants<span class=\"dictionary\"><\/span> <span class=\"dictionary\"><\/span>of<span class=\"dictionary\"><\/span> <span class=\"dictionary\"><\/span>a<span class=\"dictionary\"><\/span> <span class=\"dictionary\"><\/span>given<span class=\"dictionary\"><\/span> <span class=\"dictionary\"><\/span>franchise<span class=\"dictionary\"><\/span> <span class=\"dictionary\"><\/span>to<span class=\"dictionary\"><\/span> <span class=\"dictionary\"><\/span>its<span class=\"dictionary\"><\/span> <span class=\"dictionary\"><\/span>holder<span class=\"dictionary\"><\/span>, <span class=\"dictionary\"><\/span>or<span class=\"dictionary\"><\/span> <span class=\"dictionary\"><\/span>the<span class=\"dictionary\"><\/span> <span class=\"dictionary\"><\/span>number<span class=\"dictionary\"><\/span> <span class=\"dictionary\"><\/span>of<span class=\"dictionary\"><\/span> <span class=\"dictionary\"><\/span>years<span class=\"dictionary\"><\/span><br \/>\n<span class=\"dictionary\"><\/span>such<span class=\"dictionary\"><\/span> <span class=\"dictionary\"><\/span>holder<span class=\"dictionary\"><\/span> <span class=\"dictionary\"><\/span>may<span class=\"dictionary\"><\/span> <span class=\"dictionary\"><\/span>have<span class=\"dictionary\"><\/span> <span class=\"dictionary\"><\/span>held<span class=\"dictionary\"><\/span> <span class=\"dictionary\"><\/span>the<span class=\"dictionary\"><\/span> <span class=\"dictionary\"><\/span>same<span class=\"dictionary\"><\/span>, <span class=\"dictionary\"><\/span>the<span class=\"dictionary\"><\/span> <span class=\"dictionary\"><\/span>City<span class=\"dictionary\"><\/span> <span class=\"dictionary\"><\/span>may<span class=\"dictionary\"><\/span> <span class=\"dictionary\"><\/span>renew<span class=\"dictionary\"><\/span> <span class=\"dictionary\"><\/span>the<span class=\"dictionary\"><\/span> <span class=\"dictionary\"><\/span>same<span class=\"dictionary\"><\/span> <span class=\"dictionary\"><\/span>to<span class=\"dictionary\"><\/span> <span class=\"dictionary\"><\/span>him<span class=\"dictionary\"><\/span> <span class=\"dictionary\"><\/span>on<span class=\"dictionary\"><\/span> <span class=\"dictionary\"><\/span>the<span class=\"dictionary\"><\/span> <span class=\"dictionary\"><\/span>same<span class=\"dictionary\"><\/span> <span class=\"dictionary\"><\/span>or<span class=\"dictionary\"><\/span> <span class=\"dictionary\"><\/span>different<span class=\"dictionary\"><\/span><br \/>\n<span class=\"dictionary\"><\/span>terms<span class=\"dictionary\"><\/span> <span class=\"dictionary\"><\/span>from<span class=\"dictionary\"><\/span> <span class=\"dictionary\"><\/span>that<span class=\"dictionary\"><\/span> <span class=\"dictionary\"><\/span>theretofore<span class=\"dictionary\"><\/span> <span class=\"dictionary\"><\/span>granted<span class=\"dictionary\"><\/span>, <span class=\"dictionary\"><\/span>including<span class=\"dictionary\"><\/span> <span class=\"dictionary\"><\/span>an<span class=\"dictionary\"><\/span> <span class=\"dictionary\"><\/span>increase<span class=\"dictionary\"><\/span> <span class=\"dictionary\"><\/span>or<span class=\"dictionary\"><\/span> <span class=\"dictionary\"><\/span>decrease<span class=\"dictionary\"><\/span> <span class=\"dictionary\"><\/span>of<span class=\"dictionary\"><\/span> <span class=\"dictionary\"><\/span>the<span class=\"dictionary\"><\/span> <span class=\"dictionary\"><\/span>consideration<span class=\"dictionary\"><\/span> <span class=\"dictionary\"><\/span>or<span class=\"dictionary\"><\/span> <span class=\"dictionary\"><\/span>charge<span class=\"dictionary\"><\/span><br \/>\n<span class=\"dictionary\"><\/span>therefor<span class=\"dictionary\"><\/span>, <span class=\"dictionary\"><\/span>provided<span class=\"dictionary\"><\/span> <span class=\"dictionary\"><\/span>always<span class=\"dictionary\"><\/span>, <span class=\"dictionary\"><\/span>no<span class=\"dictionary\"><\/span> <span class=\"dictionary\"><\/span>grant<span class=\"dictionary\"><\/span> <span class=\"dictionary\"><\/span>by<span class=\"dictionary\"><\/span> <span class=\"dictionary\"><\/span>the<span class=\"dictionary\"><\/span> <span class=\"dictionary\"><\/span>City<span class=\"dictionary\"><\/span> <span class=\"dictionary\"><\/span>of<span class=\"dictionary\"><\/span> <span class=\"dictionary\"><\/span>a<span class=\"dictionary\"><\/span> <span class=\"dictionary\"><\/span>franchise<span class=\"dictionary\"><\/span> <span class=\"dictionary\"><\/span>or<span class=\"dictionary\"><\/span> <span class=\"dictionary\"><\/span>right<span class=\"dictionary\"><\/span> <span class=\"dictionary\"><\/span>in<span class=\"dictionary\"><\/span>, <span class=\"dictionary\"><\/span>over<span class=\"dictionary\"><\/span> <span class=\"dictionary\"><\/span>or<span class=\"dictionary\"><\/span> <span class=\"dictionary\"><\/span>under<span class=\"dictionary\"><\/span> <span class=\"dictionary\"><\/span>any<span class=\"dictionary\"><\/span> <span class=\"dictionary\"><\/span>part<span class=\"dictionary\"><\/span> <span class=\"dictionary\"><\/span>of<span class=\"dictionary\"><\/span> <span class=\"dictionary\"><\/span>its<span class=\"dictionary\"><\/span><br \/>\n<span class=\"dictionary\"><\/span>public<span class=\"dictionary\"><\/span> <span class=\"dictionary\"><\/span>property<span class=\"dictionary\"><\/span>, <span class=\"dictionary\"><\/span>whether<span class=\"dictionary\"><\/span> <span class=\"dictionary\"><\/span>an<span class=\"dictionary\"><\/span> <span class=\"dictionary\"><\/span>original<span class=\"dictionary\"><\/span> <span class=\"dictionary\"><\/span>grant<span class=\"dictionary\"><\/span> <span class=\"dictionary\"><\/span>or<span class=\"dictionary\"><\/span> <span class=\"dictionary\"><\/span>a<span class=\"dictionary\"><\/span> <span class=\"dictionary\"><\/span>renewal<span class=\"dictionary\"><\/span> <span class=\"dictionary\"><\/span>thereof<span class=\"dictionary\"><\/span>, <span class=\"dictionary\"><\/span>shall<span class=\"dictionary\"><\/span> (<span class=\"dictionary\"><\/span>save<span class=\"dictionary\"><\/span> <span class=\"dictionary\"><\/span>for<span class=\"dictionary\"><\/span> <span class=\"dictionary\"><\/span>a<span class=\"dictionary\"><\/span> <span class=\"dictionary\"><\/span>possible<span class=\"dictionary\"><\/span> <span class=\"dictionary\"><\/span>provision<span class=\"dictionary\"><\/span><br \/>\n<span class=\"dictionary\"><\/span>for<span class=\"dictionary\"><\/span> <span class=\"dictionary\"><\/span>renewals<span class=\"dictionary\"><\/span> <span class=\"dictionary\"><\/span>in<span class=\"dictionary\"><\/span> <span class=\"dictionary\"><\/span>accordance<span class=\"dictionary\"><\/span> <span class=\"dictionary\"><\/span>with<span class=\"dictionary\"><\/span> <span class=\"dictionary\"><\/span>the<span class=\"dictionary\"><\/span> <span class=\"dictionary\"><\/span>first<span class=\"dictionary\"><\/span> <span class=\"dictionary\"><\/span>sentence<span class=\"dictionary\"><\/span> <span class=\"dictionary\"><\/span>of<span class=\"dictionary\"><\/span> <span class=\"dictionary\"><\/span>this<span class=\"dictionary\"><\/span> <span class=\"dictionary\"><\/span>section<span class=\"dictionary\"><\/span>) <span class=\"dictionary\"><\/span>create<span class=\"dictionary\"><\/span> <span class=\"dictionary\"><\/span>a<span class=\"dictionary\"><\/span> <span class=\"dictionary\"><\/span>term<span class=\"dictionary\"><\/span> <span class=\"dictionary\"><\/span>therefor<span class=\"dictionary\"><\/span> <span class=\"dictionary\"><\/span>or<span class=\"dictionary\"><\/span> <span class=\"dictionary\"><\/span>a<span class=\"dictionary\"><\/span> <span class=\"dictionary\"><\/span>right<span class=\"dictionary\"><\/span> <span class=\"dictionary\"><\/span>to<span class=\"dictionary\"><\/span><br \/>\n<span class=\"dictionary\"><\/span>obtain<span class=\"dictionary\"><\/span> <span class=\"dictionary\"><\/span>a<span class=\"dictionary\"><\/span> <span class=\"dictionary\"><\/span>renewal<span class=\"dictionary\"><\/span> <span class=\"dictionary\"><\/span>of<span class=\"dictionary\"><\/span> <span class=\"dictionary\"><\/span>said<span class=\"dictionary\"><\/span> <span class=\"dictionary\"><\/span>term<span class=\"dictionary\"><\/span> <span class=\"dictionary\"><\/span>extending<span class=\"dictionary\"><\/span> <span class=\"dictionary\"><\/span>more<span class=\"dictionary\"><\/span> <span class=\"dictionary\"><\/span>than<span class=\"dictionary\"><\/span> <span class=\"dictionary\"><\/span>twenty<span class=\"dictionary\"><\/span>-<span class=\"dictionary\"><\/span>five<span class=\"dictionary\"><\/span> <span class=\"dictionary\"><\/span>years<span class=\"dictionary\"><\/span> <span class=\"dictionary\"><\/span>from<span class=\"dictionary\"><\/span> <span class=\"dictionary\"><\/span>the<span class=\"dictionary\"><\/span> <span class=\"dictionary\"><\/span>date<span class=\"dictionary\"><\/span> <span class=\"dictionary\"><\/span>of<span class=\"dictionary\"><\/span> <span class=\"dictionary\"><\/span>the<span class=\"dictionary\"><\/span> <span class=\"dictionary\"><\/span>ordinance<span class=\"dictionary\"><\/span><br \/>\n<span class=\"dictionary\"><\/span>granting<span class=\"dictionary\"><\/span> <span class=\"dictionary\"><\/span>or<span class=\"dictionary\"><\/span> <span class=\"dictionary\"><\/span>renewing<span class=\"dictionary\"><\/span> <span class=\"dictionary\"><\/span>the<span class=\"dictionary\"><\/span> <span class=\"dictionary\"><\/span>same<span class=\"dictionary\"><\/span>, <span class=\"dictionary\"><\/span>as<span class=\"dictionary\"><\/span> <span class=\"dictionary\"><\/span>the<span class=\"dictionary\"><\/span> <span class=\"dictionary\"><\/span>case<span class=\"dictionary\"><\/span> <span class=\"dictionary\"><\/span>may<span class=\"dictionary\"><\/span> <span class=\"dictionary\"><\/span>be<span class=\"dictionary\"><\/span>.<\/p>\n<p><span class=\"dictionary\"><\/span>Any<span class=\"dictionary\"><\/span> <span class=\"dictionary\"><\/span>grant<span class=\"dictionary\"><\/span> <span class=\"dictionary\"><\/span>of<span class=\"dictionary\"><\/span> <span class=\"dictionary\"><\/span>a<span class=\"dictionary\"><\/span> <span class=\"dictionary\"><\/span>franchise<span class=\"dictionary\"><\/span> <span class=\"dictionary\"><\/span>may<span class=\"dictionary\"><\/span> <span class=\"dictionary\"><\/span>provide<span class=\"dictionary\"><\/span> <span class=\"dictionary\"><\/span>that<span class=\"dictionary\"><\/span> <span class=\"dictionary\"><\/span>upon<span class=\"dictionary\"><\/span> <span class=\"dictionary\"><\/span>the<span class=\"dictionary\"><\/span> <span class=\"dictionary\"><\/span>termination<span class=\"dictionary\"><\/span> <span class=\"dictionary\"><\/span>of<span class=\"dictionary\"><\/span> <span class=\"dictionary\"><\/span>the<span class=\"dictionary\"><\/span> <span class=\"dictionary\"><\/span>said<span class=\"dictionary\"><\/span> <span class=\"dictionary\"><\/span>franchise<span class=\"dictionary\"><\/span> <span class=\"dictionary\"><\/span>or<span class=\"dictionary\"><\/span> <span class=\"dictionary\"><\/span>right<span class=\"dictionary\"><\/span> <span class=\"dictionary\"><\/span>granted<span class=\"dictionary\"><\/span><br \/>\n<span class=\"dictionary\"><\/span>by<span class=\"dictionary\"><\/span> <span class=\"dictionary\"><\/span>the<span class=\"dictionary\"><\/span> <span class=\"dictionary\"><\/span>City<span class=\"dictionary\"><\/span>, <span class=\"dictionary\"><\/span>the<span class=\"dictionary\"><\/span> <span class=\"dictionary\"><\/span>plant<span class=\"dictionary\"><\/span>, <span class=\"dictionary\"><\/span>as<span class=\"dictionary\"><\/span> <span class=\"dictionary\"><\/span>well<span class=\"dictionary\"><\/span> <span class=\"dictionary\"><\/span>as<span class=\"dictionary\"><\/span> <span class=\"dictionary\"><\/span>the<span class=\"dictionary\"><\/span> <span class=\"dictionary\"><\/span>property<span class=\"dictionary\"><\/span> <span class=\"dictionary\"><\/span>of<span class=\"dictionary\"><\/span> <span class=\"dictionary\"><\/span>the<span class=\"dictionary\"><\/span> <span class=\"dictionary\"><\/span>grantee<span class=\"dictionary\"><\/span> <span class=\"dictionary\"><\/span>situated<span class=\"dictionary\"><\/span> <span class=\"dictionary\"><\/span>in<span class=\"dictionary\"><\/span>, <span class=\"dictionary\"><\/span>above<span class=\"dictionary\"><\/span> <span class=\"dictionary\"><\/span>or<span class=\"dictionary\"><\/span> <span class=\"dictionary\"><\/span>under<span class=\"dictionary\"><\/span> <span class=\"dictionary\"><\/span>the<span class=\"dictionary\"><\/span> <span class=\"dictionary\"><\/span>streets<span class=\"dictionary\"><\/span> <span class=\"dictionary\"><\/span>or<span class=\"dictionary\"><\/span><br \/>\n<span class=\"dictionary\"><\/span>other<span class=\"dictionary\"><\/span> <span class=\"dictionary\"><\/span>public<span class=\"dictionary\"><\/span> <span class=\"dictionary\"><\/span>property<span class=\"dictionary\"><\/span> <span class=\"dictionary\"><\/span>aforesaid<span class=\"dictionary\"><\/span> <span class=\"dictionary\"><\/span>with<span class=\"dictionary\"><\/span> <span class=\"dictionary\"><\/span>its<span class=\"dictionary\"><\/span> <span class=\"dictionary\"><\/span>appurtenances<span class=\"dictionary\"><\/span>, <span class=\"dictionary\"><\/span>shall<span class=\"dictionary\"><\/span> <span class=\"dictionary\"><\/span>thereupon<span class=\"dictionary\"><\/span> <span class=\"dictionary\"><\/span>be<span class=\"dictionary\"><\/span> <span class=\"dictionary\"><\/span>and<span class=\"dictionary\"><\/span> <span class=\"dictionary\"><\/span>become<span class=\"dictionary\"><\/span> <span class=\"dictionary\"><\/span>the<span class=\"dictionary\"><\/span> <span class=\"dictionary\"><\/span>property<span class=\"dictionary\"><\/span> <span class=\"dictionary\"><\/span>of<span class=\"dictionary\"><\/span><br \/>\n<span class=\"dictionary\"><\/span>the<span class=\"dictionary\"><\/span> <span class=\"dictionary\"><\/span>City<span class=\"dictionary\"><\/span>, <span class=\"dictionary\"><\/span>without<span class=\"dictionary\"><\/span> <span class=\"dictionary\"><\/span>further<span class=\"dictionary\"><\/span> <span class=\"dictionary\"><\/span>or<span class=\"dictionary\"><\/span> <span class=\"dictionary\"><\/span>other<span class=\"dictionary\"><\/span> <span class=\"dictionary\"><\/span>compensation<span class=\"dictionary\"><\/span> <span class=\"dictionary\"><\/span>to<span class=\"dictionary\"><\/span> <span class=\"dictionary\"><\/span>the<span class=\"dictionary\"><\/span> <span class=\"dictionary\"><\/span>grantee<span class=\"dictionary\"><\/span>; <span class=\"dictionary\"><\/span>or<span class=\"dictionary\"><\/span> <span class=\"dictionary\"><\/span>such<span class=\"dictionary\"><\/span> <span class=\"dictionary\"><\/span>grant<span class=\"dictionary\"><\/span> <span class=\"dictionary\"><\/span>may<span class=\"dictionary\"><\/span> <span class=\"dictionary\"><\/span>provide<span class=\"dictionary\"><\/span> <span class=\"dictionary\"><\/span>that<span class=\"dictionary\"><\/span> <span class=\"dictionary\"><\/span>upon<span class=\"dictionary\"><\/span><br \/>\n<span class=\"dictionary\"><\/span>such<span class=\"dictionary\"><\/span> <span class=\"dictionary\"><\/span>determination<span class=\"dictionary\"><\/span>, <span class=\"dictionary\"><\/span>there<span class=\"dictionary\"><\/span> <span class=\"dictionary\"><\/span>shall<span class=\"dictionary\"><\/span> <span class=\"dictionary\"><\/span>be<span class=\"dictionary\"><\/span> <span class=\"dictionary\"><\/span>a<span class=\"dictionary\"><\/span> <span class=\"dictionary\"><\/span>fair<span class=\"dictionary\"><\/span> <span class=\"dictionary\"><\/span>valuation<span class=\"dictionary\"><\/span> <span class=\"dictionary\"><\/span>of<span class=\"dictionary\"><\/span> <span class=\"dictionary\"><\/span>the<span class=\"dictionary\"><\/span> <span class=\"dictionary\"><\/span>plant<span class=\"dictionary\"><\/span> <span class=\"dictionary\"><\/span>and<span class=\"dictionary\"><\/span> <span class=\"dictionary\"><\/span>property<span class=\"dictionary\"><\/span>, <span class=\"dictionary\"><\/span>which<span class=\"dictionary\"><\/span> <span class=\"dictionary\"><\/span>shall<span class=\"dictionary\"><\/span> <span class=\"dictionary\"><\/span>be<span class=\"dictionary\"><\/span> <span class=\"dictionary\"><\/span>and<span class=\"dictionary\"><\/span><br \/>\n<span class=\"dictionary\"><\/span>become<span class=\"dictionary\"><\/span> <span class=\"dictionary\"><\/span>the<span class=\"dictionary\"><\/span> <span class=\"dictionary\"><\/span>property<span class=\"dictionary\"><\/span> <span class=\"dictionary\"><\/span>of<span class=\"dictionary\"><\/span> <span class=\"dictionary\"><\/span>the<span class=\"dictionary\"><\/span> <span class=\"dictionary\"><\/span>City<span class=\"dictionary\"><\/span> <span class=\"dictionary\"><\/span>at<span class=\"dictionary\"><\/span> <span class=\"dictionary\"><\/span>its<span class=\"dictionary\"><\/span> <span class=\"dictionary\"><\/span>election<span class=\"dictionary\"><\/span>, <span class=\"dictionary\"><\/span>on<span class=\"dictionary\"><\/span> <span class=\"dictionary\"><\/span>paying<span class=\"dictionary\"><\/span> <span class=\"dictionary\"><\/span>the<span class=\"dictionary\"><\/span> <span class=\"dictionary\"><\/span>grantee<span class=\"dictionary\"><\/span> <span class=\"dictionary\"><\/span>said<span class=\"dictionary\"><\/span> <span class=\"dictionary\"><\/span>valuation<span class=\"dictionary\"><\/span>.  <span class=\"dictionary\"><\/span>If<span class=\"dictionary\"><\/span>, <span class=\"dictionary\"><\/span>by<span class=\"dictionary\"><\/span> <span class=\"dictionary\"><\/span>virtue<span class=\"dictionary\"><\/span> <span class=\"dictionary\"><\/span>of<span class=\"dictionary\"><\/span><br \/>\n<span class=\"dictionary\"><\/span>the<span class=\"dictionary\"><\/span> <span class=\"dictionary\"><\/span>grant<span class=\"dictionary\"><\/span>, <span class=\"dictionary\"><\/span>the<span class=\"dictionary\"><\/span> <span class=\"dictionary\"><\/span>plant<span class=\"dictionary\"><\/span> <span class=\"dictionary\"><\/span>and<span class=\"dictionary\"><\/span> <span class=\"dictionary\"><\/span>property<span class=\"dictionary\"><\/span> <span class=\"dictionary\"><\/span>are<span class=\"dictionary\"><\/span> <span class=\"dictionary\"><\/span>to<span class=\"dictionary\"><\/span> <span class=\"dictionary\"><\/span>become<span class=\"dictionary\"><\/span> <span class=\"dictionary\"><\/span>the<span class=\"dictionary\"><\/span> <span class=\"dictionary\"><\/span>property<span class=\"dictionary\"><\/span> <span class=\"dictionary\"><\/span>of<span class=\"dictionary\"><\/span> <span class=\"dictionary\"><\/span>the<span class=\"dictionary\"><\/span> <span class=\"dictionary\"><\/span>City<span class=\"dictionary\"><\/span> <span class=\"dictionary\"><\/span>without<span class=\"dictionary\"><\/span> <span class=\"dictionary\"><\/span>money<span class=\"dictionary\"><\/span> <span class=\"dictionary\"><\/span>payment<span class=\"dictionary\"><\/span><br \/>\n<span class=\"dictionary\"><\/span>therefor<span class=\"dictionary\"><\/span>, <span class=\"dictionary\"><\/span>the<span class=\"dictionary\"><\/span> <span class=\"dictionary\"><\/span>City<span class=\"dictionary\"><\/span> <span class=\"dictionary\"><\/span>shall<span class=\"dictionary\"><\/span> <span class=\"dictionary\"><\/span>have<span class=\"dictionary\"><\/span> <span class=\"dictionary\"><\/span>the<span class=\"dictionary\"><\/span> <span class=\"dictionary\"><\/span>option<span class=\"dictionary\"><\/span> <span class=\"dictionary\"><\/span>either<span class=\"dictionary\"><\/span> <span class=\"dictionary\"><\/span>to<span class=\"dictionary\"><\/span> <span class=\"dictionary\"><\/span>take<span class=\"dictionary\"><\/span> <span class=\"dictionary\"><\/span>and<span class=\"dictionary\"><\/span> <span class=\"dictionary\"><\/span>operate<span class=\"dictionary\"><\/span> <span class=\"dictionary\"><\/span>the<span class=\"dictionary\"><\/span> <span class=\"dictionary\"><\/span>said<span class=\"dictionary\"><\/span> <span class=\"dictionary\"><\/span>property<span class=\"dictionary\"><\/span> <span class=\"dictionary\"><\/span>on<span class=\"dictionary\"><\/span> <span class=\"dictionary\"><\/span>its<span class=\"dictionary\"><\/span> <span class=\"dictionary\"><\/span>own<span class=\"dictionary\"><\/span><br \/>\n<span class=\"dictionary\"><\/span>account<span class=\"dictionary\"><\/span>, <span class=\"dictionary\"><\/span>or<span class=\"dictionary\"><\/span> <span class=\"dictionary\"><\/span>to<span class=\"dictionary\"><\/span> <span class=\"dictionary\"><\/span>renew<span class=\"dictionary\"><\/span> <span class=\"dictionary\"><\/span>the<span class=\"dictionary\"><\/span> <span class=\"dictionary\"><\/span>said<span class=\"dictionary\"><\/span> <span class=\"dictionary\"><\/span>grant<span class=\"dictionary\"><\/span> <span class=\"dictionary\"><\/span>for<span class=\"dictionary\"><\/span> <span class=\"dictionary\"><\/span>not<span class=\"dictionary\"><\/span> <span class=\"dictionary\"><\/span>exceeding<span class=\"dictionary\"><\/span> <span class=\"dictionary\"><\/span>twenty<span class=\"dictionary\"><\/span>-<span class=\"dictionary\"><\/span>five<span class=\"dictionary\"><\/span> <span class=\"dictionary\"><\/span>years<span class=\"dictionary\"><\/span> <span class=\"dictionary\"><\/span>on<span class=\"dictionary\"><\/span> <span class=\"dictionary\"><\/span>a<span class=\"dictionary\"><\/span> <span class=\"dictionary\"><\/span>revaluation<span class=\"dictionary\"><\/span> <span class=\"dictionary\"><\/span>or<span class=\"dictionary\"><\/span> <span class=\"dictionary\"><\/span>sell<span class=\"dictionary\"><\/span> <span class=\"dictionary\"><\/span>the<span class=\"dictionary\"><\/span><br \/>\n<span class=\"dictionary\"><\/span>same<span class=\"dictionary\"><\/span> <span class=\"dictionary\"><\/span>to<span class=\"dictionary\"><\/span> <span class=\"dictionary\"><\/span>the<span class=\"dictionary\"><\/span> <span class=\"dictionary\"><\/span>highest<span class=\"dictionary\"><\/span> <span class=\"dictionary\"><\/span>bidder<span class=\"dictionary\"><\/span> <span class=\"dictionary\"><\/span>at<span class=\"dictionary\"><\/span> <span class=\"dictionary\"><\/span>public<span class=\"dictionary\"><\/span> <span class=\"dictionary\"><\/span>sale<span class=\"dictionary\"><\/span>.  <span class=\"dictionary\"><\/span>If<span class=\"dictionary\"><\/span> <span class=\"dictionary\"><\/span>the<span class=\"dictionary\"><\/span> <span class=\"dictionary\"><\/span>original<span class=\"dictionary\"><\/span> <span class=\"dictionary\"><\/span>grant<span class=\"dictionary\"><\/span> <span class=\"dictionary\"><\/span>shall<span class=\"dictionary\"><\/span> <span class=\"dictionary\"><\/span>prescribe<span class=\"dictionary\"><\/span> <span class=\"dictionary\"><\/span>that<span class=\"dictionary\"><\/span> <span class=\"dictionary\"><\/span>the<span class=\"dictionary\"><\/span> <span class=\"dictionary\"><\/span>City<span class=\"dictionary\"><\/span> <span class=\"dictionary\"><\/span>shall<span class=\"dictionary\"><\/span> <span class=\"dictionary\"><\/span>at<span class=\"dictionary\"><\/span> <span class=\"dictionary\"><\/span>its<span class=\"dictionary\"><\/span><br \/>\n<span class=\"dictionary\"><\/span>election<span class=\"dictionary\"><\/span> <span class=\"dictionary\"><\/span>make<span class=\"dictionary\"><\/span> <span class=\"dictionary\"><\/span>payment<span class=\"dictionary\"><\/span> <span class=\"dictionary\"><\/span>for<span class=\"dictionary\"><\/span> <span class=\"dictionary\"><\/span>such<span class=\"dictionary\"><\/span> <span class=\"dictionary\"><\/span>plant<span class=\"dictionary\"><\/span> <span class=\"dictionary\"><\/span>and<span class=\"dictionary\"><\/span> <span class=\"dictionary\"><\/span>property<span class=\"dictionary\"><\/span>, <span class=\"dictionary\"><\/span>such<span class=\"dictionary\"><\/span> <span class=\"dictionary\"><\/span>payment<span class=\"dictionary\"><\/span> <span class=\"dictionary\"><\/span>shall<span class=\"dictionary\"><\/span> <span class=\"dictionary\"><\/span>be<span class=\"dictionary\"><\/span> <span class=\"dictionary\"><\/span>at<span class=\"dictionary\"><\/span> <span class=\"dictionary\"><\/span>a<span class=\"dictionary\"><\/span> <span class=\"dictionary\"><\/span>fair<span class=\"dictionary\"><\/span> <span class=\"dictionary\"><\/span>valuation<span class=\"dictionary\"><\/span> <span class=\"dictionary\"><\/span>of<span class=\"dictionary\"><\/span> <span class=\"dictionary\"><\/span>the<span class=\"dictionary\"><\/span><br \/>\n<span class=\"dictionary\"><\/span>same<span class=\"dictionary\"><\/span> <span class=\"dictionary\"><\/span>as<span class=\"dictionary\"><\/span> <span class=\"dictionary\"><\/span>property<span class=\"dictionary\"><\/span>, <span class=\"dictionary\"><\/span>excluding<span class=\"dictionary\"><\/span> <span class=\"dictionary\"><\/span>any<span class=\"dictionary\"><\/span> <span class=\"dictionary\"><\/span>value<span class=\"dictionary\"><\/span> <span class=\"dictionary\"><\/span>derived<span class=\"dictionary\"><\/span> <span class=\"dictionary\"><\/span>from<span class=\"dictionary\"><\/span> <span class=\"dictionary\"><\/span>the<span class=\"dictionary\"><\/span> <span class=\"dictionary\"><\/span>franchise<span class=\"dictionary\"><\/span> <span class=\"dictionary\"><\/span>or<span class=\"dictionary\"><\/span> <span class=\"dictionary\"><\/span>right<span class=\"dictionary\"><\/span> <span class=\"dictionary\"><\/span>and<span class=\"dictionary\"><\/span> <span class=\"dictionary\"><\/span>if<span class=\"dictionary\"><\/span> <span class=\"dictionary\"><\/span>the<span class=\"dictionary\"><\/span> <span class=\"dictionary\"><\/span>City<span class=\"dictionary\"><\/span> <span class=\"dictionary\"><\/span>shall<span class=\"dictionary\"><\/span> <span class=\"dictionary\"><\/span>make<span class=\"dictionary\"><\/span><br \/>\n<span class=\"dictionary\"><\/span>payment<span class=\"dictionary\"><\/span> <span class=\"dictionary\"><\/span>for<span class=\"dictionary\"><\/span> <span class=\"dictionary\"><\/span>such<span class=\"dictionary\"><\/span> <span class=\"dictionary\"><\/span>plant<span class=\"dictionary\"><\/span> <span class=\"dictionary\"><\/span>and<span class=\"dictionary\"><\/span> <span class=\"dictionary\"><\/span>property<span class=\"dictionary\"><\/span>, <span class=\"dictionary\"><\/span>it<span class=\"dictionary\"><\/span> <span class=\"dictionary\"><\/span>may<span class=\"dictionary\"><\/span>, <span class=\"dictionary\"><\/span>in<span class=\"dictionary\"><\/span> <span class=\"dictionary\"><\/span>that<span class=\"dictionary\"><\/span> <span class=\"dictionary\"><\/span>event<span class=\"dictionary\"><\/span>, <span class=\"dictionary\"><\/span>operate<span class=\"dictionary\"><\/span> <span class=\"dictionary\"><\/span>the<span class=\"dictionary\"><\/span> <span class=\"dictionary\"><\/span>plant<span class=\"dictionary\"><\/span> <span class=\"dictionary\"><\/span>and<span class=\"dictionary\"><\/span> <span class=\"dictionary\"><\/span>property<span class=\"dictionary\"><\/span> <span class=\"dictionary\"><\/span>on<span class=\"dictionary\"><\/span> <span class=\"dictionary\"><\/span>its<span class=\"dictionary\"><\/span> <span class=\"dictionary\"><\/span>own<span class=\"dictionary\"><\/span><br \/>\n<span class=\"dictionary\"><\/span>account<span class=\"dictionary\"><\/span> <span class=\"dictionary\"><\/span>for<span class=\"dictionary\"><\/span> <span class=\"dictionary\"><\/span>five<span class=\"dictionary\"><\/span> <span class=\"dictionary\"><\/span>years<span class=\"dictionary\"><\/span>, <span class=\"dictionary\"><\/span>after<span class=\"dictionary\"><\/span> <span class=\"dictionary\"><\/span>which<span class=\"dictionary\"><\/span> <span class=\"dictionary\"><\/span>it<span class=\"dictionary\"><\/span> <span class=\"dictionary\"><\/span>may<span class=\"dictionary\"><\/span> <span class=\"dictionary\"><\/span>determine<span class=\"dictionary\"><\/span> <span class=\"dictionary\"><\/span>either<span class=\"dictionary\"><\/span> <span class=\"dictionary\"><\/span>to<span class=\"dictionary\"><\/span> <span class=\"dictionary\"><\/span>continue<span class=\"dictionary\"><\/span> <span class=\"dictionary\"><\/span>such<span class=\"dictionary\"><\/span> <span class=\"dictionary\"><\/span>operation<span class=\"dictionary\"><\/span> <span class=\"dictionary\"><\/span>on<span class=\"dictionary\"><\/span> <span class=\"dictionary\"><\/span>its<span class=\"dictionary\"><\/span> <span class=\"dictionary\"><\/span>own<span class=\"dictionary\"><\/span><br \/>\n<span class=\"dictionary\"><\/span>account<span class=\"dictionary\"><\/span> <span class=\"dictionary\"><\/span>or<span class=\"dictionary\"><\/span> <span class=\"dictionary\"><\/span>to<span class=\"dictionary\"><\/span> <span class=\"dictionary\"><\/span>lease<span class=\"dictionary\"><\/span> <span class=\"dictionary\"><\/span>the<span class=\"dictionary\"><\/span> <span class=\"dictionary\"><\/span>said<span class=\"dictionary\"><\/span> <span class=\"dictionary\"><\/span>plant<span class=\"dictionary\"><\/span> <span class=\"dictionary\"><\/span>and<span class=\"dictionary\"><\/span> <span class=\"dictionary\"><\/span>property<span class=\"dictionary\"><\/span> <span class=\"dictionary\"><\/span>and<span class=\"dictionary\"><\/span> <span class=\"dictionary\"><\/span>the<span class=\"dictionary\"><\/span> <span class=\"dictionary\"><\/span>said<span class=\"dictionary\"><\/span> <span class=\"dictionary\"><\/span>franchise<span class=\"dictionary\"><\/span> <span class=\"dictionary\"><\/span>or<span class=\"dictionary\"><\/span> <span class=\"dictionary\"><\/span>right<span class=\"dictionary\"><\/span> <span class=\"dictionary\"><\/span>to<span class=\"dictionary\"><\/span> <span class=\"dictionary\"><\/span>use<span class=\"dictionary\"><\/span> <span class=\"dictionary\"><\/span>the<span class=\"dictionary\"><\/span> <span class=\"dictionary\"><\/span>streets<span class=\"dictionary\"><\/span>, <span class=\"dictionary\"><\/span>or<span class=\"dictionary\"><\/span><br \/>\n<span class=\"dictionary\"><\/span>other<span class=\"dictionary\"><\/span> <span class=\"dictionary\"><\/span>public<span class=\"dictionary\"><\/span> <span class=\"dictionary\"><\/span>property<span class=\"dictionary\"><\/span> <span class=\"dictionary\"><\/span>in<span class=\"dictionary\"><\/span> <span class=\"dictionary\"><\/span>connection<span class=\"dictionary\"><\/span> <span class=\"dictionary\"><\/span>therewith<span class=\"dictionary\"><\/span>, <span class=\"dictionary\"><\/span>for<span class=\"dictionary\"><\/span> <span class=\"dictionary\"><\/span>limited<span class=\"dictionary\"><\/span> <span class=\"dictionary\"><\/span>periods<span class=\"dictionary\"><\/span>, <span class=\"dictionary\"><\/span>not<span class=\"dictionary\"><\/span> <span class=\"dictionary\"><\/span>to<span class=\"dictionary\"><\/span> <span class=\"dictionary\"><\/span>exceed<span class=\"dictionary\"><\/span> <span class=\"dictionary\"><\/span>twenty<span class=\"dictionary\"><\/span>-<span class=\"dictionary\"><\/span>five<span class=\"dictionary\"><\/span> <span class=\"dictionary\"><\/span>years<span class=\"dictionary\"><\/span><br \/>\n<span class=\"dictionary\"><\/span>from<span class=\"dictionary\"><\/span> <span class=\"dictionary\"><\/span>the<span class=\"dictionary\"><\/span> <span class=\"dictionary\"><\/span>date<span class=\"dictionary\"><\/span> <span class=\"dictionary\"><\/span>of<span class=\"dictionary\"><\/span> <span class=\"dictionary\"><\/span>the<span class=\"dictionary\"><\/span> <span class=\"dictionary\"><\/span>grant<span class=\"dictionary\"><\/span>, <span class=\"dictionary\"><\/span>under<span class=\"dictionary\"><\/span> <span class=\"dictionary\"><\/span>such<span class=\"dictionary\"><\/span> <span class=\"dictionary\"><\/span>rules<span class=\"dictionary\"><\/span> <span class=\"dictionary\"><\/span>and<span class=\"dictionary\"><\/span> <span class=\"dictionary\"><\/span>regulations<span class=\"dictionary\"><\/span> <span class=\"dictionary\"><\/span>as<span class=\"dictionary\"><\/span> <span class=\"dictionary\"><\/span>it<span class=\"dictionary\"><\/span> <span class=\"dictionary\"><\/span>may<span class=\"dictionary\"><\/span> <span class=\"dictionary\"><\/span>prescribe<span class=\"dictionary\"><\/span>, <span class=\"dictionary\"><\/span>or<span class=\"dictionary\"><\/span> <span class=\"dictionary\"><\/span>to<span class=\"dictionary\"><\/span> <span class=\"dictionary\"><\/span>sell<span class=\"dictionary\"><\/span> <span class=\"dictionary\"><\/span>the<span class=\"dictionary\"><\/span> <span class=\"dictionary\"><\/span>plant<span class=\"dictionary\"><\/span><br \/>\n<span class=\"dictionary\"><\/span>and<span class=\"dictionary\"><\/span> <span class=\"dictionary\"><\/span>property<span class=\"dictionary\"><\/span> <span class=\"dictionary\"><\/span>to<span class=\"dictionary\"><\/span> <span class=\"dictionary\"><\/span>the<span class=\"dictionary\"><\/span> <span class=\"dictionary\"><\/span>highest<span class=\"dictionary\"><\/span> <span class=\"dictionary\"><\/span>bidder<span class=\"dictionary\"><\/span> <span class=\"dictionary\"><\/span>at<span class=\"dictionary\"><\/span> <span class=\"dictionary\"><\/span>public<span class=\"dictionary\"><\/span> <span class=\"dictionary\"><\/span>sale<span class=\"dictionary\"><\/span>.<\/p>\n<p><span class=\"dictionary\"><\/span>Every<span class=\"dictionary\"><\/span> <span class=\"dictionary\"><\/span>grant<span class=\"dictionary\"><\/span> <span class=\"dictionary\"><\/span>of<span class=\"dictionary\"><\/span> <span class=\"dictionary\"><\/span>any<span class=\"dictionary\"><\/span> <span class=\"dictionary\"><\/span>such<span class=\"dictionary\"><\/span> <span class=\"dictionary\"><\/span>franchise<span class=\"dictionary\"><\/span> <span class=\"dictionary\"><\/span>or<span class=\"dictionary\"><\/span> <span class=\"dictionary\"><\/span>right<span class=\"dictionary\"><\/span> <span class=\"dictionary\"><\/span>shall<span class=\"dictionary\"><\/span> <span class=\"dictionary\"><\/span>make<span class=\"dictionary\"><\/span> <span class=\"dictionary\"><\/span>provision<span class=\"dictionary\"><\/span>, <span class=\"dictionary\"><\/span>by<span class=\"dictionary\"><\/span> <span class=\"dictionary\"><\/span>way<span class=\"dictionary\"><\/span> <span class=\"dictionary\"><\/span>of<span class=\"dictionary\"><\/span> <span class=\"dictionary\"><\/span>forfeiture<span class=\"dictionary\"><\/span> <span class=\"dictionary\"><\/span>or<span class=\"dictionary\"><\/span> <span class=\"dictionary\"><\/span>otherwise<span class=\"dictionary\"><\/span>, <span class=\"dictionary\"><\/span>for<span class=\"dictionary\"><\/span><br \/>\n<span class=\"dictionary\"><\/span>the<span class=\"dictionary\"><\/span> <span class=\"dictionary\"><\/span>purpose<span class=\"dictionary\"><\/span> <span class=\"dictionary\"><\/span>of<span class=\"dictionary\"><\/span> <span class=\"dictionary\"><\/span>compelling<span class=\"dictionary\"><\/span> <span class=\"dictionary\"><\/span>compliance<span class=\"dictionary\"><\/span> <span class=\"dictionary\"><\/span>with<span class=\"dictionary\"><\/span> <span class=\"dictionary\"><\/span>the<span class=\"dictionary\"><\/span> <span class=\"dictionary\"><\/span>terms<span class=\"dictionary\"><\/span> <span class=\"dictionary\"><\/span>of<span class=\"dictionary\"><\/span> <span class=\"dictionary\"><\/span>the<span class=\"dictionary\"><\/span> <span class=\"dictionary\"><\/span>grant<span class=\"dictionary\"><\/span>, <span class=\"dictionary\"><\/span>and<span class=\"dictionary\"><\/span> <span class=\"dictionary\"><\/span>to<span class=\"dictionary\"><\/span> <span class=\"dictionary\"><\/span>secure<span class=\"dictionary\"><\/span> <span class=\"dictionary\"><\/span>efficiency<span class=\"dictionary\"><\/span> <span class=\"dictionary\"><\/span>of<span class=\"dictionary\"><\/span> <span class=\"dictionary\"><\/span>public<span class=\"dictionary\"><\/span><br \/>\n<span class=\"dictionary\"><\/span>service<span class=\"dictionary\"><\/span> <span class=\"dictionary\"><\/span>at<span class=\"dictionary\"><\/span> <span class=\"dictionary\"><\/span>reasonable<span class=\"dictionary\"><\/span> <span class=\"dictionary\"><\/span>rates<span class=\"dictionary\"><\/span>, <span class=\"dictionary\"><\/span>and<span class=\"dictionary\"><\/span> <span class=\"dictionary\"><\/span>the<span class=\"dictionary\"><\/span> <span class=\"dictionary\"><\/span>maintenance<span class=\"dictionary\"><\/span> <span class=\"dictionary\"><\/span>of<span class=\"dictionary\"><\/span> <span class=\"dictionary\"><\/span>the<span class=\"dictionary\"><\/span> <span class=\"dictionary\"><\/span>property<span class=\"dictionary\"><\/span> <span class=\"dictionary\"><\/span>in<span class=\"dictionary\"><\/span> <span class=\"dictionary\"><\/span>good<span class=\"dictionary\"><\/span> <span class=\"dictionary\"><\/span>condition<span class=\"dictionary\"><\/span>, <span class=\"dictionary\"><\/span>throughout<span class=\"dictionary\"><\/span> <span class=\"dictionary\"><\/span>the<span class=\"dictionary\"><\/span><br \/>\n<span class=\"dictionary\"><\/span>full<span class=\"dictionary\"><\/span> <span class=\"dictionary\"><\/span>term<span class=\"dictionary\"><\/span> <span class=\"dictionary\"><\/span>of<span class=\"dictionary\"><\/span> <span class=\"dictionary\"><\/span>the<span class=\"dictionary\"><\/span> <span class=\"dictionary\"><\/span>grant<span class=\"dictionary\"><\/span>.  <span class=\"dictionary\"><\/span>The<span class=\"dictionary\"><\/span> <span class=\"dictionary\"><\/span>grant<span class=\"dictionary\"><\/span> <span class=\"dictionary\"><\/span>shall<span class=\"dictionary\"><\/span> <span class=\"dictionary\"><\/span>also<span class=\"dictionary\"><\/span> <span class=\"dictionary\"><\/span>specify<span class=\"dictionary\"><\/span> <span class=\"dictionary\"><\/span>the<span class=\"dictionary\"><\/span> <span class=\"dictionary\"><\/span>mode<span class=\"dictionary\"><\/span> <span class=\"dictionary\"><\/span>of<span class=\"dictionary\"><\/span> <span class=\"dictionary\"><\/span>determining<span class=\"dictionary\"><\/span> <span class=\"dictionary\"><\/span>the<span class=\"dictionary\"><\/span> <span class=\"dictionary\"><\/span>valuations<span class=\"dictionary\"><\/span> <span class=\"dictionary\"><\/span>and<span class=\"dictionary\"><\/span><br \/>\n<span class=\"dictionary\"><\/span>revaluations<span class=\"dictionary\"><\/span> <span class=\"dictionary\"><\/span>which<span class=\"dictionary\"><\/span> <span class=\"dictionary\"><\/span>may<span class=\"dictionary\"><\/span> <span class=\"dictionary\"><\/span>be<span class=\"dictionary\"><\/span> <span class=\"dictionary\"><\/span>provided<span class=\"dictionary\"><\/span> <span class=\"dictionary\"><\/span>for<span class=\"dictionary\"><\/span> <span class=\"dictionary\"><\/span>therein<span class=\"dictionary\"><\/span>.<\/p>\n<\/p><\/section>","plain_text":"                              BALTIMORE CITY CHARTER\n\nDURATION. (\u00a7 VIII-3)\n\nNo franchise or right in relation to any street, either on, above or below the\nsurface of the same, or\nfranchise or right with respect to any other public property, shall be granted\nby the City to any person\nfor a longer period than twenty-five years, but such grant may, at the option of\nthe City, provide for\ngiving to the grantee the right (on fair revaluation, including in such\nrevaluation the value derived\nfrom the said franchise or right) to renewals not exceeding in the aggregate\ntwenty-five years.\nRegardless of the number of previous grants of a given franchise to its holder,\nor the number of years\nsuch holder may have held the same, the City may renew the same to him on the\nsame or different\nterms from that theretofore granted, including an increase or decrease of the\nconsideration or charge\ntherefor, provided always, no grant by the City of a franchise or right in, over\nor under any part of its\npublic property, whether an original grant or a renewal thereof, shall (save for\na possible provision\nfor renewals in accordance with the first sentence of this section) create a\nterm therefor or a right to\nobtain a renewal of said term extending more than twenty-five years from the\ndate of the ordinance\ngranting or renewing the same, as the case may be.\nAny grant of a franchise may provide that upon the termination of the said\nfranchise or right granted\nby the City, the plant, as well as the property of the grantee situated in,\nabove or under the streets or\nother public property aforesaid with its appurtenances, shall thereupon be and\nbecome the property of\nthe City, without further or other compensation to the grantee; or such grant\nmay provide that upon\nsuch determination, there shall be a fair valuation of the plant and property,\nwhich shall be and\nbecome the property of the City at its election, on paying the grantee said\nvaluation.  If, by virtue of\nthe grant, the plant and property are to become the property of the City without\nmoney payment\ntherefor, the City shall have the option either to take and operate the said\nproperty on its own\naccount, or to renew the said grant for not exceeding twenty-five years on a\nrevaluation or sell the\nsame to the highest bidder at public sale.  If the original grant shall\nprescribe that the City shall at its\nelection make payment for such plant and property, such payment shall be at a\nfair valuation of the\nsame as property, excluding any value derived from the franchise or right and if\nthe City shall make\npayment for such plant and property, it may, in that event, operate the plant\nand property on its own\naccount for five years, after which it may determine either to continue such\noperation on its own\naccount or to lease the said plant and property and the said franchise or right\nto use the streets, or\nother public property in connection therewith, for limited periods, not to\nexceed twenty-five years\nfrom the date of the grant, under such rules and regulations as it may\nprescribe, or to sell the plant\nand property to the highest bidder at public sale.\nEvery grant of any such franchise or right shall make provision, by way of\nforfeiture or otherwise, for\nthe purpose of compelling compliance with the terms of the grant, and to secure\nefficiency of public\nservice at reasonable rates, and the maintenance of the property in good\ncondition, throughout the\nfull term of the grant.  The grant shall also specify the mode of determining\nthe valuations and\nrevaluations which may be provided for therein.\n","previous_section":{"id":"276","structure_id":"26","section_number":"VIII-2","catch_line":"Procedures; compensation; minor privileges.","url":"http:\/\/charter.baltimorecode\/VIII-2\/","api_url":"http:\/\/charter.baltimorecode\/api\/law\/VIII-2\/"},"text":{"0":{"id":"277","text":"No franchise or right in relation to any street, either on, above or below the surface of the same, or\nfranchise or right with respect to any other public property, shall be granted by the City to any person\nfor a longer period than twenty-five years, but such grant may, at the option of the City, provide for\ngiving to the grantee the right (on fair revaluation, including in such revaluation the value derived\nfrom the said franchise or right) to renewals not exceeding in the aggregate twenty-five years.\nRegardless of the number of previous grants of a given franchise to its holder, or the number of years\nsuch holder may have held the same, the City may renew the same to him on the same or different\nterms from that theretofore granted, including an increase or decrease of the consideration or charge\ntherefor, provided always, no grant by the City of a franchise or right in, over or under any part of its\npublic property, whether an original grant or a renewal thereof, shall (save for a possible provision\nfor renewals in accordance with the first sentence of this section) create a term therefor or a right to\nobtain a renewal of said term extending more than twenty-five years from the date of the ordinance\ngranting or renewing the same, as the case may be.\nAny grant of a franchise may provide that upon the termination of the said franchise or right granted\nby the City, the plant, as well as the property of the grantee situated in, above or under the streets or\nother public property aforesaid with its appurtenances, shall thereupon be and become the property of\nthe City, without further or other compensation to the grantee; or such grant may provide that upon\nsuch determination, there shall be a fair valuation of the plant and property, which shall be and\nbecome the property of the City at its election, on paying the grantee said valuation.  If, by virtue of\nthe grant, the plant and property are to become the property of the City without money payment\ntherefor, the City shall have the option either to take and operate the said property on its own\naccount, or to renew the said grant for not exceeding twenty-five years on a revaluation or sell the\nsame to the highest bidder at public sale.  If the original grant shall prescribe that the City shall at its\nelection make payment for such plant and property, such payment shall be at a fair valuation of the\nsame as property, excluding any value derived from the franchise or right and if the City shall make\npayment for such plant and property, it may, in that event, operate the plant and property on its own\naccount for five years, after which it may determine either to continue such operation on its own\naccount or to lease the said plant and property and the said franchise or right to use the streets, or\nother public property in connection therewith, for limited periods, not to exceed twenty-five years\nfrom the date of the grant, under such rules and regulations as it may prescribe, or to sell the plant\nand property to the highest bidder at public sale.\nEvery grant of any such franchise or right shall make provision, by way of forfeiture or otherwise, for\nthe purpose of compelling compliance with the terms of the grant, and to secure efficiency of public\nservice at reasonable rates, and the maintenance of the property in good condition, throughout the\nfull term of the grant.  The grant shall also specify the mode of determining the valuations and\nrevaluations which may be provided for therein.\n","type":"section","prefixes":[""],"prefix":"","entire_prefix":"","prefix_anchor":"","level":1}}}