{"section_number":"VIII-125","section_id":"270","structure_id":"26","catch_line":"Council action.","history":"","full_text":" (a)Amendment not authorized.\n\nThe Council may not amend the Resolution to change or affect any recommended compensation.\n\n(b)Rejection by Council.\n\nIf, by a majority vote of all members, the City Council affirmatively rejects the Resolution on or\nbefore December 15 of the year preceding the mayoral general election, the compensation to be\npaid elected officials remains unchanged.\n\n(c)Adoption by Council.\n\nIf the Resolution is adopted on or before December 15 of the year preceding the mayoral general\nelection, or if the City Council fails to adopt or reject the Resolution on or before that date, the\ncompensation recommended by the Commission will apply, effective at the beginning of the next\nterm of office.\n(Res. 05-009, ratified Nov. 7, 2006.)\n\n\nDepartment of General Services\r\r","ancestry":{"1":{"id":"26","name":"Franchises","identifier":"VIII","label":"article","url":"http:\/\/charter.baltimorecode\/VIII\/"}},"structure_contents":{"0":{"id":"253","structure_id":"26","section_number":"VIII-1","catch_line":"Authority to grant.","url":"http:\/\/charter.baltimorecode\/VIII-1\/","api_url":"http:\/\/charter.baltimorecode\/api\/law\/VIII-1\/"},"1":{"id":"276","structure_id":"26","section_number":"VIII-2","catch_line":"Procedures; compensation; minor privileges.","url":"http:\/\/charter.baltimorecode\/VIII-2\/","api_url":"http:\/\/charter.baltimorecode\/api\/law\/VIII-2\/"},"2":{"id":"277","structure_id":"26","section_number":"VIII-3","catch_line":"Duration.","url":"http:\/\/charter.baltimorecode\/VIII-3\/","api_url":"http:\/\/charter.baltimorecode\/api\/law\/VIII-3\/"},"3":{"id":"278","structure_id":"26","section_number":"VIII-4","catch_line":"Street railways.","url":"http:\/\/charter.baltimorecode\/VIII-4\/","api_url":"http:\/\/charter.baltimorecode\/api\/law\/VIII-4\/"},"4":{"id":"279","structure_id":"26","section_number":"VIII-5","catch_line":"Trackless trolleys.","url":"http:\/\/charter.baltimorecode\/VIII-5\/","api_url":"http:\/\/charter.baltimorecode\/api\/law\/VIII-5\/"},"5":{"id":"280","structure_id":"26","section_number":"VIII-6","catch_line":"Advertising.","url":"http:\/\/charter.baltimorecode\/VIII-6\/","api_url":"http:\/\/charter.baltimorecode\/api\/law\/VIII-6\/"},"6":{"id":"281","structure_id":"26","section_number":"VIII-7","catch_line":"Reservation of rights.","url":"http:\/\/charter.baltimorecode\/VIII-7\/","api_url":"http:\/\/charter.baltimorecode\/api\/law\/VIII-7\/"},"7":{"id":"282","structure_id":"26","section_number":"VIII-8","catch_line":"Renewals.","url":"http:\/\/charter.baltimorecode\/VIII-8\/","api_url":"http:\/\/charter.baltimorecode\/api\/law\/VIII-8\/"},"8":{"id":"283","structure_id":"26","section_number":"VIII-9","catch_line":"Minor privileges.","url":"http:\/\/charter.baltimorecode\/VIII-9\/","api_url":"http:\/\/charter.baltimorecode\/api\/law\/VIII-9\/"},"9":{"id":"254","structure_id":"26","section_number":"VIII-111","catch_line":"Repealed by Res. 00-010, ratified November 2000.","url":"http:\/\/charter.baltimorecode\/VIII-111\/","api_url":"http:\/\/charter.baltimorecode\/api\/law\/VIII-111\/"},"10":{"id":"256","structure_id":"26","section_number":"VIII-111","catch_line":"Repealed by Res. 00-010, ratified November 2000.","url":"http:\/\/charter.baltimorecode\/VIII-111\/","api_url":"http:\/\/charter.baltimorecode\/api\/law\/VIII-111\/"},"11":{"id":"255","structure_id":"26","section_number":"VIII-111","catch_line":"Repealed by Res. 00-010, ratified November 2000.","url":"http:\/\/charter.baltimorecode\/VIII-111\/","api_url":"http:\/\/charter.baltimorecode\/api\/law\/VIII-111\/"},"12":{"id":"257","structure_id":"26","section_number":"VIII-114","catch_line":"Department established.","url":"http:\/\/charter.baltimorecode\/VIII-114\/","api_url":"http:\/\/charter.baltimorecode\/api\/law\/VIII-114\/"},"13":{"id":"258","structure_id":"26","section_number":"VIII-115","catch_line":"Director of Transportation.","url":"http:\/\/charter.baltimorecode\/VIII-115\/","api_url":"http:\/\/charter.baltimorecode\/api\/law\/VIII-115\/"},"14":{"id":"259","structure_id":"26","section_number":"VIII-116","catch_line":"Powers and duties of Department.","url":"http:\/\/charter.baltimorecode\/VIII-116\/","api_url":"http:\/\/charter.baltimorecode\/api\/law\/VIII-116\/"},"15":{"id":"260","structure_id":"26","section_number":"VIII-116A","catch_line":"Assessment of benefits and damages.","url":"http:\/\/charter.baltimorecode\/VIII-116A\/","api_url":"http:\/\/charter.baltimorecode\/api\/law\/VIII-116A\/"},"16":{"id":"261","structure_id":"26","section_number":"VIII-116B","catch_line":"Correcting physical obstruction.","url":"http:\/\/charter.baltimorecode\/VIII-116B\/","api_url":"http:\/\/charter.baltimorecode\/api\/law\/VIII-116B\/"},"17":{"id":"262","structure_id":"26","section_number":"VIII-117","catch_line":"Definitions.","url":"http:\/\/charter.baltimorecode\/VIII-117\/","api_url":"http:\/\/charter.baltimorecode\/api\/law\/VIII-117\/"},"18":{"id":"263","structure_id":"26","section_number":"VIII-118","catch_line":"Commission established.","url":"http:\/\/charter.baltimorecode\/VIII-118\/","api_url":"http:\/\/charter.baltimorecode\/api\/law\/VIII-118\/"},"19":{"id":"264","structure_id":"26","section_number":"VIII-119","catch_line":"Composition; qualifications; term.","url":"http:\/\/charter.baltimorecode\/VIII-119\/","api_url":"http:\/\/charter.baltimorecode\/api\/law\/VIII-119\/"},"20":{"id":"265","structure_id":"26","section_number":"VIII-120","catch_line":"Compensation; expenses.","url":"http:\/\/charter.baltimorecode\/VIII-120\/","api_url":"http:\/\/charter.baltimorecode\/api\/law\/VIII-120\/"},"21":{"id":"266","structure_id":"26","section_number":"VIII-121","catch_line":"Officers.","url":"http:\/\/charter.baltimorecode\/VIII-121\/","api_url":"http:\/\/charter.baltimorecode\/api\/law\/VIII-121\/"},"22":{"id":"267","structure_id":"26","section_number":"VIII-122","catch_line":"Meetings.","url":"http:\/\/charter.baltimorecode\/VIII-122\/","api_url":"http:\/\/charter.baltimorecode\/api\/law\/VIII-122\/"},"23":{"id":"268","structure_id":"26","section_number":"VIII-123","catch_line":"Commission recommendations.","url":"http:\/\/charter.baltimorecode\/VIII-123\/","api_url":"http:\/\/charter.baltimorecode\/api\/law\/VIII-123\/"},"24":{"id":"269","structure_id":"26","section_number":"VIII-124","catch_line":"Submission to Council.","url":"http:\/\/charter.baltimorecode\/VIII-124\/","api_url":"http:\/\/charter.baltimorecode\/api\/law\/VIII-124\/"},"25":{"id":"270","structure_id":"26","section_number":"VIII-125","catch_line":"Council action.","url":"http:\/\/charter.baltimorecode\/VIII-125\/","api_url":"http:\/\/charter.baltimorecode\/api\/law\/VIII-125\/"},"26":{"id":"271","structure_id":"26","section_number":"VIII-130","catch_line":"Department established.","url":"http:\/\/charter.baltimorecode\/VIII-130\/","api_url":"http:\/\/charter.baltimorecode\/api\/law\/VIII-130\/"},"27":{"id":"272","structure_id":"26","section_number":"VIII-131","catch_line":"Director of General Services.","url":"http:\/\/charter.baltimorecode\/VIII-131\/","api_url":"http:\/\/charter.baltimorecode\/api\/law\/VIII-131\/"},"28":{"id":"273","structure_id":"26","section_number":"VIII-132","catch_line":"Powers and duties of Department.","url":"http:\/\/charter.baltimorecode\/VIII-132\/","api_url":"http:\/\/charter.baltimorecode\/api\/law\/VIII-132\/"},"29":{"id":"274","structure_id":"26","section_number":"VIII-133","catch_line":"Streets.","url":"http:\/\/charter.baltimorecode\/VIII-133\/","api_url":"http:\/\/charter.baltimorecode\/api\/law\/VIII-133\/"},"30":{"id":"275","structure_id":"26","section_number":"VIII-134","catch_line":"Correcting physical obstruction.","url":"http:\/\/charter.baltimorecode\/VIII-134\/","api_url":"http:\/\/charter.baltimorecode\/api\/law\/VIII-134\/"}},"next_section":{"id":"271","structure_id":"26","section_number":"VIII-130","catch_line":"Department established.","url":"http:\/\/charter.baltimorecode\/VIII-130\/","api_url":"http:\/\/charter.baltimorecode\/api\/law\/VIII-130\/"},"references":false,"url":"http:\/\/charter.baltimorecode\/VIII-125\/","dublin_core":{"Title":"Council action.","Type":"Text","Format":"text\/html","Identifier":"\u00a7 VIII-125","Relation":"Baltimore City Charter"},"html":"\n\t\t\t\t\t<section><p><p>(<span class=\"dictionary\"><\/span>a<span class=\"dictionary\"><\/span>)<span class=\"dictionary\"><\/span>Amendment<span class=\"dictionary\"><\/span> <span class=\"dictionary\"><\/span>not<span class=\"dictionary\"><\/span> <span class=\"dictionary\"><\/span>authorized<span class=\"dictionary\"><\/span>.<\/p>\n<p><span class=\"dictionary\"><\/span>The<span class=\"dictionary\"><\/span> <span class=\"dictionary\"><\/span>Council<span class=\"dictionary\"><\/span> <span class=\"dictionary\"><\/span>may<span class=\"dictionary\"><\/span> <span class=\"dictionary\"><\/span>not<span class=\"dictionary\"><\/span> <span class=\"dictionary\"><\/span>amend<span class=\"dictionary\"><\/span> <span class=\"dictionary\"><\/span>the<span class=\"dictionary\"><\/span> <span class=\"dictionary\"><\/span>Resolution<span class=\"dictionary\"><\/span> <span class=\"dictionary\"><\/span>to<span class=\"dictionary\"><\/span> <span class=\"dictionary\"><\/span>change<span class=\"dictionary\"><\/span> <span class=\"dictionary\"><\/span>or<span class=\"dictionary\"><\/span> <span class=\"dictionary\"><\/span>affect<span class=\"dictionary\"><\/span> <span class=\"dictionary\"><\/span>any<span class=\"dictionary\"><\/span> <span class=\"dictionary\"><\/span>recommended<span class=\"dictionary\"><\/span> <span class=\"dictionary\"><\/span>compensation<span class=\"dictionary\"><\/span>.<\/p>\n<p>(<span class=\"dictionary\"><\/span>b<span class=\"dictionary\"><\/span>)<span class=\"dictionary\"><\/span>Rejection<span class=\"dictionary\"><\/span> <span class=\"dictionary\"><\/span>by<span class=\"dictionary\"><\/span> <span class=\"dictionary\"><\/span>Council<span class=\"dictionary\"><\/span>.<\/p>\n<p><span class=\"dictionary\"><\/span>If<span class=\"dictionary\"><\/span>, <span class=\"dictionary\"><\/span>by<span class=\"dictionary\"><\/span> <span class=\"dictionary\"><\/span>a<span class=\"dictionary\"><\/span> <span class=\"dictionary\"><\/span>majority<span class=\"dictionary\"><\/span> <span class=\"dictionary\"><\/span>vote<span class=\"dictionary\"><\/span> <span class=\"dictionary\"><\/span>of<span class=\"dictionary\"><\/span> <span class=\"dictionary\"><\/span>all<span class=\"dictionary\"><\/span> <span class=\"dictionary\"><\/span>members<span class=\"dictionary\"><\/span>, <span class=\"dictionary\"><\/span>the<span class=\"dictionary\"><\/span> <span class=\"dictionary\"><\/span>City<span class=\"dictionary\"><\/span> <span class=\"dictionary\"><\/span>Council<span class=\"dictionary\"><\/span> <span class=\"dictionary\"><\/span>affirmatively<span class=\"dictionary\"><\/span> <span class=\"dictionary\"><\/span>rejects<span class=\"dictionary\"><\/span> <span class=\"dictionary\"><\/span>the<span class=\"dictionary\"><\/span> <span class=\"dictionary\"><\/span>Resolution<span class=\"dictionary\"><\/span> <span class=\"dictionary\"><\/span>on<span class=\"dictionary\"><\/span> <span class=\"dictionary\"><\/span>or<span class=\"dictionary\"><\/span><br \/>\n<span class=\"dictionary\"><\/span>before<span class=\"dictionary\"><\/span> <span class=\"dictionary\"><\/span>December<span class=\"dictionary\"><\/span> <span class=\"dictionary\"><\/span>15<span class=\"dictionary\"><\/span> <span class=\"dictionary\"><\/span>of<span class=\"dictionary\"><\/span> <span class=\"dictionary\"><\/span>the<span class=\"dictionary\"><\/span> <span class=\"dictionary\"><\/span>year<span class=\"dictionary\"><\/span> <span class=\"dictionary\"><\/span>preceding<span class=\"dictionary\"><\/span> <span class=\"dictionary\"><\/span>the<span class=\"dictionary\"><\/span> <span class=\"dictionary\"><\/span>mayoral<span class=\"dictionary\"><\/span> <span class=\"dictionary\"><\/span>general<span class=\"dictionary\"><\/span> <span class=\"dictionary\"><\/span>election<span class=\"dictionary\"><\/span>, <span class=\"dictionary\"><\/span>the<span class=\"dictionary\"><\/span> <span class=\"dictionary\"><\/span>compensation<span class=\"dictionary\"><\/span> <span class=\"dictionary\"><\/span>to<span class=\"dictionary\"><\/span> <span class=\"dictionary\"><\/span>be<span class=\"dictionary\"><\/span><br \/>\n<span class=\"dictionary\"><\/span>paid<span class=\"dictionary\"><\/span> <span class=\"dictionary\"><\/span>elected<span class=\"dictionary\"><\/span> <span class=\"dictionary\"><\/span>officials<span class=\"dictionary\"><\/span> <span class=\"dictionary\"><\/span>remains<span class=\"dictionary\"><\/span> <span class=\"dictionary\"><\/span>unchanged<span class=\"dictionary\"><\/span>.<\/p>\n<p>(<span class=\"dictionary\"><\/span>c<span class=\"dictionary\"><\/span>)<span class=\"dictionary\"><\/span>Adoption<span class=\"dictionary\"><\/span> <span class=\"dictionary\"><\/span>by<span class=\"dictionary\"><\/span> <span class=\"dictionary\"><\/span>Council<span class=\"dictionary\"><\/span>.<\/p>\n<p><span class=\"dictionary\"><\/span>If<span class=\"dictionary\"><\/span> <span class=\"dictionary\"><\/span>the<span class=\"dictionary\"><\/span> <span class=\"dictionary\"><\/span>Resolution<span class=\"dictionary\"><\/span> <span class=\"dictionary\"><\/span>is<span class=\"dictionary\"><\/span> <span class=\"dictionary\"><\/span>adopted<span class=\"dictionary\"><\/span> <span class=\"dictionary\"><\/span>on<span class=\"dictionary\"><\/span> <span class=\"dictionary\"><\/span>or<span class=\"dictionary\"><\/span> <span class=\"dictionary\"><\/span>before<span class=\"dictionary\"><\/span> <span class=\"dictionary\"><\/span>December<span class=\"dictionary\"><\/span> <span class=\"dictionary\"><\/span>15<span class=\"dictionary\"><\/span> <span class=\"dictionary\"><\/span>of<span class=\"dictionary\"><\/span> <span class=\"dictionary\"><\/span>the<span class=\"dictionary\"><\/span> <span class=\"dictionary\"><\/span>year<span class=\"dictionary\"><\/span> <span class=\"dictionary\"><\/span>preceding<span class=\"dictionary\"><\/span> <span class=\"dictionary\"><\/span>the<span class=\"dictionary\"><\/span> <span class=\"dictionary\"><\/span>mayoral<span class=\"dictionary\"><\/span> <span class=\"dictionary\"><\/span>general<span class=\"dictionary\"><\/span><br \/>\n<span class=\"dictionary\"><\/span>election<span class=\"dictionary\"><\/span>, <span class=\"dictionary\"><\/span>or<span class=\"dictionary\"><\/span> <span class=\"dictionary\"><\/span>if<span class=\"dictionary\"><\/span> <span class=\"dictionary\"><\/span>the<span class=\"dictionary\"><\/span> <span class=\"dictionary\"><\/span>City<span class=\"dictionary\"><\/span> <span class=\"dictionary\"><\/span>Council<span class=\"dictionary\"><\/span> <span class=\"dictionary\"><\/span>fails<span class=\"dictionary\"><\/span> <span class=\"dictionary\"><\/span>to<span class=\"dictionary\"><\/span> <span class=\"dictionary\"><\/span>adopt<span class=\"dictionary\"><\/span> <span class=\"dictionary\"><\/span>or<span class=\"dictionary\"><\/span> <span class=\"dictionary\"><\/span>reject<span class=\"dictionary\"><\/span> <span class=\"dictionary\"><\/span>the<span class=\"dictionary\"><\/span> <span class=\"dictionary\"><\/span>Resolution<span class=\"dictionary\"><\/span> <span class=\"dictionary\"><\/span>on<span class=\"dictionary\"><\/span> <span class=\"dictionary\"><\/span>or<span class=\"dictionary\"><\/span> <span class=\"dictionary\"><\/span>before<span class=\"dictionary\"><\/span> <span class=\"dictionary\"><\/span>that<span class=\"dictionary\"><\/span> <span class=\"dictionary\"><\/span>date<span class=\"dictionary\"><\/span>, <span class=\"dictionary\"><\/span>the<span class=\"dictionary\"><\/span><br \/>\n<span class=\"dictionary\"><\/span>compensation<span class=\"dictionary\"><\/span> <span class=\"dictionary\"><\/span>recommended<span class=\"dictionary\"><\/span> <span class=\"dictionary\"><\/span>by<span class=\"dictionary\"><\/span> <span class=\"dictionary\"><\/span>the<span class=\"dictionary\"><\/span> <span class=\"dictionary\"><\/span>Commission<span class=\"dictionary\"><\/span> <span class=\"dictionary\"><\/span>will<span class=\"dictionary\"><\/span> <span class=\"dictionary\"><\/span>apply<span class=\"dictionary\"><\/span>, <span class=\"dictionary\"><\/span>effective<span class=\"dictionary\"><\/span> <span class=\"dictionary\"><\/span>at<span class=\"dictionary\"><\/span> <span class=\"dictionary\"><\/span>the<span class=\"dictionary\"><\/span> <span class=\"dictionary\"><\/span>beginning<span class=\"dictionary\"><\/span> <span class=\"dictionary\"><\/span>of<span class=\"dictionary\"><\/span> <span class=\"dictionary\"><\/span>the<span class=\"dictionary\"><\/span> <span class=\"dictionary\"><\/span>next<span class=\"dictionary\"><\/span><br \/>\n<span class=\"dictionary\"><\/span>term<span class=\"dictionary\"><\/span> <span class=\"dictionary\"><\/span>of<span class=\"dictionary\"><\/span> <span class=\"dictionary\"><\/span>office<span class=\"dictionary\"><\/span>.<br \/>\n(<span class=\"dictionary\"><\/span>Res<span class=\"dictionary\"><\/span>. <span class=\"dictionary\"><\/span>05<span class=\"dictionary\"><\/span>-<span class=\"dictionary\"><\/span>009<span class=\"dictionary\"><\/span>, <span class=\"dictionary\"><\/span>ratified<span class=\"dictionary\"><\/span> <span class=\"dictionary\"><\/span>Nov<span class=\"dictionary\"><\/span>. <span class=\"dictionary\"><\/span>7<span class=\"dictionary\"><\/span>, <span class=\"dictionary\"><\/span>2006<span class=\"dictionary\"><\/span>.)<\/p>\n<p><span class=\"dictionary\"><\/span>Department<span class=\"dictionary\"><\/span> <span class=\"dictionary\"><\/span>of<span class=\"dictionary\"><\/span> <span class=\"dictionary\"><\/span>General<span class=\"dictionary\"><\/span> <span class=\"dictionary\"><\/span>Services<span class=\"dictionary\"><\/span><\/p>\n<\/p><\/section>","plain_text":"                              BALTIMORE CITY CHARTER\n\nCOUNCIL ACTION. (\u00a7 VIII-125)\n\n(a)Amendment not authorized.\nThe Council may not amend the Resolution to change or affect any recommended\ncompensation.\n(b)Rejection by Council.\nIf, by a majority vote of all members, the City Council affirmatively rejects\nthe Resolution on or\nbefore December 15 of the year preceding the mayoral general election, the\ncompensation to be\npaid elected officials remains unchanged.\n(c)Adoption by Council.\nIf the Resolution is adopted on or before December 15 of the year preceding the\nmayoral general\nelection, or if the City Council fails to adopt or reject the Resolution on or\nbefore that date, the\ncompensation recommended by the Commission will apply, effective at the\nbeginning of the next\nterm of office.\n(Res. 05-009, ratified Nov. 7, 2006.)\nDepartment of General Services\n","previous_section":{"id":"269","structure_id":"26","section_number":"VIII-124","catch_line":"Submission to Council.","url":"http:\/\/charter.baltimorecode\/VIII-124\/","api_url":"http:\/\/charter.baltimorecode\/api\/law\/VIII-124\/"},"text":{"0":{"id":"270","text":"(a)Amendment not authorized.\nThe Council may not amend the Resolution to change or affect any recommended compensation.\n(b)Rejection by Council.\nIf, by a majority vote of all members, the City Council affirmatively rejects the Resolution on or\nbefore December 15 of the year preceding the mayoral general election, the compensation to be\npaid elected officials remains unchanged.\n(c)Adoption by Council.\nIf the Resolution is adopted on or before December 15 of the year preceding the mayoral general\nelection, or if the City Council fails to adopt or reject the Resolution on or before that date, the\ncompensation recommended by the Commission will apply, effective at the beginning of the next\nterm of office.\n(Res. 05-009, ratified Nov. 7, 2006.)\nDepartment of General Services\n","type":"section","prefixes":[""],"prefix":"","entire_prefix":"","prefix_anchor":"","level":1}}}