{"section_number":"VIII-122","section_id":"267","structure_id":"9","catch_line":"Meetings.","history":"","full_text":" (a)Quorum.\n\n5 members of the Commission constitute a quorum.\n\n (b) Votes for action.\n\n  (1)An affirmative vote of at least 4 members is needed for any action by the Commission.\n\n  (2)The Commission\u2019s records must show how each member voted on each question.\n\n (c)Open Meetings.\n\nAll meetings of the Commission must be conducted in accordance with the Open Meetings Act,\nState Government Article Title 10, Subtitle 5.\n(Res. 05-009, ratified Nov. 7, 2006.)\r\r","ancestry":{"1":{"id":"9","name":"Franchises","identifier":"VIII","label":"article","url":"http:\/\/charter.baltimorecode.localhost\/VIII\/"}},"structure_contents":{"0":{"id":"253","structure_id":"9","section_number":"VIII-1","catch_line":"Authority to grant.","url":"http:\/\/charter.baltimorecode.localhost\/VIII-1\/","api_url":"http:\/\/charter.baltimorecode.localhost\/api\/law\/VIII-1\/"},"1":{"id":"254","structure_id":"9","section_number":"VIII-111","catch_line":"Repealed by Res. 00-010, ratified November 2000.","url":"http:\/\/charter.baltimorecode.localhost\/VIII-111\/","api_url":"http:\/\/charter.baltimorecode.localhost\/api\/law\/VIII-111\/"},"2":{"id":"255","structure_id":"9","section_number":"VIII-111","catch_line":"Repealed by Res. 00-010, ratified November 2000.","url":"http:\/\/charter.baltimorecode.localhost\/VIII-111\/","api_url":"http:\/\/charter.baltimorecode.localhost\/api\/law\/VIII-111\/"},"3":{"id":"256","structure_id":"9","section_number":"VIII-111","catch_line":"Repealed by Res. 00-010, ratified November 2000.","url":"http:\/\/charter.baltimorecode.localhost\/VIII-111\/","api_url":"http:\/\/charter.baltimorecode.localhost\/api\/law\/VIII-111\/"},"4":{"id":"257","structure_id":"9","section_number":"VIII-114","catch_line":"Department established.","url":"http:\/\/charter.baltimorecode.localhost\/VIII-114\/","api_url":"http:\/\/charter.baltimorecode.localhost\/api\/law\/VIII-114\/"},"5":{"id":"258","structure_id":"9","section_number":"VIII-115","catch_line":"Director of Transportation.","url":"http:\/\/charter.baltimorecode.localhost\/VIII-115\/","api_url":"http:\/\/charter.baltimorecode.localhost\/api\/law\/VIII-115\/"},"6":{"id":"259","structure_id":"9","section_number":"VIII-116","catch_line":"Powers and duties of Department.","url":"http:\/\/charter.baltimorecode.localhost\/VIII-116\/","api_url":"http:\/\/charter.baltimorecode.localhost\/api\/law\/VIII-116\/"},"7":{"id":"260","structure_id":"9","section_number":"VIII-116A","catch_line":"Assessment of benefits and damages.","url":"http:\/\/charter.baltimorecode.localhost\/VIII-116A\/","api_url":"http:\/\/charter.baltimorecode.localhost\/api\/law\/VIII-116A\/"},"8":{"id":"261","structure_id":"9","section_number":"VIII-116B","catch_line":"Correcting physical obstruction.","url":"http:\/\/charter.baltimorecode.localhost\/VIII-116B\/","api_url":"http:\/\/charter.baltimorecode.localhost\/api\/law\/VIII-116B\/"},"9":{"id":"262","structure_id":"9","section_number":"VIII-117","catch_line":"Definitions.","url":"http:\/\/charter.baltimorecode.localhost\/VIII-117\/","api_url":"http:\/\/charter.baltimorecode.localhost\/api\/law\/VIII-117\/"},"10":{"id":"263","structure_id":"9","section_number":"VIII-118","catch_line":"Commission established.","url":"http:\/\/charter.baltimorecode.localhost\/VIII-118\/","api_url":"http:\/\/charter.baltimorecode.localhost\/api\/law\/VIII-118\/"},"11":{"id":"264","structure_id":"9","section_number":"VIII-119","catch_line":"Composition; qualifications; term.","url":"http:\/\/charter.baltimorecode.localhost\/VIII-119\/","api_url":"http:\/\/charter.baltimorecode.localhost\/api\/law\/VIII-119\/"},"12":{"id":"265","structure_id":"9","section_number":"VIII-120","catch_line":"Compensation; expenses.","url":"http:\/\/charter.baltimorecode.localhost\/VIII-120\/","api_url":"http:\/\/charter.baltimorecode.localhost\/api\/law\/VIII-120\/"},"13":{"id":"266","structure_id":"9","section_number":"VIII-121","catch_line":"Officers.","url":"http:\/\/charter.baltimorecode.localhost\/VIII-121\/","api_url":"http:\/\/charter.baltimorecode.localhost\/api\/law\/VIII-121\/"},"14":{"id":"267","structure_id":"9","section_number":"VIII-122","catch_line":"Meetings.","url":"http:\/\/charter.baltimorecode.localhost\/VIII-122\/","api_url":"http:\/\/charter.baltimorecode.localhost\/api\/law\/VIII-122\/"},"15":{"id":"268","structure_id":"9","section_number":"VIII-123","catch_line":"Commission recommendations.","url":"http:\/\/charter.baltimorecode.localhost\/VIII-123\/","api_url":"http:\/\/charter.baltimorecode.localhost\/api\/law\/VIII-123\/"},"16":{"id":"269","structure_id":"9","section_number":"VIII-124","catch_line":"Submission to Council.","url":"http:\/\/charter.baltimorecode.localhost\/VIII-124\/","api_url":"http:\/\/charter.baltimorecode.localhost\/api\/law\/VIII-124\/"},"17":{"id":"270","structure_id":"9","section_number":"VIII-125","catch_line":"Council action.","url":"http:\/\/charter.baltimorecode.localhost\/VIII-125\/","api_url":"http:\/\/charter.baltimorecode.localhost\/api\/law\/VIII-125\/"},"18":{"id":"271","structure_id":"9","section_number":"VIII-130","catch_line":"Department established.","url":"http:\/\/charter.baltimorecode.localhost\/VIII-130\/","api_url":"http:\/\/charter.baltimorecode.localhost\/api\/law\/VIII-130\/"},"19":{"id":"272","structure_id":"9","section_number":"VIII-131","catch_line":"Director of General Services.","url":"http:\/\/charter.baltimorecode.localhost\/VIII-131\/","api_url":"http:\/\/charter.baltimorecode.localhost\/api\/law\/VIII-131\/"},"20":{"id":"273","structure_id":"9","section_number":"VIII-132","catch_line":"Powers and duties of Department.","url":"http:\/\/charter.baltimorecode.localhost\/VIII-132\/","api_url":"http:\/\/charter.baltimorecode.localhost\/api\/law\/VIII-132\/"},"21":{"id":"274","structure_id":"9","section_number":"VIII-133","catch_line":"Streets.","url":"http:\/\/charter.baltimorecode.localhost\/VIII-133\/","api_url":"http:\/\/charter.baltimorecode.localhost\/api\/law\/VIII-133\/"},"22":{"id":"275","structure_id":"9","section_number":"VIII-134","catch_line":"Correcting physical obstruction.","url":"http:\/\/charter.baltimorecode.localhost\/VIII-134\/","api_url":"http:\/\/charter.baltimorecode.localhost\/api\/law\/VIII-134\/"},"23":{"id":"276","structure_id":"9","section_number":"VIII-2","catch_line":"Procedures; compensation; minor privileges.","url":"http:\/\/charter.baltimorecode.localhost\/VIII-2\/","api_url":"http:\/\/charter.baltimorecode.localhost\/api\/law\/VIII-2\/"},"24":{"id":"277","structure_id":"9","section_number":"VIII-3","catch_line":"Duration.","url":"http:\/\/charter.baltimorecode.localhost\/VIII-3\/","api_url":"http:\/\/charter.baltimorecode.localhost\/api\/law\/VIII-3\/"},"25":{"id":"278","structure_id":"9","section_number":"VIII-4","catch_line":"Street railways.","url":"http:\/\/charter.baltimorecode.localhost\/VIII-4\/","api_url":"http:\/\/charter.baltimorecode.localhost\/api\/law\/VIII-4\/"},"26":{"id":"279","structure_id":"9","section_number":"VIII-5","catch_line":"Trackless trolleys.","url":"http:\/\/charter.baltimorecode.localhost\/VIII-5\/","api_url":"http:\/\/charter.baltimorecode.localhost\/api\/law\/VIII-5\/"},"27":{"id":"280","structure_id":"9","section_number":"VIII-6","catch_line":"Advertising.","url":"http:\/\/charter.baltimorecode.localhost\/VIII-6\/","api_url":"http:\/\/charter.baltimorecode.localhost\/api\/law\/VIII-6\/"},"28":{"id":"281","structure_id":"9","section_number":"VIII-7","catch_line":"Reservation of rights.","url":"http:\/\/charter.baltimorecode.localhost\/VIII-7\/","api_url":"http:\/\/charter.baltimorecode.localhost\/api\/law\/VIII-7\/"},"29":{"id":"282","structure_id":"9","section_number":"VIII-8","catch_line":"Renewals.","url":"http:\/\/charter.baltimorecode.localhost\/VIII-8\/","api_url":"http:\/\/charter.baltimorecode.localhost\/api\/law\/VIII-8\/"},"30":{"id":"283","structure_id":"9","section_number":"VIII-9","catch_line":"Minor privileges.","url":"http:\/\/charter.baltimorecode.localhost\/VIII-9\/","api_url":"http:\/\/charter.baltimorecode.localhost\/api\/law\/VIII-9\/"}},"next_section":{"id":"268","structure_id":"9","section_number":"VIII-123","catch_line":"Commission recommendations.","url":"http:\/\/charter.baltimorecode.localhost\/VIII-123\/","api_url":"http:\/\/charter.baltimorecode.localhost\/api\/law\/VIII-123\/"},"references":false,"url":"http:\/\/charter.baltimorecode.localhost\/VIII-122\/","dublin_core":{"Title":"Meetings.","Type":"Text","Format":"text\/html","Identifier":"\u00a7 VIII-122","Relation":"Baltimore City Charter"},"html":"\n\t\t\t\t\t<section><p><p>(<span class=\"dictionary\"><\/span>a<span class=\"dictionary\"><\/span>)<span class=\"dictionary\"><\/span>Quorum<span class=\"dictionary\"><\/span>.<\/p>\n<p><span class=\"dictionary\"><\/span>5<span class=\"dictionary\"><\/span> <span class=\"dictionary\"><\/span>members<span class=\"dictionary\"><\/span> <span class=\"dictionary\"><\/span>of<span class=\"dictionary\"><\/span> <span class=\"dictionary\"><\/span>the<span class=\"dictionary\"><\/span> <span class=\"dictionary\"><\/span>Commission<span class=\"dictionary\"><\/span> <span class=\"dictionary\"><\/span>constitute<span class=\"dictionary\"><\/span> <span class=\"dictionary\"><\/span>a<span class=\"dictionary\"><\/span> <span class=\"dictionary\"><\/span>quorum<span class=\"dictionary\"><\/span>.<\/p>\n<p> (<span class=\"dictionary\"><\/span>b<span class=\"dictionary\"><\/span>) <span class=\"dictionary\"><\/span>Votes<span class=\"dictionary\"><\/span> <span class=\"dictionary\"><\/span>for<span class=\"dictionary\"><\/span> <span class=\"dictionary\"><\/span>action<span class=\"dictionary\"><\/span>.<\/p>\n<p>  (<span class=\"dictionary\"><\/span>1<span class=\"dictionary\"><\/span>)<span class=\"dictionary\"><\/span>An<span class=\"dictionary\"><\/span> <span class=\"dictionary\"><\/span>affirmative<span class=\"dictionary\"><\/span> <span class=\"dictionary\"><\/span>vote<span class=\"dictionary\"><\/span> <span class=\"dictionary\"><\/span>of<span class=\"dictionary\"><\/span> <span class=\"dictionary\"><\/span>at<span class=\"dictionary\"><\/span> <span class=\"dictionary\"><\/span>least<span class=\"dictionary\"><\/span> <span class=\"dictionary\"><\/span>4<span class=\"dictionary\"><\/span> <span class=\"dictionary\"><\/span>members<span class=\"dictionary\"><\/span> <span class=\"dictionary\"><\/span>is<span class=\"dictionary\"><\/span> <span class=\"dictionary\"><\/span>needed<span class=\"dictionary\"><\/span> <span class=\"dictionary\"><\/span>for<span class=\"dictionary\"><\/span> <span class=\"dictionary\"><\/span>any<span class=\"dictionary\"><\/span> <span class=\"dictionary\"><\/span>action<span class=\"dictionary\"><\/span> <span class=\"dictionary\"><\/span>by<span class=\"dictionary\"><\/span> <span class=\"dictionary\"><\/span>the<span class=\"dictionary\"><\/span> <span class=\"dictionary\"><\/span>Commission<span class=\"dictionary\"><\/span>.<\/p>\n<p>  (<span class=\"dictionary\"><\/span>2<span class=\"dictionary\"><\/span>)<span class=\"dictionary\"><\/span>The<span class=\"dictionary\"><\/span> <span class=\"dictionary\"><\/span>Commission<span class=\"dictionary\"><\/span>\u2019<span class=\"dictionary\">s<\/span><span class=\"dictionary\"><\/span> <span class=\"dictionary\"><\/span>records<span class=\"dictionary\"><\/span> <span class=\"dictionary\"><\/span>must<span class=\"dictionary\"><\/span> <span class=\"dictionary\"><\/span>show<span class=\"dictionary\"><\/span> <span class=\"dictionary\"><\/span>how<span class=\"dictionary\"><\/span> <span class=\"dictionary\"><\/span>each<span class=\"dictionary\"><\/span> <span class=\"dictionary\"><\/span>member<span class=\"dictionary\"><\/span> <span class=\"dictionary\"><\/span>voted<span class=\"dictionary\"><\/span> <span class=\"dictionary\"><\/span>on<span class=\"dictionary\"><\/span> <span class=\"dictionary\"><\/span>each<span class=\"dictionary\"><\/span> <span class=\"dictionary\"><\/span>question<span class=\"dictionary\"><\/span>.<\/p>\n<p> (<span class=\"dictionary\"><\/span>c<span class=\"dictionary\"><\/span>)<span class=\"dictionary\"><\/span>Open<span class=\"dictionary\"><\/span> <span class=\"dictionary\"><\/span>Meetings<span class=\"dictionary\"><\/span>.<\/p>\n<p><span class=\"dictionary\"><\/span>All<span class=\"dictionary\"><\/span> <span class=\"dictionary\"><\/span>meetings<span class=\"dictionary\"><\/span> <span class=\"dictionary\"><\/span>of<span class=\"dictionary\"><\/span> <span class=\"dictionary\"><\/span>the<span class=\"dictionary\"><\/span> <span class=\"dictionary\"><\/span>Commission<span class=\"dictionary\"><\/span> <span class=\"dictionary\"><\/span>must<span class=\"dictionary\"><\/span> <span class=\"dictionary\"><\/span>be<span class=\"dictionary\"><\/span> <span class=\"dictionary\"><\/span>conducted<span class=\"dictionary\"><\/span> <span class=\"dictionary\"><\/span>in<span class=\"dictionary\"><\/span> <span class=\"dictionary\"><\/span>accordance<span class=\"dictionary\"><\/span> <span class=\"dictionary\"><\/span>with<span class=\"dictionary\"><\/span> <span class=\"dictionary\"><\/span>the<span class=\"dictionary\"><\/span> <span class=\"dictionary\"><\/span>Open<span class=\"dictionary\"><\/span> <span class=\"dictionary\"><\/span>Meetings<span class=\"dictionary\"><\/span> <span class=\"dictionary\"><\/span>Act<span class=\"dictionary\"><\/span>,<br \/>\n<span class=\"dictionary\"><\/span>State<span class=\"dictionary\"><\/span> <span class=\"dictionary\"><\/span>Government<span class=\"dictionary\"><\/span> <span class=\"dictionary\"><\/span>Article<span class=\"dictionary\"><\/span> <span class=\"dictionary\"><\/span>Title<span class=\"dictionary\"><\/span> <span class=\"dictionary\"><\/span>10<span class=\"dictionary\"><\/span>, <span class=\"dictionary\"><\/span>Subtitle<span class=\"dictionary\"><\/span> <span class=\"dictionary\"><\/span>5<span class=\"dictionary\"><\/span>.<br \/>\n(<span class=\"dictionary\"><\/span>Res<span class=\"dictionary\"><\/span>. <span class=\"dictionary\"><\/span>05<span class=\"dictionary\"><\/span>-<span class=\"dictionary\"><\/span>009<span class=\"dictionary\"><\/span>, <span class=\"dictionary\"><\/span>ratified<span class=\"dictionary\"><\/span> <span class=\"dictionary\"><\/span>Nov<span class=\"dictionary\"><\/span>. <span class=\"dictionary\"><\/span>7<span class=\"dictionary\"><\/span>, <span class=\"dictionary\"><\/span>2006<span class=\"dictionary\"><\/span>.)<\/p>\n<\/p><\/section>","plain_text":"                              BALTIMORE CITY CHARTER\n\nMEETINGS. (\u00a7 VIII-122)\n\n(a)Quorum.\n5 members of the Commission constitute a quorum.\n (b) Votes for action.\n  (1)An affirmative vote of at least 4 members is needed for any action by the\nCommission.\n  (2)The Commission\u2019s records must show how each member voted on each\nquestion.\n (c)Open Meetings.\nAll meetings of the Commission must be conducted in accordance with the Open\nMeetings Act,\nState Government Article Title 10, Subtitle 5.\n(Res. 05-009, ratified Nov. 7, 2006.)\n","previous_section":{"id":"266","structure_id":"9","section_number":"VIII-121","catch_line":"Officers.","url":"http:\/\/charter.baltimorecode.localhost\/VIII-121\/","api_url":"http:\/\/charter.baltimorecode.localhost\/api\/law\/VIII-121\/"},"text":{"0":{"id":"267","text":"(a)Quorum.\n5 members of the Commission constitute a quorum.\n (b) Votes for action.\n  (1)An affirmative vote of at least 4 members is needed for any action by the Commission.\n  (2)The Commission\u2019s records must show how each member voted on each question.\n (c)Open Meetings.\nAll meetings of the Commission must be conducted in accordance with the Open Meetings Act,\nState Government Article Title 10, Subtitle 5.\n(Res. 05-009, ratified Nov. 7, 2006.)\n","type":"section","prefixes":[""],"prefix":"","entire_prefix":"","prefix_anchor":"","level":1}}}