{"section_number":"VIII-121","section_id":"266","structure_id":"26","catch_line":"Officers.","history":"","full_text":" (a)  Chair.\n\nThe Commission shall elect a chair from among its members.\n\n (b)Others.\n\nThe Commission may elect a Vice-Chair and other officers from among its members.\n(Res. 05-009, ratified Nov. 7, 2006.)\r\r","ancestry":{"1":{"id":"26","name":"Franchises","identifier":"VIII","label":"article","url":"http:\/\/charter.baltimorecode\/VIII\/"}},"structure_contents":{"0":{"id":"253","structure_id":"26","section_number":"VIII-1","catch_line":"Authority to grant.","url":"http:\/\/charter.baltimorecode\/VIII-1\/","api_url":"http:\/\/charter.baltimorecode\/api\/law\/VIII-1\/"},"1":{"id":"276","structure_id":"26","section_number":"VIII-2","catch_line":"Procedures; compensation; minor privileges.","url":"http:\/\/charter.baltimorecode\/VIII-2\/","api_url":"http:\/\/charter.baltimorecode\/api\/law\/VIII-2\/"},"2":{"id":"277","structure_id":"26","section_number":"VIII-3","catch_line":"Duration.","url":"http:\/\/charter.baltimorecode\/VIII-3\/","api_url":"http:\/\/charter.baltimorecode\/api\/law\/VIII-3\/"},"3":{"id":"278","structure_id":"26","section_number":"VIII-4","catch_line":"Street railways.","url":"http:\/\/charter.baltimorecode\/VIII-4\/","api_url":"http:\/\/charter.baltimorecode\/api\/law\/VIII-4\/"},"4":{"id":"279","structure_id":"26","section_number":"VIII-5","catch_line":"Trackless trolleys.","url":"http:\/\/charter.baltimorecode\/VIII-5\/","api_url":"http:\/\/charter.baltimorecode\/api\/law\/VIII-5\/"},"5":{"id":"280","structure_id":"26","section_number":"VIII-6","catch_line":"Advertising.","url":"http:\/\/charter.baltimorecode\/VIII-6\/","api_url":"http:\/\/charter.baltimorecode\/api\/law\/VIII-6\/"},"6":{"id":"281","structure_id":"26","section_number":"VIII-7","catch_line":"Reservation of rights.","url":"http:\/\/charter.baltimorecode\/VIII-7\/","api_url":"http:\/\/charter.baltimorecode\/api\/law\/VIII-7\/"},"7":{"id":"282","structure_id":"26","section_number":"VIII-8","catch_line":"Renewals.","url":"http:\/\/charter.baltimorecode\/VIII-8\/","api_url":"http:\/\/charter.baltimorecode\/api\/law\/VIII-8\/"},"8":{"id":"283","structure_id":"26","section_number":"VIII-9","catch_line":"Minor privileges.","url":"http:\/\/charter.baltimorecode\/VIII-9\/","api_url":"http:\/\/charter.baltimorecode\/api\/law\/VIII-9\/"},"9":{"id":"254","structure_id":"26","section_number":"VIII-111","catch_line":"Repealed by Res. 00-010, ratified November 2000.","url":"http:\/\/charter.baltimorecode\/VIII-111\/","api_url":"http:\/\/charter.baltimorecode\/api\/law\/VIII-111\/"},"10":{"id":"256","structure_id":"26","section_number":"VIII-111","catch_line":"Repealed by Res. 00-010, ratified November 2000.","url":"http:\/\/charter.baltimorecode\/VIII-111\/","api_url":"http:\/\/charter.baltimorecode\/api\/law\/VIII-111\/"},"11":{"id":"255","structure_id":"26","section_number":"VIII-111","catch_line":"Repealed by Res. 00-010, ratified November 2000.","url":"http:\/\/charter.baltimorecode\/VIII-111\/","api_url":"http:\/\/charter.baltimorecode\/api\/law\/VIII-111\/"},"12":{"id":"257","structure_id":"26","section_number":"VIII-114","catch_line":"Department established.","url":"http:\/\/charter.baltimorecode\/VIII-114\/","api_url":"http:\/\/charter.baltimorecode\/api\/law\/VIII-114\/"},"13":{"id":"258","structure_id":"26","section_number":"VIII-115","catch_line":"Director of Transportation.","url":"http:\/\/charter.baltimorecode\/VIII-115\/","api_url":"http:\/\/charter.baltimorecode\/api\/law\/VIII-115\/"},"14":{"id":"259","structure_id":"26","section_number":"VIII-116","catch_line":"Powers and duties of Department.","url":"http:\/\/charter.baltimorecode\/VIII-116\/","api_url":"http:\/\/charter.baltimorecode\/api\/law\/VIII-116\/"},"15":{"id":"260","structure_id":"26","section_number":"VIII-116A","catch_line":"Assessment of benefits and damages.","url":"http:\/\/charter.baltimorecode\/VIII-116A\/","api_url":"http:\/\/charter.baltimorecode\/api\/law\/VIII-116A\/"},"16":{"id":"261","structure_id":"26","section_number":"VIII-116B","catch_line":"Correcting physical obstruction.","url":"http:\/\/charter.baltimorecode\/VIII-116B\/","api_url":"http:\/\/charter.baltimorecode\/api\/law\/VIII-116B\/"},"17":{"id":"262","structure_id":"26","section_number":"VIII-117","catch_line":"Definitions.","url":"http:\/\/charter.baltimorecode\/VIII-117\/","api_url":"http:\/\/charter.baltimorecode\/api\/law\/VIII-117\/"},"18":{"id":"263","structure_id":"26","section_number":"VIII-118","catch_line":"Commission established.","url":"http:\/\/charter.baltimorecode\/VIII-118\/","api_url":"http:\/\/charter.baltimorecode\/api\/law\/VIII-118\/"},"19":{"id":"264","structure_id":"26","section_number":"VIII-119","catch_line":"Composition; qualifications; term.","url":"http:\/\/charter.baltimorecode\/VIII-119\/","api_url":"http:\/\/charter.baltimorecode\/api\/law\/VIII-119\/"},"20":{"id":"265","structure_id":"26","section_number":"VIII-120","catch_line":"Compensation; expenses.","url":"http:\/\/charter.baltimorecode\/VIII-120\/","api_url":"http:\/\/charter.baltimorecode\/api\/law\/VIII-120\/"},"21":{"id":"266","structure_id":"26","section_number":"VIII-121","catch_line":"Officers.","url":"http:\/\/charter.baltimorecode\/VIII-121\/","api_url":"http:\/\/charter.baltimorecode\/api\/law\/VIII-121\/"},"22":{"id":"267","structure_id":"26","section_number":"VIII-122","catch_line":"Meetings.","url":"http:\/\/charter.baltimorecode\/VIII-122\/","api_url":"http:\/\/charter.baltimorecode\/api\/law\/VIII-122\/"},"23":{"id":"268","structure_id":"26","section_number":"VIII-123","catch_line":"Commission recommendations.","url":"http:\/\/charter.baltimorecode\/VIII-123\/","api_url":"http:\/\/charter.baltimorecode\/api\/law\/VIII-123\/"},"24":{"id":"269","structure_id":"26","section_number":"VIII-124","catch_line":"Submission to Council.","url":"http:\/\/charter.baltimorecode\/VIII-124\/","api_url":"http:\/\/charter.baltimorecode\/api\/law\/VIII-124\/"},"25":{"id":"270","structure_id":"26","section_number":"VIII-125","catch_line":"Council action.","url":"http:\/\/charter.baltimorecode\/VIII-125\/","api_url":"http:\/\/charter.baltimorecode\/api\/law\/VIII-125\/"},"26":{"id":"271","structure_id":"26","section_number":"VIII-130","catch_line":"Department established.","url":"http:\/\/charter.baltimorecode\/VIII-130\/","api_url":"http:\/\/charter.baltimorecode\/api\/law\/VIII-130\/"},"27":{"id":"272","structure_id":"26","section_number":"VIII-131","catch_line":"Director of General Services.","url":"http:\/\/charter.baltimorecode\/VIII-131\/","api_url":"http:\/\/charter.baltimorecode\/api\/law\/VIII-131\/"},"28":{"id":"273","structure_id":"26","section_number":"VIII-132","catch_line":"Powers and duties of Department.","url":"http:\/\/charter.baltimorecode\/VIII-132\/","api_url":"http:\/\/charter.baltimorecode\/api\/law\/VIII-132\/"},"29":{"id":"274","structure_id":"26","section_number":"VIII-133","catch_line":"Streets.","url":"http:\/\/charter.baltimorecode\/VIII-133\/","api_url":"http:\/\/charter.baltimorecode\/api\/law\/VIII-133\/"},"30":{"id":"275","structure_id":"26","section_number":"VIII-134","catch_line":"Correcting physical obstruction.","url":"http:\/\/charter.baltimorecode\/VIII-134\/","api_url":"http:\/\/charter.baltimorecode\/api\/law\/VIII-134\/"}},"next_section":{"id":"267","structure_id":"26","section_number":"VIII-122","catch_line":"Meetings.","url":"http:\/\/charter.baltimorecode\/VIII-122\/","api_url":"http:\/\/charter.baltimorecode\/api\/law\/VIII-122\/"},"references":false,"url":"http:\/\/charter.baltimorecode\/VIII-121\/","dublin_core":{"Title":"Officers.","Type":"Text","Format":"text\/html","Identifier":"\u00a7 VIII-121","Relation":"Baltimore City Charter"},"html":"\n\t\t\t\t\t<section><p><p>(<span class=\"dictionary\"><\/span>a<span class=\"dictionary\"><\/span>)  <span class=\"dictionary\"><\/span>Chair<span class=\"dictionary\"><\/span>.<\/p>\n<p><span class=\"dictionary\"><\/span>The<span class=\"dictionary\"><\/span> <span class=\"dictionary\"><\/span>Commission<span class=\"dictionary\"><\/span> <span class=\"dictionary\"><\/span>shall<span class=\"dictionary\"><\/span> <span class=\"dictionary\"><\/span>elect<span class=\"dictionary\"><\/span> <span class=\"dictionary\"><\/span>a<span class=\"dictionary\"><\/span> <span class=\"dictionary\"><\/span>chair<span class=\"dictionary\"><\/span> <span class=\"dictionary\"><\/span>from<span class=\"dictionary\"><\/span> <span class=\"dictionary\"><\/span>among<span class=\"dictionary\"><\/span> <span class=\"dictionary\"><\/span>its<span class=\"dictionary\"><\/span> <span class=\"dictionary\"><\/span>members<span class=\"dictionary\"><\/span>.<\/p>\n<p> (<span class=\"dictionary\"><\/span>b<span class=\"dictionary\"><\/span>)<span class=\"dictionary\"><\/span>Others<span class=\"dictionary\"><\/span>.<\/p>\n<p><span class=\"dictionary\"><\/span>The<span class=\"dictionary\"><\/span> <span class=\"dictionary\"><\/span>Commission<span class=\"dictionary\"><\/span> <span class=\"dictionary\"><\/span>may<span class=\"dictionary\"><\/span> <span class=\"dictionary\"><\/span>elect<span class=\"dictionary\"><\/span> <span class=\"dictionary\"><\/span>a<span class=\"dictionary\"><\/span> <span class=\"dictionary\"><\/span>Vice<span class=\"dictionary\"><\/span>-<span class=\"dictionary\"><\/span>Chair<span class=\"dictionary\"><\/span> <span class=\"dictionary\"><\/span>and<span class=\"dictionary\"><\/span> <span class=\"dictionary\"><\/span>other<span class=\"dictionary\"><\/span> <span class=\"dictionary\"><\/span>officers<span class=\"dictionary\"><\/span> <span class=\"dictionary\"><\/span>from<span class=\"dictionary\"><\/span> <span class=\"dictionary\"><\/span>among<span class=\"dictionary\"><\/span> <span class=\"dictionary\"><\/span>its<span class=\"dictionary\"><\/span> <span class=\"dictionary\"><\/span>members<span class=\"dictionary\"><\/span>.<br \/>\n(<span class=\"dictionary\"><\/span>Res<span class=\"dictionary\"><\/span>. <span class=\"dictionary\"><\/span>05<span class=\"dictionary\"><\/span>-<span class=\"dictionary\"><\/span>009<span class=\"dictionary\"><\/span>, <span class=\"dictionary\"><\/span>ratified<span class=\"dictionary\"><\/span> <span class=\"dictionary\"><\/span>Nov<span class=\"dictionary\"><\/span>. <span class=\"dictionary\"><\/span>7<span class=\"dictionary\"><\/span>, <span class=\"dictionary\"><\/span>2006<span class=\"dictionary\"><\/span>.)<\/p>\n<\/p><\/section>","plain_text":"                              BALTIMORE CITY CHARTER\n\nOFFICERS. (\u00a7 VIII-121)\n\n(a)  Chair.\nThe Commission shall elect a chair from among its members.\n (b)Others.\nThe Commission may elect a Vice-Chair and other officers from among its members.\n(Res. 05-009, ratified Nov. 7, 2006.)\n","previous_section":{"id":"265","structure_id":"26","section_number":"VIII-120","catch_line":"Compensation; expenses.","url":"http:\/\/charter.baltimorecode\/VIII-120\/","api_url":"http:\/\/charter.baltimorecode\/api\/law\/VIII-120\/"},"text":{"0":{"id":"266","text":"(a)  Chair.\nThe Commission shall elect a chair from among its members.\n (b)Others.\nThe Commission may elect a Vice-Chair and other officers from among its members.\n(Res. 05-009, ratified Nov. 7, 2006.)\n","type":"section","prefixes":[""],"prefix":"","entire_prefix":"","prefix_anchor":"","level":1}}}