{"section_number":"VIII-132","section_id":"273","structure_id":"9","catch_line":"Powers and duties of Department.","history":"","full_text":" (a)  In general.\n\nThe Department has the powers and duties specified in this section.\n\n (b)  Supervision of municipal buildings, related improvements. \n\n(1)Unless otherwise provided by this Charter, the Director shall supervise all municipal\nbuildings and related improvements made in Baltimore City or elsewhere by or for the City or\nany municipal agency.\n\n  (2)All plans and specifications for these municipal buildings and related improvements,\nincluding those involving engineering questions, shall be submitted to the Director for\napproval.\n\n(c)  Construction, maintenance, etc., of buildings, related improvements. \n\n(1)Unless otherwise provided by this Charter, the Department has charge of the construction,\ndemolition, alteration, operation and maintenance of all municipal buildings and related\nimprovements.\n\n(2)To carry out these activities, the Director may enter and occupy any municipal property after\ngiving due notice to the agency having control of the property.  The Director shall restore any\nproperty so entered to the condition in which it was before the entry.\n\n (d)  System of uniform property identification.\n\n(1)The Department shall maintain a system for the uniform identification of all real property\nwithin Baltimore City.\n\n  (2)The system shall identify each parcel of real property by a symbol.  That symbol shall be used\nby every municipal agency to identify that parcel, until it is subdivided or the symbol is\nchanged by the Department.\n\n  (3)The failure of the Department or of any other municipal agency to identify a parcel of\nproperty by its symbol does not affect the validity of any assessment or charge otherwise\nproperly made.\n\n (e)  Plats and records \u2013 properties.\n\n(1)The Department shall maintain adequate plats and other records of all parcels of real property\nwithin Baltimore City.\n\n  (2)These plats and records shall include:\n\n    (i)the ownership of each parcel; and\n\n    (ii)the symbol by which each parcel is identified.\n\n  (3)These plats and records shall be the official plats and records to be used by all municipal\nagencies to identify and determine the location of every parcel of real property within\nBaltimore City.\n\n (f)  Plats and records \u2013 underground structures.\n\nThe Department shall maintain plats and records of tunnels, pipes, mains, sewers, conduits, and\nother underground structures, both public and private.\n\n (g)  Fleet management.\n\n(1)The Department is responsible for:\n\n    (i)the maintenance, repair, and operation of all motor vehicles and related equipment\nowned by the City, whether held for general service or assigned for the use of a\nparticular office or agency, \n\n    (ii)the maintenance and operation of related garages, depots, and shops;\n\n    (iii) the inspection of all City vehicles and related equipment and the keeping of proper\nrecords about how these vehicles and equipment are handled and operated;\n\n    (iv) the assignment of these vehicles and related equipment for the use of officers and\nother agencies of the City; and\n\n    (v) the maintenance or the hiring of any hauling or passenger service needed by any\nmunicipal agency.\n\n  (2)This subsection does not apply to motor vehicles and related equipment of the Baltimore City\nPublic School System, except to the extent requested by that department and agreed to by the\nDepartment of General Services.\n (h)  Assistance to other agencies.\n\nOn the request of the head of a municipal agency, the Director shall:\n\n  (1)supply estimates of the cost of work for building improvements and vehicles to be done\nfor that agency during the next fiscal year; and\n\n  (2)perform services for the municipal agency of the same general character as those carried\non by the Department, the cost of which shall be charged to the agency requesting the\nservices and shall be paid out of the funds appropriated to it.\n\n (i)  Additional powers and duties. \n\nThe Department has the additional powers and duties as are prescribed by law.\n(Res. 08-003, ratified November 4, 2008.)\r\r","ancestry":{"1":{"id":"9","name":"Franchises","identifier":"VIII","label":"article","url":"http:\/\/charter.baltimorecode.localhost\/VIII\/"}},"structure_contents":{"0":{"id":"253","structure_id":"9","section_number":"VIII-1","catch_line":"Authority to grant.","url":"http:\/\/charter.baltimorecode.localhost\/VIII-1\/","api_url":"http:\/\/charter.baltimorecode.localhost\/api\/law\/VIII-1\/"},"1":{"id":"254","structure_id":"9","section_number":"VIII-111","catch_line":"Repealed by Res. 00-010, ratified November 2000.","url":"http:\/\/charter.baltimorecode.localhost\/VIII-111\/","api_url":"http:\/\/charter.baltimorecode.localhost\/api\/law\/VIII-111\/"},"2":{"id":"255","structure_id":"9","section_number":"VIII-111","catch_line":"Repealed by Res. 00-010, ratified November 2000.","url":"http:\/\/charter.baltimorecode.localhost\/VIII-111\/","api_url":"http:\/\/charter.baltimorecode.localhost\/api\/law\/VIII-111\/"},"3":{"id":"256","structure_id":"9","section_number":"VIII-111","catch_line":"Repealed by Res. 00-010, ratified November 2000.","url":"http:\/\/charter.baltimorecode.localhost\/VIII-111\/","api_url":"http:\/\/charter.baltimorecode.localhost\/api\/law\/VIII-111\/"},"4":{"id":"257","structure_id":"9","section_number":"VIII-114","catch_line":"Department established.","url":"http:\/\/charter.baltimorecode.localhost\/VIII-114\/","api_url":"http:\/\/charter.baltimorecode.localhost\/api\/law\/VIII-114\/"},"5":{"id":"258","structure_id":"9","section_number":"VIII-115","catch_line":"Director of Transportation.","url":"http:\/\/charter.baltimorecode.localhost\/VIII-115\/","api_url":"http:\/\/charter.baltimorecode.localhost\/api\/law\/VIII-115\/"},"6":{"id":"259","structure_id":"9","section_number":"VIII-116","catch_line":"Powers and duties of Department.","url":"http:\/\/charter.baltimorecode.localhost\/VIII-116\/","api_url":"http:\/\/charter.baltimorecode.localhost\/api\/law\/VIII-116\/"},"7":{"id":"260","structure_id":"9","section_number":"VIII-116A","catch_line":"Assessment of benefits and damages.","url":"http:\/\/charter.baltimorecode.localhost\/VIII-116A\/","api_url":"http:\/\/charter.baltimorecode.localhost\/api\/law\/VIII-116A\/"},"8":{"id":"261","structure_id":"9","section_number":"VIII-116B","catch_line":"Correcting physical obstruction.","url":"http:\/\/charter.baltimorecode.localhost\/VIII-116B\/","api_url":"http:\/\/charter.baltimorecode.localhost\/api\/law\/VIII-116B\/"},"9":{"id":"262","structure_id":"9","section_number":"VIII-117","catch_line":"Definitions.","url":"http:\/\/charter.baltimorecode.localhost\/VIII-117\/","api_url":"http:\/\/charter.baltimorecode.localhost\/api\/law\/VIII-117\/"},"10":{"id":"263","structure_id":"9","section_number":"VIII-118","catch_line":"Commission established.","url":"http:\/\/charter.baltimorecode.localhost\/VIII-118\/","api_url":"http:\/\/charter.baltimorecode.localhost\/api\/law\/VIII-118\/"},"11":{"id":"264","structure_id":"9","section_number":"VIII-119","catch_line":"Composition; qualifications; term.","url":"http:\/\/charter.baltimorecode.localhost\/VIII-119\/","api_url":"http:\/\/charter.baltimorecode.localhost\/api\/law\/VIII-119\/"},"12":{"id":"265","structure_id":"9","section_number":"VIII-120","catch_line":"Compensation; expenses.","url":"http:\/\/charter.baltimorecode.localhost\/VIII-120\/","api_url":"http:\/\/charter.baltimorecode.localhost\/api\/law\/VIII-120\/"},"13":{"id":"266","structure_id":"9","section_number":"VIII-121","catch_line":"Officers.","url":"http:\/\/charter.baltimorecode.localhost\/VIII-121\/","api_url":"http:\/\/charter.baltimorecode.localhost\/api\/law\/VIII-121\/"},"14":{"id":"267","structure_id":"9","section_number":"VIII-122","catch_line":"Meetings.","url":"http:\/\/charter.baltimorecode.localhost\/VIII-122\/","api_url":"http:\/\/charter.baltimorecode.localhost\/api\/law\/VIII-122\/"},"15":{"id":"268","structure_id":"9","section_number":"VIII-123","catch_line":"Commission recommendations.","url":"http:\/\/charter.baltimorecode.localhost\/VIII-123\/","api_url":"http:\/\/charter.baltimorecode.localhost\/api\/law\/VIII-123\/"},"16":{"id":"269","structure_id":"9","section_number":"VIII-124","catch_line":"Submission to Council.","url":"http:\/\/charter.baltimorecode.localhost\/VIII-124\/","api_url":"http:\/\/charter.baltimorecode.localhost\/api\/law\/VIII-124\/"},"17":{"id":"270","structure_id":"9","section_number":"VIII-125","catch_line":"Council action.","url":"http:\/\/charter.baltimorecode.localhost\/VIII-125\/","api_url":"http:\/\/charter.baltimorecode.localhost\/api\/law\/VIII-125\/"},"18":{"id":"271","structure_id":"9","section_number":"VIII-130","catch_line":"Department established.","url":"http:\/\/charter.baltimorecode.localhost\/VIII-130\/","api_url":"http:\/\/charter.baltimorecode.localhost\/api\/law\/VIII-130\/"},"19":{"id":"272","structure_id":"9","section_number":"VIII-131","catch_line":"Director of General Services.","url":"http:\/\/charter.baltimorecode.localhost\/VIII-131\/","api_url":"http:\/\/charter.baltimorecode.localhost\/api\/law\/VIII-131\/"},"20":{"id":"273","structure_id":"9","section_number":"VIII-132","catch_line":"Powers and duties of Department.","url":"http:\/\/charter.baltimorecode.localhost\/VIII-132\/","api_url":"http:\/\/charter.baltimorecode.localhost\/api\/law\/VIII-132\/"},"21":{"id":"274","structure_id":"9","section_number":"VIII-133","catch_line":"Streets.","url":"http:\/\/charter.baltimorecode.localhost\/VIII-133\/","api_url":"http:\/\/charter.baltimorecode.localhost\/api\/law\/VIII-133\/"},"22":{"id":"275","structure_id":"9","section_number":"VIII-134","catch_line":"Correcting physical obstruction.","url":"http:\/\/charter.baltimorecode.localhost\/VIII-134\/","api_url":"http:\/\/charter.baltimorecode.localhost\/api\/law\/VIII-134\/"},"23":{"id":"276","structure_id":"9","section_number":"VIII-2","catch_line":"Procedures; compensation; minor privileges.","url":"http:\/\/charter.baltimorecode.localhost\/VIII-2\/","api_url":"http:\/\/charter.baltimorecode.localhost\/api\/law\/VIII-2\/"},"24":{"id":"277","structure_id":"9","section_number":"VIII-3","catch_line":"Duration.","url":"http:\/\/charter.baltimorecode.localhost\/VIII-3\/","api_url":"http:\/\/charter.baltimorecode.localhost\/api\/law\/VIII-3\/"},"25":{"id":"278","structure_id":"9","section_number":"VIII-4","catch_line":"Street railways.","url":"http:\/\/charter.baltimorecode.localhost\/VIII-4\/","api_url":"http:\/\/charter.baltimorecode.localhost\/api\/law\/VIII-4\/"},"26":{"id":"279","structure_id":"9","section_number":"VIII-5","catch_line":"Trackless trolleys.","url":"http:\/\/charter.baltimorecode.localhost\/VIII-5\/","api_url":"http:\/\/charter.baltimorecode.localhost\/api\/law\/VIII-5\/"},"27":{"id":"280","structure_id":"9","section_number":"VIII-6","catch_line":"Advertising.","url":"http:\/\/charter.baltimorecode.localhost\/VIII-6\/","api_url":"http:\/\/charter.baltimorecode.localhost\/api\/law\/VIII-6\/"},"28":{"id":"281","structure_id":"9","section_number":"VIII-7","catch_line":"Reservation of rights.","url":"http:\/\/charter.baltimorecode.localhost\/VIII-7\/","api_url":"http:\/\/charter.baltimorecode.localhost\/api\/law\/VIII-7\/"},"29":{"id":"282","structure_id":"9","section_number":"VIII-8","catch_line":"Renewals.","url":"http:\/\/charter.baltimorecode.localhost\/VIII-8\/","api_url":"http:\/\/charter.baltimorecode.localhost\/api\/law\/VIII-8\/"},"30":{"id":"283","structure_id":"9","section_number":"VIII-9","catch_line":"Minor privileges.","url":"http:\/\/charter.baltimorecode.localhost\/VIII-9\/","api_url":"http:\/\/charter.baltimorecode.localhost\/api\/law\/VIII-9\/"}},"next_section":{"id":"274","structure_id":"9","section_number":"VIII-133","catch_line":"Streets.","url":"http:\/\/charter.baltimorecode.localhost\/VIII-133\/","api_url":"http:\/\/charter.baltimorecode.localhost\/api\/law\/VIII-133\/"},"references":false,"url":"http:\/\/charter.baltimorecode.localhost\/VIII-132\/","dublin_core":{"Title":"Powers and duties of Department.","Type":"Text","Format":"text\/html","Identifier":"\u00a7 VIII-132","Relation":"Baltimore City Charter"},"html":"\n\t\t\t\t\t<section><p><p>(<span class=\"dictionary\"><\/span>a<span class=\"dictionary\"><\/span>)  <span class=\"dictionary\"><\/span>In<span class=\"dictionary\"><\/span> <span class=\"dictionary\"><\/span>general<span class=\"dictionary\"><\/span>.<\/p>\n<p><span class=\"dictionary\"><\/span>The<span class=\"dictionary\"><\/span> <span class=\"dictionary\"><\/span>Department<span class=\"dictionary\"><\/span> <span class=\"dictionary\"><\/span>has<span class=\"dictionary\"><\/span> <span class=\"dictionary\"><\/span>the<span class=\"dictionary\"><\/span> <span class=\"dictionary\"><\/span>powers<span class=\"dictionary\"><\/span> <span class=\"dictionary\"><\/span>and<span class=\"dictionary\"><\/span> <span class=\"dictionary\"><\/span>duties<span class=\"dictionary\"><\/span> <span class=\"dictionary\"><\/span>specified<span class=\"dictionary\"><\/span> <span class=\"dictionary\"><\/span>in<span class=\"dictionary\"><\/span> <span class=\"dictionary\"><\/span>this<span class=\"dictionary\"><\/span> <span class=\"dictionary\"><\/span>section<span class=\"dictionary\"><\/span>.<\/p>\n<p> (<span class=\"dictionary\"><\/span>b<span class=\"dictionary\"><\/span>)  <span class=\"dictionary\"><\/span>Supervision<span class=\"dictionary\"><\/span> <span class=\"dictionary\"><\/span>of<span class=\"dictionary\"><\/span> <span class=\"dictionary\"><\/span>municipal<span class=\"dictionary\"><\/span> <span class=\"dictionary\"><\/span>buildings<span class=\"dictionary\"><\/span>, <span class=\"dictionary\"><\/span>related<span class=\"dictionary\"><\/span> <span class=\"dictionary\"><\/span>improvements<span class=\"dictionary\"><\/span>. <\/p>\n<p>(<span class=\"dictionary\"><\/span>1<span class=\"dictionary\"><\/span>)<span class=\"dictionary\"><\/span>Unless<span class=\"dictionary\"><\/span> <span class=\"dictionary\"><\/span>otherwise<span class=\"dictionary\"><\/span> <span class=\"dictionary\"><\/span>provided<span class=\"dictionary\"><\/span> <span class=\"dictionary\"><\/span>by<span class=\"dictionary\"><\/span> <span class=\"dictionary\"><\/span>this<span class=\"dictionary\"><\/span> <span class=\"dictionary\"><\/span>Charter<span class=\"dictionary\"><\/span>, <span class=\"dictionary\"><\/span>the<span class=\"dictionary\"><\/span> <span class=\"dictionary\"><\/span>Director<span class=\"dictionary\"><\/span> <span class=\"dictionary\"><\/span>shall<span class=\"dictionary\"><\/span> <span class=\"dictionary\"><\/span>supervise<span class=\"dictionary\"><\/span> <span class=\"dictionary\"><\/span>all<span class=\"dictionary\"><\/span> <span class=\"dictionary\"><\/span>municipal<span class=\"dictionary\"><\/span><br \/>\n<span class=\"dictionary\"><\/span>buildings<span class=\"dictionary\"><\/span> <span class=\"dictionary\"><\/span>and<span class=\"dictionary\"><\/span> <span class=\"dictionary\"><\/span>related<span class=\"dictionary\"><\/span> <span class=\"dictionary\"><\/span>improvements<span class=\"dictionary\"><\/span> <span class=\"dictionary\"><\/span>made<span class=\"dictionary\"><\/span> <span class=\"dictionary\"><\/span>in<span class=\"dictionary\"><\/span> <span class=\"dictionary\"><\/span>Baltimore<span class=\"dictionary\"><\/span> <span class=\"dictionary\"><\/span>City<span class=\"dictionary\"><\/span> <span class=\"dictionary\"><\/span>or<span class=\"dictionary\"><\/span> <span class=\"dictionary\"><\/span>elsewhere<span class=\"dictionary\"><\/span> <span class=\"dictionary\"><\/span>by<span class=\"dictionary\"><\/span> <span class=\"dictionary\"><\/span>or<span class=\"dictionary\"><\/span> <span class=\"dictionary\"><\/span>for<span class=\"dictionary\"><\/span> <span class=\"dictionary\"><\/span>the<span class=\"dictionary\"><\/span> <span class=\"dictionary\"><\/span>City<span class=\"dictionary\"><\/span> <span class=\"dictionary\"><\/span>or<span class=\"dictionary\"><\/span><br \/>\n<span class=\"dictionary\"><\/span>any<span class=\"dictionary\"><\/span> <span class=\"dictionary\"><\/span>municipal<span class=\"dictionary\"><\/span> <span class=\"dictionary\"><\/span>agency<span class=\"dictionary\"><\/span>.<\/p>\n<p>  (<span class=\"dictionary\"><\/span>2<span class=\"dictionary\"><\/span>)<span class=\"dictionary\"><\/span>All<span class=\"dictionary\"><\/span> <span class=\"dictionary\"><\/span>plans<span class=\"dictionary\"><\/span> <span class=\"dictionary\"><\/span>and<span class=\"dictionary\"><\/span> <span class=\"dictionary\"><\/span>specifications<span class=\"dictionary\"><\/span> <span class=\"dictionary\"><\/span>for<span class=\"dictionary\"><\/span> <span class=\"dictionary\"><\/span>these<span class=\"dictionary\"><\/span> <span class=\"dictionary\"><\/span>municipal<span class=\"dictionary\"><\/span> <span class=\"dictionary\"><\/span>buildings<span class=\"dictionary\"><\/span> <span class=\"dictionary\"><\/span>and<span class=\"dictionary\"><\/span> <span class=\"dictionary\"><\/span>related<span class=\"dictionary\"><\/span> <span class=\"dictionary\"><\/span>improvements<span class=\"dictionary\"><\/span>,<br \/>\n<span class=\"dictionary\"><\/span>including<span class=\"dictionary\"><\/span> <span class=\"dictionary\"><\/span>those<span class=\"dictionary\"><\/span> <span class=\"dictionary\"><\/span>involving<span class=\"dictionary\"><\/span> <span class=\"dictionary\"><\/span>engineering<span class=\"dictionary\"><\/span> <span class=\"dictionary\"><\/span>questions<span class=\"dictionary\"><\/span>, <span class=\"dictionary\"><\/span>shall<span class=\"dictionary\"><\/span> <span class=\"dictionary\"><\/span>be<span class=\"dictionary\"><\/span> <span class=\"dictionary\"><\/span>submitted<span class=\"dictionary\"><\/span> <span class=\"dictionary\"><\/span>to<span class=\"dictionary\"><\/span> <span class=\"dictionary\"><\/span>the<span class=\"dictionary\"><\/span> <span class=\"dictionary\"><\/span>Director<span class=\"dictionary\"><\/span> <span class=\"dictionary\"><\/span>for<span class=\"dictionary\"><\/span><br \/>\n<span class=\"dictionary\"><\/span>approval<span class=\"dictionary\"><\/span>.<\/p>\n<p>(<span class=\"dictionary\"><\/span>c<span class=\"dictionary\"><\/span>)  <span class=\"dictionary\"><\/span>Construction<span class=\"dictionary\"><\/span>, <span class=\"dictionary\"><\/span>maintenance<span class=\"dictionary\"><\/span>, <span class=\"dictionary\"><\/span>etc<span class=\"dictionary\"><\/span>., <span class=\"dictionary\"><\/span>of<span class=\"dictionary\"><\/span> <span class=\"dictionary\"><\/span>buildings<span class=\"dictionary\"><\/span>, <span class=\"dictionary\"><\/span>related<span class=\"dictionary\"><\/span> <span class=\"dictionary\"><\/span>improvements<span class=\"dictionary\"><\/span>. <\/p>\n<p>(<span class=\"dictionary\"><\/span>1<span class=\"dictionary\"><\/span>)<span class=\"dictionary\"><\/span>Unless<span class=\"dictionary\"><\/span> <span class=\"dictionary\"><\/span>otherwise<span class=\"dictionary\"><\/span> <span class=\"dictionary\"><\/span>provided<span class=\"dictionary\"><\/span> <span class=\"dictionary\"><\/span>by<span class=\"dictionary\"><\/span> <span class=\"dictionary\"><\/span>this<span class=\"dictionary\"><\/span> <span class=\"dictionary\"><\/span>Charter<span class=\"dictionary\"><\/span>, <span class=\"dictionary\"><\/span>the<span class=\"dictionary\"><\/span> <span class=\"dictionary\"><\/span>Department<span class=\"dictionary\"><\/span> <span class=\"dictionary\"><\/span>has<span class=\"dictionary\"><\/span> <span class=\"dictionary\"><\/span>charge<span class=\"dictionary\"><\/span> <span class=\"dictionary\"><\/span>of<span class=\"dictionary\"><\/span> <span class=\"dictionary\"><\/span>the<span class=\"dictionary\"><\/span> <span class=\"dictionary\"><\/span>construction<span class=\"dictionary\"><\/span>,<br \/>\n<span class=\"dictionary\"><\/span>demolition<span class=\"dictionary\"><\/span>, <span class=\"dictionary\"><\/span>alteration<span class=\"dictionary\"><\/span>, <span class=\"dictionary\"><\/span>operation<span class=\"dictionary\"><\/span> <span class=\"dictionary\"><\/span>and<span class=\"dictionary\"><\/span> <span class=\"dictionary\"><\/span>maintenance<span class=\"dictionary\"><\/span> <span class=\"dictionary\"><\/span>of<span class=\"dictionary\"><\/span> <span class=\"dictionary\"><\/span>all<span class=\"dictionary\"><\/span> <span class=\"dictionary\"><\/span>municipal<span class=\"dictionary\"><\/span> <span class=\"dictionary\"><\/span>buildings<span class=\"dictionary\"><\/span> <span class=\"dictionary\"><\/span>and<span class=\"dictionary\"><\/span> <span class=\"dictionary\"><\/span>related<span class=\"dictionary\"><\/span><br \/>\n<span class=\"dictionary\"><\/span>improvements<span class=\"dictionary\"><\/span>.<\/p>\n<p>(<span class=\"dictionary\"><\/span>2<span class=\"dictionary\"><\/span>)<span class=\"dictionary\"><\/span>To<span class=\"dictionary\"><\/span> <span class=\"dictionary\"><\/span>carry<span class=\"dictionary\"><\/span> <span class=\"dictionary\"><\/span>out<span class=\"dictionary\"><\/span> <span class=\"dictionary\"><\/span>these<span class=\"dictionary\"><\/span> <span class=\"dictionary\"><\/span>activities<span class=\"dictionary\"><\/span>, <span class=\"dictionary\"><\/span>the<span class=\"dictionary\"><\/span> <span class=\"dictionary\"><\/span>Director<span class=\"dictionary\"><\/span> <span class=\"dictionary\"><\/span>may<span class=\"dictionary\"><\/span> <span class=\"dictionary\"><\/span>enter<span class=\"dictionary\"><\/span> <span class=\"dictionary\"><\/span>and<span class=\"dictionary\"><\/span> <span class=\"dictionary\"><\/span>occupy<span class=\"dictionary\"><\/span> <span class=\"dictionary\"><\/span>any<span class=\"dictionary\"><\/span> <span class=\"dictionary\"><\/span>municipal<span class=\"dictionary\"><\/span> <span class=\"dictionary\"><\/span>property<span class=\"dictionary\"><\/span> <span class=\"dictionary\"><\/span>after<span class=\"dictionary\"><\/span><br \/>\n<span class=\"dictionary\"><\/span>giving<span class=\"dictionary\"><\/span> <span class=\"dictionary\"><\/span>due<span class=\"dictionary\"><\/span> <span class=\"dictionary\"><\/span>notice<span class=\"dictionary\"><\/span> <span class=\"dictionary\"><\/span>to<span class=\"dictionary\"><\/span> <span class=\"dictionary\"><\/span>the<span class=\"dictionary\"><\/span> <span class=\"dictionary\"><\/span>agency<span class=\"dictionary\"><\/span> <span class=\"dictionary\"><\/span>having<span class=\"dictionary\"><\/span> <span class=\"dictionary\"><\/span>control<span class=\"dictionary\"><\/span> <span class=\"dictionary\"><\/span>of<span class=\"dictionary\"><\/span> <span class=\"dictionary\"><\/span>the<span class=\"dictionary\"><\/span> <span class=\"dictionary\"><\/span>property<span class=\"dictionary\"><\/span>.  <span class=\"dictionary\"><\/span>The<span class=\"dictionary\"><\/span> <span class=\"dictionary\"><\/span>Director<span class=\"dictionary\"><\/span> <span class=\"dictionary\"><\/span>shall<span class=\"dictionary\"><\/span> <span class=\"dictionary\"><\/span>restore<span class=\"dictionary\"><\/span> <span class=\"dictionary\"><\/span>any<span class=\"dictionary\"><\/span><br \/>\n<span class=\"dictionary\"><\/span>property<span class=\"dictionary\"><\/span> <span class=\"dictionary\"><\/span>so<span class=\"dictionary\"><\/span> <span class=\"dictionary\"><\/span>entered<span class=\"dictionary\"><\/span> <span class=\"dictionary\"><\/span>to<span class=\"dictionary\"><\/span> <span class=\"dictionary\"><\/span>the<span class=\"dictionary\"><\/span> <span class=\"dictionary\"><\/span>condition<span class=\"dictionary\"><\/span> <span class=\"dictionary\"><\/span>in<span class=\"dictionary\"><\/span> <span class=\"dictionary\"><\/span>which<span class=\"dictionary\"><\/span> <span class=\"dictionary\"><\/span>it<span class=\"dictionary\"><\/span> <span class=\"dictionary\"><\/span>was<span class=\"dictionary\"><\/span> <span class=\"dictionary\"><\/span>before<span class=\"dictionary\"><\/span> <span class=\"dictionary\"><\/span>the<span class=\"dictionary\"><\/span> <span class=\"dictionary\"><\/span>entry<span class=\"dictionary\"><\/span>.<\/p>\n<p> (<span class=\"dictionary\"><\/span>d<span class=\"dictionary\"><\/span>)  <span class=\"dictionary\"><\/span>System<span class=\"dictionary\"><\/span> <span class=\"dictionary\"><\/span>of<span class=\"dictionary\"><\/span> <span class=\"dictionary\"><\/span>uniform<span class=\"dictionary\"><\/span> <span class=\"dictionary\"><\/span>property<span class=\"dictionary\"><\/span> <span class=\"dictionary\"><\/span>identification<span class=\"dictionary\"><\/span>.<\/p>\n<p>(<span class=\"dictionary\"><\/span>1<span class=\"dictionary\"><\/span>)<span class=\"dictionary\"><\/span>The<span class=\"dictionary\"><\/span> <span class=\"dictionary\"><\/span>Department<span class=\"dictionary\"><\/span> <span class=\"dictionary\"><\/span>shall<span class=\"dictionary\"><\/span> <span class=\"dictionary\"><\/span>maintain<span class=\"dictionary\"><\/span> <span class=\"dictionary\"><\/span>a<span class=\"dictionary\"><\/span> <span class=\"dictionary\"><\/span>system<span class=\"dictionary\"><\/span> <span class=\"dictionary\"><\/span>for<span class=\"dictionary\"><\/span> <span class=\"dictionary\"><\/span>the<span class=\"dictionary\"><\/span> <span class=\"dictionary\"><\/span>uniform<span class=\"dictionary\"><\/span> <span class=\"dictionary\"><\/span>identification<span class=\"dictionary\"><\/span> <span class=\"dictionary\"><\/span>of<span class=\"dictionary\"><\/span> <span class=\"dictionary\"><\/span>all<span class=\"dictionary\"><\/span> <span class=\"dictionary\"><\/span>real<span class=\"dictionary\"><\/span> <span class=\"dictionary\"><\/span>property<span class=\"dictionary\"><\/span><br \/>\n<span class=\"dictionary\"><\/span>within<span class=\"dictionary\"><\/span> <span class=\"dictionary\"><\/span>Baltimore<span class=\"dictionary\"><\/span> <span class=\"dictionary\"><\/span>City<span class=\"dictionary\"><\/span>.<\/p>\n<p>  (<span class=\"dictionary\"><\/span>2<span class=\"dictionary\"><\/span>)<span class=\"dictionary\"><\/span>The<span class=\"dictionary\"><\/span> <span class=\"dictionary\"><\/span>system<span class=\"dictionary\"><\/span> <span class=\"dictionary\"><\/span>shall<span class=\"dictionary\"><\/span> <span class=\"dictionary\"><\/span>identify<span class=\"dictionary\"><\/span> <span class=\"dictionary\"><\/span>each<span class=\"dictionary\"><\/span> <span class=\"dictionary\"><\/span>parcel<span class=\"dictionary\"><\/span> <span class=\"dictionary\"><\/span>of<span class=\"dictionary\"><\/span> <span class=\"dictionary\"><\/span>real<span class=\"dictionary\"><\/span> <span class=\"dictionary\"><\/span>property<span class=\"dictionary\"><\/span> <span class=\"dictionary\"><\/span>by<span class=\"dictionary\"><\/span> <span class=\"dictionary\"><\/span>a<span class=\"dictionary\"><\/span> <span class=\"dictionary\"><\/span>symbol<span class=\"dictionary\"><\/span>.  <span class=\"dictionary\"><\/span>That<span class=\"dictionary\"><\/span> <span class=\"dictionary\"><\/span>symbol<span class=\"dictionary\"><\/span> <span class=\"dictionary\"><\/span>shall<span class=\"dictionary\"><\/span> <span class=\"dictionary\"><\/span>be<span class=\"dictionary\"><\/span> <span class=\"dictionary\"><\/span>used<span class=\"dictionary\"><\/span><br \/>\n<span class=\"dictionary\"><\/span>by<span class=\"dictionary\"><\/span> <span class=\"dictionary\"><\/span>every<span class=\"dictionary\"><\/span> <span class=\"dictionary\"><\/span>municipal<span class=\"dictionary\"><\/span> <span class=\"dictionary\"><\/span>agency<span class=\"dictionary\"><\/span> <span class=\"dictionary\"><\/span>to<span class=\"dictionary\"><\/span> <span class=\"dictionary\"><\/span>identify<span class=\"dictionary\"><\/span> <span class=\"dictionary\"><\/span>that<span class=\"dictionary\"><\/span> <span class=\"dictionary\"><\/span>parcel<span class=\"dictionary\"><\/span>, <span class=\"dictionary\"><\/span>until<span class=\"dictionary\"><\/span> <span class=\"dictionary\"><\/span>it<span class=\"dictionary\"><\/span> <span class=\"dictionary\"><\/span>is<span class=\"dictionary\"><\/span> <span class=\"dictionary\"><\/span>subdivided<span class=\"dictionary\"><\/span> <span class=\"dictionary\"><\/span>or<span class=\"dictionary\"><\/span> <span class=\"dictionary\"><\/span>the<span class=\"dictionary\"><\/span> <span class=\"dictionary\"><\/span>symbol<span class=\"dictionary\"><\/span> <span class=\"dictionary\"><\/span>is<span class=\"dictionary\"><\/span><br \/>\n<span class=\"dictionary\"><\/span>changed<span class=\"dictionary\"><\/span> <span class=\"dictionary\"><\/span>by<span class=\"dictionary\"><\/span> <span class=\"dictionary\"><\/span>the<span class=\"dictionary\"><\/span> <span class=\"dictionary\"><\/span>Department<span class=\"dictionary\"><\/span>.<\/p>\n<p>  (<span class=\"dictionary\"><\/span>3<span class=\"dictionary\"><\/span>)<span class=\"dictionary\"><\/span>The<span class=\"dictionary\"><\/span> <span class=\"dictionary\"><\/span>failure<span class=\"dictionary\"><\/span> <span class=\"dictionary\"><\/span>of<span class=\"dictionary\"><\/span> <span class=\"dictionary\"><\/span>the<span class=\"dictionary\"><\/span> <span class=\"dictionary\"><\/span>Department<span class=\"dictionary\"><\/span> <span class=\"dictionary\"><\/span>or<span class=\"dictionary\"><\/span> <span class=\"dictionary\"><\/span>of<span class=\"dictionary\"><\/span> <span class=\"dictionary\"><\/span>any<span class=\"dictionary\"><\/span> <span class=\"dictionary\"><\/span>other<span class=\"dictionary\"><\/span> <span class=\"dictionary\"><\/span>municipal<span class=\"dictionary\"><\/span> <span class=\"dictionary\"><\/span>agency<span class=\"dictionary\"><\/span> <span class=\"dictionary\"><\/span>to<span class=\"dictionary\"><\/span> <span class=\"dictionary\"><\/span>identify<span class=\"dictionary\"><\/span> <span class=\"dictionary\"><\/span>a<span class=\"dictionary\"><\/span> <span class=\"dictionary\"><\/span>parcel<span class=\"dictionary\"><\/span> <span class=\"dictionary\"><\/span>of<span class=\"dictionary\"><\/span><br \/>\n<span class=\"dictionary\"><\/span>property<span class=\"dictionary\"><\/span> <span class=\"dictionary\"><\/span>by<span class=\"dictionary\"><\/span> <span class=\"dictionary\"><\/span>its<span class=\"dictionary\"><\/span> <span class=\"dictionary\"><\/span>symbol<span class=\"dictionary\"><\/span> <span class=\"dictionary\"><\/span>does<span class=\"dictionary\"><\/span> <span class=\"dictionary\"><\/span>not<span class=\"dictionary\"><\/span> <span class=\"dictionary\"><\/span>affect<span class=\"dictionary\"><\/span> <span class=\"dictionary\"><\/span>the<span class=\"dictionary\"><\/span> <span class=\"dictionary\"><\/span>validity<span class=\"dictionary\"><\/span> <span class=\"dictionary\"><\/span>of<span class=\"dictionary\"><\/span> <span class=\"dictionary\"><\/span>any<span class=\"dictionary\"><\/span> <span class=\"dictionary\"><\/span>assessment<span class=\"dictionary\"><\/span> <span class=\"dictionary\"><\/span>or<span class=\"dictionary\"><\/span> <span class=\"dictionary\"><\/span>charge<span class=\"dictionary\"><\/span> <span class=\"dictionary\"><\/span>otherwise<span class=\"dictionary\"><\/span><br \/>\n<span class=\"dictionary\"><\/span>properly<span class=\"dictionary\"><\/span> <span class=\"dictionary\"><\/span>made<span class=\"dictionary\"><\/span>.<\/p>\n<p> (<span class=\"dictionary\"><\/span>e<span class=\"dictionary\"><\/span>)  <span class=\"dictionary\"><\/span>Plats<span class=\"dictionary\"><\/span> <span class=\"dictionary\"><\/span>and<span class=\"dictionary\"><\/span> <span class=\"dictionary\"><\/span>records<span class=\"dictionary\"><\/span> \u2013 <span class=\"dictionary\"><\/span>properties<span class=\"dictionary\"><\/span>.<\/p>\n<p>(<span class=\"dictionary\"><\/span>1<span class=\"dictionary\"><\/span>)<span class=\"dictionary\"><\/span>The<span class=\"dictionary\"><\/span> <span class=\"dictionary\"><\/span>Department<span class=\"dictionary\"><\/span> <span class=\"dictionary\"><\/span>shall<span class=\"dictionary\"><\/span> <span class=\"dictionary\"><\/span>maintain<span class=\"dictionary\"><\/span> <span class=\"dictionary\"><\/span>adequate<span class=\"dictionary\"><\/span> <span class=\"dictionary\"><\/span>plats<span class=\"dictionary\"><\/span> <span class=\"dictionary\"><\/span>and<span class=\"dictionary\"><\/span> <span class=\"dictionary\"><\/span>other<span class=\"dictionary\"><\/span> <span class=\"dictionary\"><\/span>records<span class=\"dictionary\"><\/span> <span class=\"dictionary\"><\/span>of<span class=\"dictionary\"><\/span> <span class=\"dictionary\"><\/span>all<span class=\"dictionary\"><\/span> <span class=\"dictionary\"><\/span>parcels<span class=\"dictionary\"><\/span> <span class=\"dictionary\"><\/span>of<span class=\"dictionary\"><\/span> <span class=\"dictionary\"><\/span>real<span class=\"dictionary\"><\/span> <span class=\"dictionary\"><\/span>property<span class=\"dictionary\"><\/span><br \/>\n<span class=\"dictionary\"><\/span>within<span class=\"dictionary\"><\/span> <span class=\"dictionary\"><\/span>Baltimore<span class=\"dictionary\"><\/span> <span class=\"dictionary\"><\/span>City<span class=\"dictionary\"><\/span>.<\/p>\n<p>  (<span class=\"dictionary\"><\/span>2<span class=\"dictionary\"><\/span>)<span class=\"dictionary\"><\/span>These<span class=\"dictionary\"><\/span> <span class=\"dictionary\"><\/span>plats<span class=\"dictionary\"><\/span> <span class=\"dictionary\"><\/span>and<span class=\"dictionary\"><\/span> <span class=\"dictionary\"><\/span>records<span class=\"dictionary\"><\/span> <span class=\"dictionary\"><\/span>shall<span class=\"dictionary\"><\/span> <span class=\"dictionary\"><\/span>include<span class=\"dictionary\"><\/span>:<\/p>\n<p>    (<span class=\"dictionary\"><\/span>i<span class=\"dictionary\"><\/span>)<span class=\"dictionary\"><\/span>the<span class=\"dictionary\"><\/span> <span class=\"dictionary\"><\/span>ownership<span class=\"dictionary\"><\/span> <span class=\"dictionary\"><\/span>of<span class=\"dictionary\"><\/span> <span class=\"dictionary\"><\/span>each<span class=\"dictionary\"><\/span> <span class=\"dictionary\"><\/span>parcel<span class=\"dictionary\"><\/span>; <span class=\"dictionary\"><\/span>and<span class=\"dictionary\"><\/span><\/p>\n<p>    (<span class=\"dictionary\"><\/span>ii<span class=\"dictionary\"><\/span>)<span class=\"dictionary\"><\/span>the<span class=\"dictionary\"><\/span> <span class=\"dictionary\"><\/span>symbol<span class=\"dictionary\"><\/span> <span class=\"dictionary\"><\/span>by<span class=\"dictionary\"><\/span> <span class=\"dictionary\"><\/span>which<span class=\"dictionary\"><\/span> <span class=\"dictionary\"><\/span>each<span class=\"dictionary\"><\/span> <span class=\"dictionary\"><\/span>parcel<span class=\"dictionary\"><\/span> <span class=\"dictionary\"><\/span>is<span class=\"dictionary\"><\/span> <span class=\"dictionary\"><\/span>identified<span class=\"dictionary\"><\/span>.<\/p>\n<p>  (<span class=\"dictionary\"><\/span>3<span class=\"dictionary\"><\/span>)<span class=\"dictionary\"><\/span>These<span class=\"dictionary\"><\/span> <span class=\"dictionary\"><\/span>plats<span class=\"dictionary\"><\/span> <span class=\"dictionary\"><\/span>and<span class=\"dictionary\"><\/span> <span class=\"dictionary\"><\/span>records<span class=\"dictionary\"><\/span> <span class=\"dictionary\"><\/span>shall<span class=\"dictionary\"><\/span> <span class=\"dictionary\"><\/span>be<span class=\"dictionary\"><\/span> <span class=\"dictionary\"><\/span>the<span class=\"dictionary\"><\/span> <span class=\"dictionary\"><\/span>official<span class=\"dictionary\"><\/span> <span class=\"dictionary\"><\/span>plats<span class=\"dictionary\"><\/span> <span class=\"dictionary\"><\/span>and<span class=\"dictionary\"><\/span> <span class=\"dictionary\"><\/span>records<span class=\"dictionary\"><\/span> <span class=\"dictionary\"><\/span>to<span class=\"dictionary\"><\/span> <span class=\"dictionary\"><\/span>be<span class=\"dictionary\"><\/span> <span class=\"dictionary\"><\/span>used<span class=\"dictionary\"><\/span> <span class=\"dictionary\"><\/span>by<span class=\"dictionary\"><\/span> <span class=\"dictionary\"><\/span>all<span class=\"dictionary\"><\/span> <span class=\"dictionary\"><\/span>municipal<span class=\"dictionary\"><\/span><br \/>\n<span class=\"dictionary\"><\/span>agencies<span class=\"dictionary\"><\/span> <span class=\"dictionary\"><\/span>to<span class=\"dictionary\"><\/span> <span class=\"dictionary\"><\/span>identify<span class=\"dictionary\"><\/span> <span class=\"dictionary\"><\/span>and<span class=\"dictionary\"><\/span> <span class=\"dictionary\"><\/span>determine<span class=\"dictionary\"><\/span> <span class=\"dictionary\"><\/span>the<span class=\"dictionary\"><\/span> <span class=\"dictionary\"><\/span>location<span class=\"dictionary\"><\/span> <span class=\"dictionary\"><\/span>of<span class=\"dictionary\"><\/span> <span class=\"dictionary\"><\/span>every<span class=\"dictionary\"><\/span> <span class=\"dictionary\"><\/span>parcel<span class=\"dictionary\"><\/span> <span class=\"dictionary\"><\/span>of<span class=\"dictionary\"><\/span> <span class=\"dictionary\"><\/span>real<span class=\"dictionary\"><\/span> <span class=\"dictionary\"><\/span>property<span class=\"dictionary\"><\/span> <span class=\"dictionary\"><\/span>within<span class=\"dictionary\"><\/span><br \/>\n<span class=\"dictionary\"><\/span>Baltimore<span class=\"dictionary\"><\/span> <span class=\"dictionary\"><\/span>City<span class=\"dictionary\"><\/span>.<\/p>\n<p> (<span class=\"dictionary\"><\/span>f<span class=\"dictionary\"><\/span>)  <span class=\"dictionary\"><\/span>Plats<span class=\"dictionary\"><\/span> <span class=\"dictionary\"><\/span>and<span class=\"dictionary\"><\/span> <span class=\"dictionary\"><\/span>records<span class=\"dictionary\"><\/span> \u2013 <span class=\"dictionary\"><\/span>underground<span class=\"dictionary\"><\/span> <span class=\"dictionary\"><\/span>structures<span class=\"dictionary\"><\/span>.<\/p>\n<p><span class=\"dictionary\"><\/span>The<span class=\"dictionary\"><\/span> <span class=\"dictionary\"><\/span>Department<span class=\"dictionary\"><\/span> <span class=\"dictionary\"><\/span>shall<span class=\"dictionary\"><\/span> <span class=\"dictionary\"><\/span>maintain<span class=\"dictionary\"><\/span> <span class=\"dictionary\"><\/span>plats<span class=\"dictionary\"><\/span> <span class=\"dictionary\"><\/span>and<span class=\"dictionary\"><\/span> <span class=\"dictionary\"><\/span>records<span class=\"dictionary\"><\/span> <span class=\"dictionary\"><\/span>of<span class=\"dictionary\"><\/span> <span class=\"dictionary\"><\/span>tunnels<span class=\"dictionary\"><\/span>, <span class=\"dictionary\"><\/span>pipes<span class=\"dictionary\"><\/span>, <span class=\"dictionary\"><\/span>mains<span class=\"dictionary\"><\/span>, <span class=\"dictionary\"><\/span>sewers<span class=\"dictionary\"><\/span>, <span class=\"dictionary\"><\/span>conduits<span class=\"dictionary\"><\/span>, <span class=\"dictionary\"><\/span>and<span class=\"dictionary\"><\/span><br \/>\n<span class=\"dictionary\"><\/span>other<span class=\"dictionary\"><\/span> <span class=\"dictionary\"><\/span>underground<span class=\"dictionary\"><\/span> <span class=\"dictionary\"><\/span>structures<span class=\"dictionary\"><\/span>, <span class=\"dictionary\"><\/span>both<span class=\"dictionary\"><\/span> <span class=\"dictionary\"><\/span>public<span class=\"dictionary\"><\/span> <span class=\"dictionary\"><\/span>and<span class=\"dictionary\"><\/span> <span class=\"dictionary\"><\/span>private<span class=\"dictionary\"><\/span>.<\/p>\n<p> (<span class=\"dictionary\"><\/span>g<span class=\"dictionary\"><\/span>)  <span class=\"dictionary\"><\/span>Fleet<span class=\"dictionary\"><\/span> <span class=\"dictionary\"><\/span>management<span class=\"dictionary\"><\/span>.<\/p>\n<p>(<span class=\"dictionary\"><\/span>1<span class=\"dictionary\"><\/span>)<span class=\"dictionary\"><\/span>The<span class=\"dictionary\"><\/span> <span class=\"dictionary\"><\/span>Department<span class=\"dictionary\"><\/span> <span class=\"dictionary\"><\/span>is<span class=\"dictionary\"><\/span> <span class=\"dictionary\"><\/span>responsible<span class=\"dictionary\"><\/span> <span class=\"dictionary\"><\/span>for<span class=\"dictionary\"><\/span>:<\/p>\n<p>    (<span class=\"dictionary\"><\/span>i<span class=\"dictionary\"><\/span>)<span class=\"dictionary\"><\/span>the<span class=\"dictionary\"><\/span> <span class=\"dictionary\"><\/span>maintenance<span class=\"dictionary\"><\/span>, <span class=\"dictionary\"><\/span>repair<span class=\"dictionary\"><\/span>, <span class=\"dictionary\"><\/span>and<span class=\"dictionary\"><\/span> <span class=\"dictionary\"><\/span>operation<span class=\"dictionary\"><\/span> <span class=\"dictionary\"><\/span>of<span class=\"dictionary\"><\/span> <span class=\"dictionary\"><\/span>all<span class=\"dictionary\"><\/span> <span class=\"dictionary\"><\/span>motor<span class=\"dictionary\"><\/span> <span class=\"dictionary\"><\/span>vehicles<span class=\"dictionary\"><\/span> <span class=\"dictionary\"><\/span>and<span class=\"dictionary\"><\/span> <span class=\"dictionary\"><\/span>related<span class=\"dictionary\"><\/span> <span class=\"dictionary\"><\/span>equipment<span class=\"dictionary\"><\/span><br \/>\n<span class=\"dictionary\"><\/span>owned<span class=\"dictionary\"><\/span> <span class=\"dictionary\"><\/span>by<span class=\"dictionary\"><\/span> <span class=\"dictionary\"><\/span>the<span class=\"dictionary\"><\/span> <span class=\"dictionary\"><\/span>City<span class=\"dictionary\"><\/span>, <span class=\"dictionary\"><\/span>whether<span class=\"dictionary\"><\/span> <span class=\"dictionary\"><\/span>held<span class=\"dictionary\"><\/span> <span class=\"dictionary\"><\/span>for<span class=\"dictionary\"><\/span> <span class=\"dictionary\"><\/span>general<span class=\"dictionary\"><\/span> <span class=\"dictionary\"><\/span>service<span class=\"dictionary\"><\/span> <span class=\"dictionary\"><\/span>or<span class=\"dictionary\"><\/span> <span class=\"dictionary\"><\/span>assigned<span class=\"dictionary\"><\/span> <span class=\"dictionary\"><\/span>for<span class=\"dictionary\"><\/span> <span class=\"dictionary\"><\/span>the<span class=\"dictionary\"><\/span> <span class=\"dictionary\"><\/span>use<span class=\"dictionary\"><\/span> <span class=\"dictionary\"><\/span>of<span class=\"dictionary\"><\/span> <span class=\"dictionary\"><\/span>a<span class=\"dictionary\"><\/span><br \/>\n<span class=\"dictionary\"><\/span>particular<span class=\"dictionary\"><\/span> <span class=\"dictionary\"><\/span>office<span class=\"dictionary\"><\/span> <span class=\"dictionary\"><\/span>or<span class=\"dictionary\"><\/span> <span class=\"dictionary\"><\/span>agency<span class=\"dictionary\"><\/span>, <\/p>\n<p>    (<span class=\"dictionary\"><\/span>ii<span class=\"dictionary\"><\/span>)<span class=\"dictionary\"><\/span>the<span class=\"dictionary\"><\/span> <span class=\"dictionary\"><\/span>maintenance<span class=\"dictionary\"><\/span> <span class=\"dictionary\"><\/span>and<span class=\"dictionary\"><\/span> <span class=\"dictionary\"><\/span>operation<span class=\"dictionary\"><\/span> <span class=\"dictionary\"><\/span>of<span class=\"dictionary\"><\/span> <span class=\"dictionary\"><\/span>related<span class=\"dictionary\"><\/span> <span class=\"dictionary\"><\/span>garages<span class=\"dictionary\"><\/span>, <span class=\"dictionary\"><\/span>depots<span class=\"dictionary\"><\/span>, <span class=\"dictionary\"><\/span>and<span class=\"dictionary\"><\/span> <span class=\"dictionary\"><\/span>shops<span class=\"dictionary\"><\/span>;<\/p>\n<p>    (<span class=\"dictionary\"><\/span>iii<span class=\"dictionary\"><\/span>) <span class=\"dictionary\"><\/span>the<span class=\"dictionary\"><\/span> <span class=\"dictionary\"><\/span>inspection<span class=\"dictionary\"><\/span> <span class=\"dictionary\"><\/span>of<span class=\"dictionary\"><\/span> <span class=\"dictionary\"><\/span>all<span class=\"dictionary\"><\/span> <span class=\"dictionary\"><\/span>City<span class=\"dictionary\"><\/span> <span class=\"dictionary\"><\/span>vehicles<span class=\"dictionary\"><\/span> <span class=\"dictionary\"><\/span>and<span class=\"dictionary\"><\/span> <span class=\"dictionary\"><\/span>related<span class=\"dictionary\"><\/span> <span class=\"dictionary\"><\/span>equipment<span class=\"dictionary\"><\/span> <span class=\"dictionary\"><\/span>and<span class=\"dictionary\"><\/span> <span class=\"dictionary\"><\/span>the<span class=\"dictionary\"><\/span> <span class=\"dictionary\"><\/span>keeping<span class=\"dictionary\"><\/span> <span class=\"dictionary\"><\/span>of<span class=\"dictionary\"><\/span> <span class=\"dictionary\"><\/span>proper<span class=\"dictionary\"><\/span><br \/>\n<span class=\"dictionary\"><\/span>records<span class=\"dictionary\"><\/span> <span class=\"dictionary\"><\/span>about<span class=\"dictionary\"><\/span> <span class=\"dictionary\"><\/span>how<span class=\"dictionary\"><\/span> <span class=\"dictionary\"><\/span>these<span class=\"dictionary\"><\/span> <span class=\"dictionary\"><\/span>vehicles<span class=\"dictionary\"><\/span> <span class=\"dictionary\"><\/span>and<span class=\"dictionary\"><\/span> <span class=\"dictionary\"><\/span>equipment<span class=\"dictionary\"><\/span> <span class=\"dictionary\"><\/span>are<span class=\"dictionary\"><\/span> <span class=\"dictionary\"><\/span>handled<span class=\"dictionary\"><\/span> <span class=\"dictionary\"><\/span>and<span class=\"dictionary\"><\/span> <span class=\"dictionary\"><\/span>operated<span class=\"dictionary\"><\/span>;<\/p>\n<p>    (<span class=\"dictionary\"><\/span>iv<span class=\"dictionary\"><\/span>) <span class=\"dictionary\"><\/span>the<span class=\"dictionary\"><\/span> <span class=\"dictionary\"><\/span>assignment<span class=\"dictionary\"><\/span> <span class=\"dictionary\"><\/span>of<span class=\"dictionary\"><\/span> <span class=\"dictionary\"><\/span>these<span class=\"dictionary\"><\/span> <span class=\"dictionary\"><\/span>vehicles<span class=\"dictionary\"><\/span> <span class=\"dictionary\"><\/span>and<span class=\"dictionary\"><\/span> <span class=\"dictionary\"><\/span>related<span class=\"dictionary\"><\/span> <span class=\"dictionary\"><\/span>equipment<span class=\"dictionary\"><\/span> <span class=\"dictionary\"><\/span>for<span class=\"dictionary\"><\/span> <span class=\"dictionary\"><\/span>the<span class=\"dictionary\"><\/span> <span class=\"dictionary\"><\/span>use<span class=\"dictionary\"><\/span> <span class=\"dictionary\"><\/span>of<span class=\"dictionary\"><\/span> <span class=\"dictionary\"><\/span>officers<span class=\"dictionary\"><\/span> <span class=\"dictionary\"><\/span>and<span class=\"dictionary\"><\/span><br \/>\n<span class=\"dictionary\"><\/span>other<span class=\"dictionary\"><\/span> <span class=\"dictionary\"><\/span>agencies<span class=\"dictionary\"><\/span> <span class=\"dictionary\"><\/span>of<span class=\"dictionary\"><\/span> <span class=\"dictionary\"><\/span>the<span class=\"dictionary\"><\/span> <span class=\"dictionary\"><\/span>City<span class=\"dictionary\"><\/span>; <span class=\"dictionary\"><\/span>and<span class=\"dictionary\"><\/span><\/p>\n<p>    (<span class=\"dictionary\"><\/span>v<span class=\"dictionary\"><\/span>) <span class=\"dictionary\"><\/span>the<span class=\"dictionary\"><\/span> <span class=\"dictionary\"><\/span>maintenance<span class=\"dictionary\"><\/span> <span class=\"dictionary\"><\/span>or<span class=\"dictionary\"><\/span> <span class=\"dictionary\"><\/span>the<span class=\"dictionary\"><\/span> <span class=\"dictionary\"><\/span>hiring<span class=\"dictionary\"><\/span> <span class=\"dictionary\"><\/span>of<span class=\"dictionary\"><\/span> <span class=\"dictionary\"><\/span>any<span class=\"dictionary\"><\/span> <span class=\"dictionary\"><\/span>hauling<span class=\"dictionary\"><\/span> <span class=\"dictionary\"><\/span>or<span class=\"dictionary\"><\/span> <span class=\"dictionary\"><\/span>passenger<span class=\"dictionary\"><\/span> <span class=\"dictionary\"><\/span>service<span class=\"dictionary\"><\/span> <span class=\"dictionary\"><\/span>needed<span class=\"dictionary\"><\/span> <span class=\"dictionary\"><\/span>by<span class=\"dictionary\"><\/span> <span class=\"dictionary\"><\/span>any<span class=\"dictionary\"><\/span><br \/>\n<span class=\"dictionary\"><\/span>municipal<span class=\"dictionary\"><\/span> <span class=\"dictionary\"><\/span>agency<span class=\"dictionary\"><\/span>.<\/p>\n<p>  (<span class=\"dictionary\"><\/span>2<span class=\"dictionary\"><\/span>)<span class=\"dictionary\"><\/span>This<span class=\"dictionary\"><\/span> <span class=\"dictionary\"><\/span>subsection<span class=\"dictionary\"><\/span> <span class=\"dictionary\"><\/span>does<span class=\"dictionary\"><\/span> <span class=\"dictionary\"><\/span>not<span class=\"dictionary\"><\/span> <span class=\"dictionary\"><\/span>apply<span class=\"dictionary\"><\/span> <span class=\"dictionary\"><\/span>to<span class=\"dictionary\"><\/span> <span class=\"dictionary\"><\/span>motor<span class=\"dictionary\"><\/span> <span class=\"dictionary\"><\/span>vehicles<span class=\"dictionary\"><\/span> <span class=\"dictionary\"><\/span>and<span class=\"dictionary\"><\/span> <span class=\"dictionary\"><\/span>related<span class=\"dictionary\"><\/span> <span class=\"dictionary\"><\/span>equipment<span class=\"dictionary\"><\/span> <span class=\"dictionary\"><\/span>of<span class=\"dictionary\"><\/span> <span class=\"dictionary\"><\/span>the<span class=\"dictionary\"><\/span> <span class=\"dictionary\"><\/span>Baltimore<span class=\"dictionary\"><\/span> <span class=\"dictionary\"><\/span>City<span class=\"dictionary\"><\/span><br \/>\n<span class=\"dictionary\"><\/span>Public<span class=\"dictionary\"><\/span> <span class=\"dictionary\"><\/span>School<span class=\"dictionary\"><\/span> <span class=\"dictionary\"><\/span>System<span class=\"dictionary\"><\/span>, <span class=\"dictionary\"><\/span>except<span class=\"dictionary\"><\/span> <span class=\"dictionary\"><\/span>to<span class=\"dictionary\"><\/span> <span class=\"dictionary\"><\/span>the<span class=\"dictionary\"><\/span> <span class=\"dictionary\"><\/span>extent<span class=\"dictionary\"><\/span> <span class=\"dictionary\"><\/span>requested<span class=\"dictionary\"><\/span> <span class=\"dictionary\"><\/span>by<span class=\"dictionary\"><\/span> <span class=\"dictionary\"><\/span>that<span class=\"dictionary\"><\/span> <span class=\"dictionary\"><\/span>department<span class=\"dictionary\"><\/span> <span class=\"dictionary\"><\/span>and<span class=\"dictionary\"><\/span> <span class=\"dictionary\"><\/span>agreed<span class=\"dictionary\"><\/span> <span class=\"dictionary\"><\/span>to<span class=\"dictionary\"><\/span> <span class=\"dictionary\"><\/span>by<span class=\"dictionary\"><\/span> <span class=\"dictionary\"><\/span>the<span class=\"dictionary\"><\/span><br \/>\n<span class=\"dictionary\"><\/span>Department<span class=\"dictionary\"><\/span> <span class=\"dictionary\"><\/span>of<span class=\"dictionary\"><\/span> <span class=\"dictionary\"><\/span>General<span class=\"dictionary\"><\/span> <span class=\"dictionary\"><\/span>Services<span class=\"dictionary\"><\/span>.<br \/>\n (<span class=\"dictionary\"><\/span>h<span class=\"dictionary\"><\/span>)  <span class=\"dictionary\"><\/span>Assistance<span class=\"dictionary\"><\/span> <span class=\"dictionary\"><\/span>to<span class=\"dictionary\"><\/span> <span class=\"dictionary\"><\/span>other<span class=\"dictionary\"><\/span> <span class=\"dictionary\"><\/span>agencies<span class=\"dictionary\"><\/span>.<\/p>\n<p><span class=\"dictionary\"><\/span>On<span class=\"dictionary\"><\/span> <span class=\"dictionary\"><\/span>the<span class=\"dictionary\"><\/span> <span class=\"dictionary\"><\/span>request<span class=\"dictionary\"><\/span> <span class=\"dictionary\"><\/span>of<span class=\"dictionary\"><\/span> <span class=\"dictionary\"><\/span>the<span class=\"dictionary\"><\/span> <span class=\"dictionary\"><\/span>head<span class=\"dictionary\"><\/span> <span class=\"dictionary\"><\/span>of<span class=\"dictionary\"><\/span> <span class=\"dictionary\"><\/span>a<span class=\"dictionary\"><\/span> <span class=\"dictionary\"><\/span>municipal<span class=\"dictionary\"><\/span> <span class=\"dictionary\"><\/span>agency<span class=\"dictionary\"><\/span>, <span class=\"dictionary\"><\/span>the<span class=\"dictionary\"><\/span> <span class=\"dictionary\"><\/span>Director<span class=\"dictionary\"><\/span> <span class=\"dictionary\"><\/span>shall<span class=\"dictionary\"><\/span>:<\/p>\n<p>  (<span class=\"dictionary\"><\/span>1<span class=\"dictionary\"><\/span>)<span class=\"dictionary\"><\/span>supply<span class=\"dictionary\"><\/span> <span class=\"dictionary\"><\/span>estimates<span class=\"dictionary\"><\/span> <span class=\"dictionary\"><\/span>of<span class=\"dictionary\"><\/span> <span class=\"dictionary\"><\/span>the<span class=\"dictionary\"><\/span> <span class=\"dictionary\"><\/span>cost<span class=\"dictionary\"><\/span> <span class=\"dictionary\"><\/span>of<span class=\"dictionary\"><\/span> <span class=\"dictionary\"><\/span>work<span class=\"dictionary\"><\/span> <span class=\"dictionary\"><\/span>for<span class=\"dictionary\"><\/span> <span class=\"dictionary\"><\/span>building<span class=\"dictionary\"><\/span> <span class=\"dictionary\"><\/span>improvements<span class=\"dictionary\"><\/span> <span class=\"dictionary\"><\/span>and<span class=\"dictionary\"><\/span> <span class=\"dictionary\"><\/span>vehicles<span class=\"dictionary\"><\/span> <span class=\"dictionary\"><\/span>to<span class=\"dictionary\"><\/span> <span class=\"dictionary\"><\/span>be<span class=\"dictionary\"><\/span> <span class=\"dictionary\"><\/span>done<span class=\"dictionary\"><\/span><br \/>\n<span class=\"dictionary\"><\/span>for<span class=\"dictionary\"><\/span> <span class=\"dictionary\"><\/span>that<span class=\"dictionary\"><\/span> <span class=\"dictionary\"><\/span>agency<span class=\"dictionary\"><\/span> <span class=\"dictionary\"><\/span>during<span class=\"dictionary\"><\/span> <span class=\"dictionary\"><\/span>the<span class=\"dictionary\"><\/span> <span class=\"dictionary\"><\/span>next<span class=\"dictionary\"><\/span> <span class=\"dictionary\"><\/span>fiscal<span class=\"dictionary\"><\/span> <span class=\"dictionary\"><\/span>year<span class=\"dictionary\"><\/span>; <span class=\"dictionary\"><\/span>and<span class=\"dictionary\"><\/span><\/p>\n<p>  (<span class=\"dictionary\"><\/span>2<span class=\"dictionary\"><\/span>)<span class=\"dictionary\"><\/span>perform<span class=\"dictionary\"><\/span> <span class=\"dictionary\"><\/span>services<span class=\"dictionary\"><\/span> <span class=\"dictionary\"><\/span>for<span class=\"dictionary\"><\/span> <span class=\"dictionary\"><\/span>the<span class=\"dictionary\"><\/span> <span class=\"dictionary\"><\/span>municipal<span class=\"dictionary\"><\/span> <span class=\"dictionary\"><\/span>agency<span class=\"dictionary\"><\/span> <span class=\"dictionary\"><\/span>of<span class=\"dictionary\"><\/span> <span class=\"dictionary\"><\/span>the<span class=\"dictionary\"><\/span> <span class=\"dictionary\"><\/span>same<span class=\"dictionary\"><\/span> <span class=\"dictionary\"><\/span>general<span class=\"dictionary\"><\/span> <span class=\"dictionary\"><\/span>character<span class=\"dictionary\"><\/span> <span class=\"dictionary\"><\/span>as<span class=\"dictionary\"><\/span> <span class=\"dictionary\"><\/span>those<span class=\"dictionary\"><\/span> <span class=\"dictionary\"><\/span>carried<span class=\"dictionary\"><\/span><br \/>\n<span class=\"dictionary\"><\/span>on<span class=\"dictionary\"><\/span> <span class=\"dictionary\"><\/span>by<span class=\"dictionary\"><\/span> <span class=\"dictionary\"><\/span>the<span class=\"dictionary\"><\/span> <span class=\"dictionary\"><\/span>Department<span class=\"dictionary\"><\/span>, <span class=\"dictionary\"><\/span>the<span class=\"dictionary\"><\/span> <span class=\"dictionary\"><\/span>cost<span class=\"dictionary\"><\/span> <span class=\"dictionary\"><\/span>of<span class=\"dictionary\"><\/span> <span class=\"dictionary\"><\/span>which<span class=\"dictionary\"><\/span> <span class=\"dictionary\"><\/span>shall<span class=\"dictionary\"><\/span> <span class=\"dictionary\"><\/span>be<span class=\"dictionary\"><\/span> <span class=\"dictionary\"><\/span>charged<span class=\"dictionary\"><\/span> <span class=\"dictionary\"><\/span>to<span class=\"dictionary\"><\/span> <span class=\"dictionary\"><\/span>the<span class=\"dictionary\"><\/span> <span class=\"dictionary\"><\/span>agency<span class=\"dictionary\"><\/span> <span class=\"dictionary\"><\/span>requesting<span class=\"dictionary\"><\/span> <span class=\"dictionary\"><\/span>the<span class=\"dictionary\"><\/span><br \/>\n<span class=\"dictionary\"><\/span>services<span class=\"dictionary\"><\/span> <span class=\"dictionary\"><\/span>and<span class=\"dictionary\"><\/span> <span class=\"dictionary\"><\/span>shall<span class=\"dictionary\"><\/span> <span class=\"dictionary\"><\/span>be<span class=\"dictionary\"><\/span> <span class=\"dictionary\"><\/span>paid<span class=\"dictionary\"><\/span> <span class=\"dictionary\"><\/span>out<span class=\"dictionary\"><\/span> <span class=\"dictionary\"><\/span>of<span class=\"dictionary\"><\/span> <span class=\"dictionary\"><\/span>the<span class=\"dictionary\"><\/span> <span class=\"dictionary\"><\/span>funds<span class=\"dictionary\"><\/span> <span class=\"dictionary\"><\/span>appropriated<span class=\"dictionary\"><\/span> <span class=\"dictionary\"><\/span>to<span class=\"dictionary\"><\/span> <span class=\"dictionary\"><\/span>it<span class=\"dictionary\"><\/span>.<\/p>\n<p> (<span class=\"dictionary\"><\/span>i<span class=\"dictionary\"><\/span>)  <span class=\"dictionary\"><\/span>Additional<span class=\"dictionary\"><\/span> <span class=\"dictionary\"><\/span>powers<span class=\"dictionary\"><\/span> <span class=\"dictionary\"><\/span>and<span class=\"dictionary\"><\/span> <span class=\"dictionary\"><\/span>duties<span class=\"dictionary\"><\/span>. <\/p>\n<p><span class=\"dictionary\"><\/span>The<span class=\"dictionary\"><\/span> <span class=\"dictionary\"><\/span>Department<span class=\"dictionary\"><\/span> <span class=\"dictionary\"><\/span>has<span class=\"dictionary\"><\/span> <span class=\"dictionary\"><\/span>the<span class=\"dictionary\"><\/span> <span class=\"dictionary\"><\/span>additional<span class=\"dictionary\"><\/span> <span class=\"dictionary\"><\/span>powers<span class=\"dictionary\"><\/span> <span class=\"dictionary\"><\/span>and<span class=\"dictionary\"><\/span> <span class=\"dictionary\"><\/span>duties<span class=\"dictionary\"><\/span> <span class=\"dictionary\"><\/span>as<span class=\"dictionary\"><\/span> <span class=\"dictionary\"><\/span>are<span class=\"dictionary\"><\/span> <span class=\"dictionary\"><\/span>prescribed<span class=\"dictionary\"><\/span> <span class=\"dictionary\"><\/span>by<span class=\"dictionary\"><\/span> <span class=\"dictionary\"><\/span>law<span class=\"dictionary\"><\/span>.<br \/>\n(<span class=\"dictionary\"><\/span>Res<span class=\"dictionary\"><\/span>. <span class=\"dictionary\"><\/span>08<span class=\"dictionary\"><\/span>-<span class=\"dictionary\"><\/span>003<span class=\"dictionary\"><\/span>, <span class=\"dictionary\"><\/span>ratified<span class=\"dictionary\"><\/span> <span class=\"dictionary\"><\/span>November<span class=\"dictionary\"><\/span> <span class=\"dictionary\"><\/span>4<span class=\"dictionary\"><\/span>, <span class=\"dictionary\"><\/span>2008<span class=\"dictionary\"><\/span>.)<\/p>\n<\/p><\/section>","plain_text":"                              BALTIMORE CITY CHARTER\n\nPOWERS AND DUTIES OF DEPARTMENT. (\u00a7 VIII-132)\n\n(a)  In general.\nThe Department has the powers and duties specified in this section.\n (b)  Supervision of municipal buildings, related improvements. \n(1)Unless otherwise provided by this Charter, the Director shall supervise all\nmunicipal\nbuildings and related improvements made in Baltimore City or elsewhere by or for\nthe City or\nany municipal agency.\n  (2)All plans and specifications for these municipal buildings and related\nimprovements,\nincluding those involving engineering questions, shall be submitted to the\nDirector for\napproval.\n(c)  Construction, maintenance, etc., of buildings, related improvements. \n(1)Unless otherwise provided by this Charter, the Department has charge of the\nconstruction,\ndemolition, alteration, operation and maintenance of all municipal buildings and\nrelated\nimprovements.\n(2)To carry out these activities, the Director may enter and occupy any\nmunicipal property after\ngiving due notice to the agency having control of the property.  The Director\nshall restore any\nproperty so entered to the condition in which it was before the entry.\n (d)  System of uniform property identification.\n(1)The Department shall maintain a system for the uniform identification of all\nreal property\nwithin Baltimore City.\n  (2)The system shall identify each parcel of real property by a symbol.  That\nsymbol shall be used\nby every municipal agency to identify that parcel, until it is subdivided or the\nsymbol is\nchanged by the Department.\n  (3)The failure of the Department or of any other municipal agency to identify\na parcel of\nproperty by its symbol does not affect the validity of any assessment or charge\notherwise\nproperly made.\n (e)  Plats and records \u2013 properties.\n(1)The Department shall maintain adequate plats and other records of all parcels\nof real property\nwithin Baltimore City.\n  (2)These plats and records shall include:\n    (i)the ownership of each parcel; and\n    (ii)the symbol by which each parcel is identified.\n  (3)These plats and records shall be the official plats and records to be used\nby all municipal\nagencies to identify and determine the location of every parcel of real property\nwithin\nBaltimore City.\n (f)  Plats and records \u2013 underground structures.\nThe Department shall maintain plats and records of tunnels, pipes, mains,\nsewers, conduits, and\nother underground structures, both public and private.\n (g)  Fleet management.\n(1)The Department is responsible for:\n    (i)the maintenance, repair, and operation of all motor vehicles and related\nequipment\nowned by the City, whether held for general service or assigned for the use of a\nparticular office or agency, \n    (ii)the maintenance and operation of related garages, depots, and shops;\n    (iii) the inspection of all City vehicles and related equipment and the\nkeeping of proper\nrecords about how these vehicles and equipment are handled and operated;\n    (iv) the assignment of these vehicles and related equipment for the use of\nofficers and\nother agencies of the City; and\n    (v) the maintenance or the hiring of any hauling or passenger service needed\nby any\nmunicipal agency.\n  (2)This subsection does not apply to motor vehicles and related equipment of\nthe Baltimore City\nPublic School System, except to the extent requested by that department and\nagreed to by the\nDepartment of General Services.\n (h)  Assistance to other agencies.\nOn the request of the head of a municipal agency, the Director shall:\n  (1)supply estimates of the cost of work for building improvements and vehicles\nto be done\nfor that agency during the next fiscal year; and\n  (2)perform services for the municipal agency of the same general character as\nthose carried\non by the Department, the cost of which shall be charged to the agency\nrequesting the\nservices and shall be paid out of the funds appropriated to it.\n (i)  Additional powers and duties. \nThe Department has the additional powers and duties as are prescribed by law.\n(Res. 08-003, ratified November 4, 2008.)\n","previous_section":{"id":"272","structure_id":"9","section_number":"VIII-131","catch_line":"Director of General Services.","url":"http:\/\/charter.baltimorecode.localhost\/VIII-131\/","api_url":"http:\/\/charter.baltimorecode.localhost\/api\/law\/VIII-131\/"},"text":{"0":{"id":"273","text":"(a)  In general.\nThe Department has the powers and duties specified in this section.\n (b)  Supervision of municipal buildings, related improvements. \n(1)Unless otherwise provided by this Charter, the Director shall supervise all municipal\nbuildings and related improvements made in Baltimore City or elsewhere by or for the City or\nany municipal agency.\n  (2)All plans and specifications for these municipal buildings and related improvements,\nincluding those involving engineering questions, shall be submitted to the Director for\napproval.\n(c)  Construction, maintenance, etc., of buildings, related improvements. \n(1)Unless otherwise provided by this Charter, the Department has charge of the construction,\ndemolition, alteration, operation and maintenance of all municipal buildings and related\nimprovements.\n(2)To carry out these activities, the Director may enter and occupy any municipal property after\ngiving due notice to the agency having control of the property.  The Director shall restore any\nproperty so entered to the condition in which it was before the entry.\n (d)  System of uniform property identification.\n(1)The Department shall maintain a system for the uniform identification of all real property\nwithin Baltimore City.\n  (2)The system shall identify each parcel of real property by a symbol.  That symbol shall be used\nby every municipal agency to identify that parcel, until it is subdivided or the symbol is\nchanged by the Department.\n  (3)The failure of the Department or of any other municipal agency to identify a parcel of\nproperty by its symbol does not affect the validity of any assessment or charge otherwise\nproperly made.\n (e)  Plats and records \u2013 properties.\n(1)The Department shall maintain adequate plats and other records of all parcels of real property\nwithin Baltimore City.\n  (2)These plats and records shall include:\n    (i)the ownership of each parcel; and\n    (ii)the symbol by which each parcel is identified.\n  (3)These plats and records shall be the official plats and records to be used by all municipal\nagencies to identify and determine the location of every parcel of real property within\nBaltimore City.\n (f)  Plats and records \u2013 underground structures.\nThe Department shall maintain plats and records of tunnels, pipes, mains, sewers, conduits, and\nother underground structures, both public and private.\n (g)  Fleet management.\n(1)The Department is responsible for:\n    (i)the maintenance, repair, and operation of all motor vehicles and related equipment\nowned by the City, whether held for general service or assigned for the use of a\nparticular office or agency, \n    (ii)the maintenance and operation of related garages, depots, and shops;\n    (iii) the inspection of all City vehicles and related equipment and the keeping of proper\nrecords about how these vehicles and equipment are handled and operated;\n    (iv) the assignment of these vehicles and related equipment for the use of officers and\nother agencies of the City; and\n    (v) the maintenance or the hiring of any hauling or passenger service needed by any\nmunicipal agency.\n  (2)This subsection does not apply to motor vehicles and related equipment of the Baltimore City\nPublic School System, except to the extent requested by that department and agreed to by the\nDepartment of General Services.\n (h)  Assistance to other agencies.\nOn the request of the head of a municipal agency, the Director shall:\n  (1)supply estimates of the cost of work for building improvements and vehicles to be done\nfor that agency during the next fiscal year; and\n  (2)perform services for the municipal agency of the same general character as those carried\non by the Department, the cost of which shall be charged to the agency requesting the\nservices and shall be paid out of the funds appropriated to it.\n (i)  Additional powers and duties. \nThe Department has the additional powers and duties as are prescribed by law.\n(Res. 08-003, ratified November 4, 2008.)\n","type":"section","prefixes":[""],"prefix":"","entire_prefix":"","prefix_anchor":"","level":1}}}